filename,seg_ok,seg_reason,Normal,Chromatin,Dohle,Hypergranulation,Hypersegmentation,Hypogranulation,Hyposegmentation,nuclear_lobulation_degree,nuclear_contour_irregularity,nucleus_to_cytoplasm_ratio,chromatin_condensation_level,chromatin_clumping_pattern,cytoplasmic_granule_density,granule_coarseness,cytoplasmic_texture_uniformity,cytoplasm_basophilia_level,cytoplasmic_inclusion_visibility,lobe_count,nc_ratio_raw,granule_count
MO_181458.jpg,1,,0,0,1,0,0,0,0,0.59999999988,0.9055541325924622,0.07483002719362866,0.1426343721860059,0.2525730617336279,0.1713392515816816,0.31206293695891607,0.6166859210703268,0.4931904944897766,0.044827996069353525,4,0.42721104630399875,286
MO_181505.jpg,1,,0,0,1,0,0,0,0,0.0,0.33336483317413645,0.42500775718602357,0.1254368579344858,0.21381139103499158,0.10973505730116928,0.3225190838619593,0.4312843692269728,0.40566788298163337,0.5179854238897825,1,1.0225131876412479,131
MO_181511.jpg,1,,0,0,1,0,0,0,0,0.19999999996,0.8067082989914887,0.0009148730881374086,0.15126090669502504,0.18540994437089106,0.13105791177043274,0.27756653983143215,0.6288110858901195,0.5040013759121589,0.6113594058301572,2,0.30155528425074846,263
SNE_10106725.jpg,1,,1,0,0,0,0,0,0,0.19999999996,0.5436551680198325,0.0,0.1494303757731218,0.4538567082936592,0.13189863786649011,0.25548245605519004,0.8803176310293096,0.4344599825596188,0.0,2,0.21516223281561694,228
SNE_10106727.jpg,1,,1,0,0,0,0,0,0,0.59999999988,0.8984543108614114,0.013666072481554731,0.14395829112617942,0.4311302921810422,0.24080172882083845,0.20196078424640523,0.8087249012158948,0.47029154415666197,0.0,4,0.3232323232323091,255
SNE_10106729.jpg,1,,1,0,0,0,0,0,0,0.59999999988,0.8104936861009051,0.0,0.14754097923745868,0.3885987207343179,0.1113257357835529,0.3339843748886719,0.8440591091184576,0.42398830856862724,0.023868512746886,4,0.1737691352916797,256
SNE_10106730.jpg,1,,1,0,0,0,0,0,0,0.59999999988,0.7434019557074045,0.0,0.15386923548901657,0.34744677668829105,0.1326420414472312,0.25133689831194295,0.8817482357470505,0.47201617874807406,0.0,4,0.245133842852293,187
SNE_10106731.jpg,1,,1,0,0,0,0,0,0,0.39999999992,0.5715527196469312,0.0024560250430835876,0.1601884996040106,0.4269079480505271,0.15628530306988142,0.2083333332638889,0.8418648044940844,0.43595744881236437,0.0,3,0.3041752425756981,162
SNE_10106732.jpg,1,,1,0,0,0,0,0,0,0.59999999988,0.562082105545758,0.0,0.15176174060223577,0.13379557819425067,0.13525222646259796,0.26069518707887696,0.8033335961247948,0.4253969877496876,0.0,4,0.26485186316431486,187
SNE_10106733.jpg,1,,1,0,0,0,0,0,0,0.59999999988,0.8144648227856941,0.0,0.1587683765691588,0.37176255363490524,0.19520343917112415,0.20072115377924676,0.908268585944963,0.4726865586843611,0.0,4,0.2881463370460795,208
SNE_10106735.jpg,1,,1,0,0,0,0,0,0,0.79999999984,0.8543675544175411,0.0,0.161111168985055,0.4315213600485747,0.13600405603002633,0.2529644267931489,0.8681027016184162,0.42992127756604764,0.0,5,0.17894885961183798,253
SNE_10106736.jpg,1,,1,0,0,0,0,0,0,0.59999999988,0.7660908203417004,0.0,0.16299966622469828,0.4748368689731408,0.12103863426929258,0.22512437803441127,0.7891527176555848,0.4183646408752467,0.0,4,0.20960698689955642,201
SNE_10106737.jpg,1,,1,0,0,0,0,0,0,0.59999999988,0.7758815025457269,0.08963693605327686,0.1756090022011664,0.5019325580475118,0.2075384258646111,0.18945312493684896,0.837719327829781,0.4829186051453622,0.0,4,0.4523827913802076,128
SNE_10106739.jpg,1,,1,0,0,0,0,0,0,0.59999999988,0.6166829372814056,0.0,0.15096973961351218,0.4987441182651008,0.11351257638213866,0.2910628018353462,0.8185935180840613,0.4189998437052643,0.0,4,0.20852777015279814,207
SNE_10106740.jpg,1,,1,0,0,0,0,0,0,0.39999999992,0.7330807000989511,0.0,0.14412493544006158,0.3669144497844564,0.2499866220440477,0.2309451218742378,0.8416699971295432,0.5234220206681065,0.0,3,0.2598955229113256,328
SNE_10106741.jpg,1,,1,0,0,0,0,0,0,0.39999999992,0.6284040696544023,0.09771455746362492,0.1432976001686577,0.45533209212061143,0.21758574331100886,0.18593749993802083,0.9275439322969098,0.44296945502764923,0.23624694846085423,3,0.4661147477858769,160
SNE_10106742.jpg,1,,1,0,0,0,0,0,0,0.59999999988,0.7167059680320023,0.0,0.14765752877495972,0.36089767456437405,0.10174695964466958,0.27450980383006535,0.7983933321875368,0.43014900514719623,0.0,4,0.16481089537130386,255
SNE_10106743.jpg,1,,1,0,0,0,0,0,0,0.79999999984,0.7702172948840965,0.0,0.1472403744041669,0.34774023221516737,0.1353503344975448,0.28013392847805063,0.8656832775765095,0.46714027222975757,0.0,5,0.21933796798264496,224
SNE_10106745.jpg,1,,1,0,0,0,0,0,0,0.59999999988,0.7200407929120057,0.0,0.15394576143027106,0.18877423343307553,0.09721560454057752,0.26958525336635947,0.852854229752736,0.4114137448981559,0.0,4,0.16972368731795195,217
SNE_10106747.jpg,1,,1,0,0,0,0,0,0,0.59999999988,0.4911674161516042,0.0,0.166959695167903,0.46765529531570527,0.10322462952360244,0.2642045453664773,0.7789060721248208,0.47613387542275365,0.0,4,0.21173065921862194,176
SNE_10106749.jpg,1,,1,0,0,0,0,0,0,0.79999999984,0.5154982152388055,0.0,0.1391136238830935,0.40908954044062285,0.14427928986903424,0.24170124473271096,0.862827164665869,0.4279670565686752,0.18917038992680113,5,0.2374254843517065,241
SNE_10106752.jpg,1,,1,0,0,0,0,0,0,0.39999999992,0.6796124666126494,0.0,0.14321038139982567,0.15779089155380077,0.07440237581256837,0.35444444432629635,0.8186611258874538,0.41086693659283563,0.0,3,0.15625402274189754,225
SNE_10106753.jpg,1,,1,0,0,0,0,0,0,0.59999999988,0.6718610315421497,0.0007410669211210521,0.15694707478289235,0.14290763685985391,0.18880870240465975,0.2039800994344942,0.903792175960118,0.45977031700911863,0.0,4,0.30125981376664684,201
SNE_10106754.jpg,1,,1,0,0,0,0,0,0,0.39999999992,0.7545026606044516,0.03804674773632554,0.1677803752032036,0.3908622085669319,0.19188405034007588,0.22818791938702457,0.738253223342133,0.516639906085029,0.0,3,0.36467947118980015,149
SNE_10106755.jpg,1,,1,0,0,0,0,0,0,0.59999999988,0.542434764102223,0.05281887348632529,0.15907971528204837,0.4151341495556601,0.20474805769915982,0.2350993376699779,0.7931807309405072,0.42199345234318336,0.0084677331167917,4,0.38979208497957185,151
SNE_10106756.jpg,1,,1,0,0,0,0,0,0,0.39999999992,0.370516425409834,0.0,0.15237428038920395,0.6049058316966451,0.15212868772043345,0.2312499999229167,0.8523028219558473,0.4411257128517561,0.16831621313081357,3,0.26676781823839607,200
SNE_10106758.jpg,1,,1,0,0,0,0,0,0,0.59999999988,0.7829855443419873,0.0,0.1457776499012088,0.3372508044107264,0.09771488119740473,0.2977941175477941,0.7549070774473108,0.40829440487003493,0.0,4,0.20306942616293158,204
SNE_10106761.jpg,1,,1,0,0,0,0,0,0,0.79999999984,0.698293598472356,0.0,0.16488182293072035,0.4893845756793984,0.0765903318853965,0.22765363120903168,0.8467501078100218,0.40343808444234525,0.07195932566203286,5,0.16379996159437732,179
SNE_10106762.jpg,1,,1,0,0,0,0,0,0,0.0,0.11778520403605694,0.26993148290138164,0.145201658732005,0.4557442178832017,0.42481001208548785,0.2144970413486193,0.8923528755154658,0.5227640924200359,0.0,1,0.7588835212022803,169
SNE_10106763.jpg,1,,1,0,0,0,0,0,0,0.39999999992,0.6121686232831984,0.0,0.15319973093213055,0.48126439166740353,0.1397169061632411,0.23598130833255448,0.8459022008842068,0.4173223915102161,0.07268711336013674,3,0.2307876221053272,214
SNE_10106765.jpg,1,,1,0,0,0,0,0,0,0.59999999988,0.7798961581326789,0.0,0.1545896649314797,0.4439712130428483,0.117525720230644,0.24999999991666666,0.7730607670794254,0.44886537365001894,0.0,4,0.21014426449506787,212
SNE_10106766.jpg,1,,1,0,0,0,0,0,0,0.59999999988,0.4647277981313696,0.0,0.1845900745852997,0.3272971467951513,0.19174353114527007,0.23546511620058136,0.7955713156183424,0.5174563898115603,0.0,4,0.28355469171794173,172
SNE_10106768.jpg,1,,1,0,0,0,0,0,0,0.39999999992,0.4489826161279934,0.0,0.15220210901831735,0.4457669756496855,0.10303260404463782,0.3887195120655487,0.6780892567854949,0.4516334724554539,0.0,3,0.25637511271414765,164
SNE_10106770.jpg,1,,1,0,0,0,0,0,0,0.59999999988,0.30047938034210886,0.0,0.15747629676105615,0.44774085500949984,0.13338867201094068,0.29271356774162477,0.8009991829625328,0.44431109564445065,0.0,4,0.22847399829496204,199
SNE_10106771.jpg,1,,1,0,0,0,0,0,0,0.39999999992,0.30547237329527044,0.0,0.17381704278821988,0.5418222698488173,0.11294816039185036,0.28042328032980596,0.7937466249396035,0.4433040166951624,0.0,3,0.19169052533456982,189
SNE_10106772.jpg,1,,1,0,0,0,0,0,0,0.59999999988,0.8974105594605123,0.0,0.1561750947490064,0.2252785178886407,0.12425790883830087,0.30758426956039325,0.7485937785325212,0.4560745419839899,0.006845159331207436,4,0.26373626373625375,178
SNE_10106773.jpg,1,,1,0,0,0,0,0,0,0.59999999988,0.6151569934578975,0.0,0.15874751335389017,0.31744046179990854,0.19535948058724506,0.2628755363930615,0.8935833967912518,0.5162176709204088,0.0,4,0.26746208291202156,233
SNE_10106774.jpg,1,,1,0,0,0,0,0,0,0.79999999984,0.6342668898883674,0.0,0.13818935960468823,0.34981662447205414,0.11417860160922641,0.3171936757835968,0.8341699946183796,0.4314890939944444,0.0,5,0.20053616616139605,253
SNE_10106775.jpg,1,,1,0,0,0,0,0,0,0.59999999988,0.8805996192224508,0.0,0.1665147300859355,0.43869371271919433,0.18295306486129442,0.250803858437299,0.8743966100704725,0.48888805881085834,0.03158702702078654,4,0.18405296488197515,311
SNE_10106779.jpg,1,,1,0,0,0,0,0,0,0.59999999988,0.8820024492064817,0.0875028577203781,0.1604865382235716,0.35867412101896634,0.2788253922244563,0.21142857135809526,0.8184289106201841,0.5163014777184433,0.0,4,0.4487548582121456,175
SNE_10106780.jpg,1,,1,0,0,0,0,0,0,0.9999999998,0.6327936606252883,0.0,0.15275314975888846,0.5681143795763985,0.08814662498599911,0.30452127649423755,0.7978338768416633,0.42467530094180866,0.0,6,0.19762114788150706,188
SNE_10106781.jpg,1,,1,0,0,0,0,0,0,1.0,0.8915277767989582,0.23000032867142053,0.1656417073916598,0.3612948981327153,0.37395192839411856,0.17931034476781607,0.8174845947777829,0.5242270490450778,0.0,7,0.6910005589714152,145
SNE_10106782.jpg,1,,1,0,0,0,0,0,0,0.79999999984,0.9110198483906571,0.028015799843080134,0.1623755664609032,0.3309233724871482,0.18258337475076789,0.2563291138386076,0.8142407746821727,0.46653921662654874,0.0,5,0.347626859761252,158
SNE_10106784.jpg,1,,1,0,0,0,0,0,0,0.79999999984,0.8177678077972064,0.008992562536957897,0.18331976469015188,0.3998802303002631,0.16969147003720372,0.2653061223605442,0.8685302980857045,0.48093142613920187,0.0,5,0.315287356321821,147
SNE_10106785.jpg,1,,1,0,0,0,0,0,0,0.59999999988,0.7127077498563583,0.07377270942480496,0.1649909532797236,0.4303107128313166,0.22918781815052822,0.20352564095779915,0.7579070412587161,0.5117116406572828,0.0,4,0.42541360609594114,156
SNE_10106786.jpg,1,,1,0,0,0,0,0,0,0.59999999988,0.7338209715531774,0.01835600227084774,0.17281047026366173,0.37470286817935683,0.16451370549554623,0.2554744524695864,0.8053278542177018,0.4698247167224496,0.0,4,0.33120520387879715,137
SNE_10106787.jpg,1,,1,0,0,0,0,0,0,0.59999999988,0.48937064927532437,0.20501682059987422,0.16991687190791452,0.39312125470549525,0.3038954966063163,0.23770491795355192,0.8554857452737302,0.5245755422158466,0.0,4,0.648528595224803,122
SNE_10106788.jpg,1,,1,0,0,0,0,0,0,0.59999999988,0.8647378823720326,0.09257535076155568,0.1594490707406677,0.37603253319786845,0.2536917565117719,0.251524390160061,0.8229300223680757,0.5290411824241992,0.0,4,0.45737809638722,164
SNE_10106791.jpg,1,,1,0,0,0,0,0,0,0.59999999988,0.6810160182093572,0.14186349177681348,0.16965647754704455,0.41377911433771697,0.30769524459966574,0.20198675489955853,0.8395582218057193,0.5276087633845614,0.0,4,0.5411679361624464,151
SNE_10106792.jpg,1,,1,0,0,0,0,0,0,0.19999999996,0.501949491540856,0.03456518141799477,0.1560381972902201,0.5181889073286783,0.18608254760660614,0.1944444443796296,0.8657794551445829,0.4230472956472032,0.21200997011891792,2,0.3587608084451563,171
SNE_10106793.jpg,1,,1,0,0,0,0,0,0,0.39999999992,0.6710818393418203,0.02266777667059476,0.165311789909426,0.3586497926646344,0.21643154324092714,0.25263157886315785,0.8005132501568901,0.5193949279574936,0.0,3,0.33853522036267886,190
SNE_10106797.jpg,1,,1,0,0,0,0,0,0,0.59999999988,0.676039023157636,0.0,0.15954026822867212,0.20819035723120333,0.12446685220420856,0.27615062752301256,0.7790093787700874,0.43857805249505344,0.04558953215855716,4,0.19873852565185002,239
SNE_10106798.jpg,1,,1,0,0,0,0,0,0,0.59999999988,0.8198393062209712,0.06385702054398162,0.17312349943718047,0.3808144735004832,0.18098209076929372,0.23496240593671675,0.8225629019003042,0.4952499768073926,0.0,4,0.4085569349886258,133
SNE_10106799.jpg,1,,1,0,0,0,0,0,0,0.59999999988,0.6925476063678201,0.00466465846645578,0.16298392638951076,0.34629830909210596,0.1836122958423853,0.2352150536850358,0.7825505800871082,0.46919039364347875,0.0,4,0.3079299193976395,186
SNE_10106800.jpg,1,,1,0,0,0,0,0,0,0.79999999984,0.8781239847736124,0.2956972177680652,0.1675627411048785,0.4466292287324646,0.4461802788415632,0.1805555554953704,0.8017404894335929,0.5338296616160242,0.0,5,0.802685270501408,144
SNE_10106801.jpg,1,,1,0,0,0,0,0,0,0.19999999996,0.2824185195261181,0.0,0.16726179685394102,0.5103534277398902,0.15779619504289474,0.2207317072434959,0.8034350185176378,0.4682465414493007,0.0,2,0.23743027655340962,205
SNE_10106802.jpg,1,,1,0,0,0,0,0,0,0.79999999984,0.8504235880776212,0.0,0.1605775388358496,0.41380792479386475,0.17314735837209344,0.21843434336153197,0.9045771172085302,0.4800131639816653,0.0,5,0.2834301065950133,198
SNE_10106803.jpg,1,,1,0,0,0,0,0,0,0.79999999984,0.8568041862623844,0.0,0.16768958281890362,0.2898634211818695,0.07817680180447358,0.31752873552634103,0.8331702326696836,0.4342919089358808,0.07312288623161374,5,0.16900442793886106,174
SNE_10106805.jpg,1,,1,0,0,0,0,0,0,0.39999999992,0.5622767948751637,0.0,0.1681314404509693,0.19865179290578336,0.09481079246923288,0.2797927460207254,0.7757583234227514,0.4157419756450771,0.0,3,0.17632885302057724,193
SNE_10106806.jpg,1,,1,0,0,0,0,0,0,0.59999999988,0.7692802049823264,0.07812629997898382,0.18155484614948048,0.3527038859143316,0.23687105549762294,0.1982142856482143,0.7853661147896053,0.488629024301512,0.0,4,0.4328147100423988,140
SNE_10106807.jpg,1,,1,0,0,0,0,0,0,0.59999999988,0.7723316866739149,0.0,0.1690104655233358,0.2923059147578502,0.14647327497961518,0.24999999991666666,0.8281181064126487,0.43888276320179215,0.0,4,0.20347965552106959,217
SNE_10106808.jpg,1,,1,0,0,0,0,0,0,0.19999999996,0.38895233042639377,0.07890275464464797,0.1591383162306156,0.3979261817918466,0.2081955204094926,0.20035460986229311,0.9163151631109363,0.45990447899432774,0.28948872569633693,2,0.4341346829748043,141
SNE_10106812.jpg,1,,1,0,0,0,0,0,0,0.0,0.21398199126827622,0.0,0.13637153756282028,0.4996514911839688,0.09925211139921275,0.26094890502250606,0.7399671709984814,0.39404437930417835,0.0,1,0.1692084088132416,274
SNE_10106814.jpg,1,,1,0,0,0,0,0,0,0.39999999992,0.8164047383554376,0.0,0.16665895830356497,0.4077164749920154,0.11394105477223618,0.2741935482956989,0.8153748532012541,0.41079499556437093,0.0,3,0.20449208779989095,186
SNE_10106815.jpg,1,,1,0,0,0,0,0,0,0.59999999988,0.720898597495027,0.0,0.13442448334793627,0.410218876043419,0.18008700093519384,0.23816568039398422,0.8977042970810235,0.4614039670466318,0.019498879064642264,4,0.2054368017581904,338
SNE_10106816.jpg,1,,1,0,0,0,0,0,0,0.79999999984,0.5910431739501358,0.0,0.14433431452376685,0.5860247659931992,0.1611432966619725,0.2344497606874003,0.8588970700553221,0.42660181182401075,0.0,5,0.2856032338308347,209
SNE_10106817.jpg,1,,1,0,0,0,0,0,0,0.59999999988,0.7519975477992914,0.004489608725537216,0.1426481477624366,0.37561096733978616,0.17197589787624326,0.20192307685576924,0.8670915902314882,0.4769757873995265,0.12318424127916061,4,0.30763233483790287,208
SNE_10106818.jpg,1,,1,0,0,0,0,0,0,0.9999999998,0.7096615314356733,0.0,0.1599016959212062,0.4002547367919703,0.1470248511867084,0.23070469790967557,0.8957598139258437,0.46731751925767134,0.107816078810933,6,0.15983502214979992,298
SNE_10106819.jpg,1,,1,0,0,0,0,0,0,0.59999999988,0.40987953446872427,0.0782967135268036,0.15147905561790923,0.4701640693016425,0.23017195791353537,0.2411242602746548,0.832692906495305,0.4962401941816277,0.0,4,0.4331044130738628,169
SNE_10106820.jpg,1,,1,0,0,0,0,0,0,0.39999999992,0.6686442080085255,0.0,0.14754651473093938,0.40846969245567466,0.19311697112305176,0.22368421045175438,0.7781365368299187,0.46700633405652286,0.0,3,0.22510567187652855,285
SNE_10106822.jpg,1,,1,0,0,0,0,0,0,0.39999999992,0.5408842498724139,0.0,0.17179351023165376,0.4979065847419337,0.08795460561205282,0.24999999991666666,0.8302451611323582,0.41059699512378,0.1466454471652351,3,0.16671876332016236,188
SNE_10106824.jpg,1,,1,0,0,0,0,0,0,0.59999999988,0.8283154298753486,0.04120574206939448,0.14629323983329365,0.5313355252408507,0.1342470835883823,0.20437956197566906,0.7870710023169216,0.40131476411387307,0.04045891161756766,4,0.37004976155917635,137
SNE_10106825.jpg,1,,1,0,0,0,0,0,0,0.39999999992,0.6097810142112025,0.0,0.15941716509787734,0.49942891086172997,0.1810701591937346,0.21744791659418403,0.8898042110076627,0.45762935253480164,0.0,3,0.2919981498612261,192
SNE_10106828.jpg,1,,1,0,0,0,0,0,0,0.19999999996,0.31710986385981843,0.0,0.14636292565243014,0.43146694528144547,0.15138303743287126,0.26113013689925796,0.8708363304023208,0.4719853046257708,0.00802690373827553,2,0.19301739015000152,292
SNE_10106829.jpg,1,,1,0,0,0,0,0,0,0.79999999984,0.8652437682167551,0.0,0.15698006719855667,0.4393729167685977,0.13122802302232175,0.21874999992708333,0.8139121666696938,0.434758388963773,0.0,5,0.21749353397600962,208
SNE_10106830.jpg,1,,1,0,0,0,0,0,0,0.79999999984,0.8707896602107077,0.0,0.15265737363816964,0.3443504395677024,0.16622693117689355,0.23418972324209486,0.8252770040916652,0.45228337770550797,0.0,5,0.22721146576377413,253
SNE_10106832.jpg,1,,1,0,0,0,0,0,0,0.79999999984,0.8322729641335846,0.0,0.14281152356200233,0.390746962353442,0.11274216570763049,0.23923444968102073,0.8216865921615663,0.40018036031018556,0.011910918517393624,5,0.21002465572192527,209
SNE_10106833.jpg,1,,1,0,0,0,0,0,0,0.39999999992,0.5071559999117705,0.007383660915219757,0.14585763412511638,0.382692556177881,0.26742862166694775,0.2166030533629135,0.36342876128779633,0.5583151853229575,0.0,3,0.31255222356325724,262
SNE_10106834.jpg,1,,1,0,0,0,0,0,0,0.39999999992,0.32418615372874554,0.016098484839006028,0.14543614701624633,0.5297869713300971,0.2426734449557082,0.2668776370418425,0.3357544761136698,0.5503964898924839,0.0,3,0.3273674242424087,237
SNE_10106835.jpg,1,,1,0,0,0,0,0,0,0.59999999988,0.6902448253699205,0.05913924319246569,0.14998131000169412,0.3788239485270126,0.231351760674403,0.21031746024735448,0.7922378619994307,0.42992796919931714,0.0,4,0.4005367134863309,189
SNE_10106837.jpg,1,,1,0,0,0,0,0,0,0.39999999992,0.6330932032366599,0.0,0.19910561701703977,0.38375743531547857,0.13888793688030465,0.25526315780964914,0.7764951681793527,0.4788160623833543,0.0,3,0.17305703451181012,190
SNE_10106838.jpg,1,,1,0,0,0,0,0,0,0.59999999988,0.7339295474230307,0.03649374602351707,0.15143847573490438,0.3018301881884432,0.197335292893491,0.20933734932781126,0.9102051482019544,0.5003141203899071,0.0,4,0.36203936827647276,166
SNE_10106841.jpg,1,,1,0,0,0,0,0,0,0.79999999984,0.6901012196994729,0.0,0.1568706264917074,0.43183341590868873,0.16722649044159096,0.2511574073236883,0.8406628015359643,0.4383817431745826,0.0,5,0.25261081457413737,216
SNE_10106842.jpg,1,,1,0,0,0,0,0,0,0.59999999988,0.46651257876551644,0.005718996028527798,0.1645974005792258,0.4312725312667375,0.14924887012816754,0.2649999999116666,0.821479302757039,0.42976010277349047,0.0,4,0.30972229325421624,150
SNE_10106843.jpg,1,,1,0,0,0,0,0,0,0.9999999998,0.8216569759400436,1.0,0.15218086522649268,0.3562193410292025,0.8586271500827715,0.16355140181464178,0.835773398904188,0.5266739338293083,0.0,6,2.066990291261467,107
SNE_10106846.jpg,1,,1,0,0,0,0,0,0,0.9999999998,0.8112325642629712,0.0,0.14131476186158928,0.5061405841517728,0.18560615427007907,0.21799307951211072,0.8660451644099924,0.4482318883043637,0.05905251098575,6,0.2378222598126668,289
SNE_10106847.jpg,1,,1,0,0,0,0,0,0,0.59999999988,0.8337735614179372,0.0,0.1538516290079914,0.08346710199117104,0.14548088437780227,0.2511312216357466,0.8292943396061592,0.4452107228797033,0.0,4,0.2380433301539638,221
SNE_10106848.jpg,1,,1,0,0,0,0,0,0,0.59999999988,0.8448063154468912,0.015904539978114536,0.17056777060624265,0.4333131108498227,0.1892819127695281,0.20757575750656568,0.7933318507979981,0.4574143448320036,0.0,4,0.32703771797869924,165
SNE_10106849.jpg,1,,1,0,0,0,0,0,0,0.39999999992,0.5298633505509674,0.0,0.13668681459286616,0.3932251494783361,0.16596900521571498,0.2627659573592198,0.8545886970185668,0.4480012267255253,0.0,3,0.2717921527041261,235
SNE_10106850.jpg,1,,1,0,0,0,0,0,0,0.59999999988,0.839863625822117,0.0,0.15274250154304886,0.4068055062545201,0.10204614504111555,0.26605504578287464,0.8019785890029357,0.3933033834106901,0.0,4,0.18123972067189245,218
SNE_10106851.jpg,1,,1,0,0,0,0,0,0,0.59999999988,0.6228049832713796,0.0,0.14080039820946924,0.3336726847191948,0.164299671002859,0.2679856114214629,0.857692847483496,0.4294471117176354,0.0,4,0.213082671094763,278
SNE_10106852.jpg,1,,1,0,0,0,0,0,0,0.39999999992,0.49026766285212753,0.0,0.1481762518863226,0.47748350367714587,0.1367875238244276,0.2736966823732227,0.8165501654399283,0.40871769485570925,0.0,3,0.23684928703007993,211
SNE_10106853.jpg,1,,1,0,0,0,0,0,0,0.9999999998,0.8134571674803626,0.0,0.14013312011899268,0.5032829097099704,0.13397843482418023,0.21659919021120105,0.8312890402049387,0.4155337223073652,0.1297044845667274,6,0.21770211299953443,247
SNE_10106854.jpg,1,,1,0,0,0,0,0,0,0.19999999996,0.8257404840842215,0.0,0.1714134177609998,0.29840058919368073,0.17688201142496082,0.21387283229865126,0.8491487088789866,0.47762839819090186,0.0,2,0.2724339584593531,173
SNE_10106855.jpg,1,,1,0,0,0,0,0,0,0.79999999984,0.8663413798453994,0.0,0.15800618167721597,0.3429594084917601,0.17491816093316445,0.24504950486881186,0.8927911349817856,0.4775700808699195,0.10627113423648366,5,0.27520226017720667,202
SNE_10106856.jpg,1,,1,0,0,0,0,0,0,0.59999999988,0.8005040705942226,0.0,0.1600666416356857,0.09191588720373925,0.15466732868525784,0.24101796399151698,0.8734764254298543,0.44086163355314123,0.0,4,0.28301886792451497,167
SNE_10106857.jpg,1,,1,0,0,0,0,0,0,0.59999999988,0.4419506659624187,0.0,0.15241654665049698,0.354356713397906,0.128323512557299,0.23179611642758902,0.8364152560723783,0.4158456045967539,0.0,4,0.22478136057145923,206
SNE_10106858.jpg,1,,1,0,0,0,0,0,0,0.79999999984,0.6807705530392214,0.0,0.14693970870007164,0.26721610010699515,0.1658646467788827,0.2083333332638889,0.8001482232729205,0.43304179553941996,0.0,5,0.23155744456524557,252
SNE_10106859.jpg,1,,1,0,0,0,0,0,0,0.39999999992,0.7479635878275095,0.0,0.15828281657532492,0.3921315657918012,0.07924814673685174,0.3055555554537037,0.7493734273104065,0.40837091397599945,0.0,3,0.1768360588476591,171
SNE_10106860.jpg,1,,1,0,0,0,0,0,0,0.59999999988,0.4867407408026645,0.0,0.1599928086617783,0.37657156880008397,0.0922004952005875,0.305936072957382,0.7986376856270774,0.42094411889500105,0.0,4,0.15143747486931666,219
SNE_10106862.jpg,1,,1,0,0,0,0,0,0,0.39999999992,0.8173605719832786,0.3294513540999548,0.15861600389629726,0.38935833613195303,0.39752634523444685,0.14549180323019123,0.7575772174985524,0.4411132544715663,0.0,3,0.8600673022993746,122
SNE_10106863.jpg,1,,1,0,0,0,0,0,0,0.39999999992,0.7678984671976412,0.0,0.14179044030187865,0.3433509588009239,0.1540014848983011,0.18362068959396552,0.890149400838501,0.41753475175365923,0.2961524884023044,3,0.19454146698074368,290
SNE_10106864.jpg,1,,1,0,0,0,0,0,0,0.39999999992,0.664790811324693,0.0,0.16033086910811478,0.5110597263739967,0.07346358933350745,0.3003597121300959,0.7982846257974348,0.40447134362064785,0.03169361190462392,3,0.2143817435968074,139
SNE_10106865.jpg,1,,1,0,0,0,0,0,0,0.19999999996,0.5537194618137744,0.3107140465279922,0.17216548764782952,0.463441696277036,0.38147416315198734,0.19827586200287356,0.8202061775467093,0.5279819643559241,0.0,2,0.8282138794083008,116
SNE_10106866.jpg,1,,1,0,0,0,0,0,0,0.59999999988,0.5723763266390551,0.0,0.15081512791229984,0.4679905657921757,0.10879783306505447,0.3008658007655123,0.8825202548458811,0.4330547279298322,0.28705242555715726,4,0.17611599437023195,231
SNE_10106867.jpg,1,,1,0,0,0,0,0,0,0.79999999984,0.6028351864923187,0.0,0.139156168962403,0.4663146378361097,0.09543475476312237,0.25675675667117115,0.8271132775630896,0.4225847980832955,0.23017031323275663,5,0.2336070559610635,185
SNE_10106868.jpg,1,,1,0,0,0,0,0,0,0.0,0.1930240993567604,0.0,0.15083191025575232,0.43834611540729157,0.15655989599123357,0.24007936499933866,0.7928152190889017,0.43650851217812126,0.0,1,0.20671272199614502,252
SNE_10106869.jpg,1,,1,0,0,0,0,0,0,0.59999999988,0.891333332355,0.0,0.16049279224125793,0.3589606388111818,0.16893121515535484,0.17628205122329055,0.763462087861049,0.4305015232775184,0.0,4,0.2317130212643388,234
SNE_10106870.jpg,1,,1,0,0,0,0,0,0,0.59999999988,0.5223576741634708,0.0,0.1686000306348427,0.3893793117292276,0.11882887664365327,0.2683615818314501,0.8630359042256325,0.46405763731156635,0.06339787394916371,4,0.21696237944488636,177
SNE_10106871.jpg,1,,1,0,0,0,0,0,0,0.79999999984,0.7893066850160946,0.0,0.13657389156346428,0.3512657741095981,0.14797502900759993,0.24691358016460904,0.729214454257255,0.4359677925215743,0.0,5,0.24312200018821586,243
SNE_10106872.jpg,1,,1,0,0,0,0,0,0,0.59999999988,0.42590159370279,0.0,0.17013112830020694,0.47459034154498275,0.12400986162755046,0.2660714284827381,0.820093277671381,0.4450035049494526,0.0,4,0.2732415975451756,140
SNE_10106875.jpg,1,,1,0,0,0,0,0,0,0.59999999988,0.8799419649551143,0.05347920383177839,0.17104523951542286,0.3619444571567952,0.1725187893144772,0.136904761859127,0.8116652893439632,0.4145738051201909,0.0,4,0.39091464656750247,126
SNE_10106878.jpg,1,,1,0,0,0,0,0,0,0.79999999984,0.7621274324347057,0.13604927278693013,0.18694746775370308,0.27626167199811547,0.2239413975134546,0.14485981303582557,0.7253523968084741,0.47216077055077715,0.0,5,0.5312837638738305,107
SNE_10106884.jpg,1,,1,0,0,0,0,0,0,0.59999999988,0.7525711479471331,0.0,0.1841619363219761,0.30880158604483104,0.08358732482250811,0.23883928563467263,0.7558488168469021,0.4147758061693067,0.0,4,0.2509127882793247,112
SNE_10106885.jpg,1,,1,0,0,0,0,0,0,0.79999999984,0.77302059996277,0.0901264964054202,0.17468455540289776,0.3045433320568829,0.20677489900590573,0.18269230763141026,0.8435298598008705,0.48584756897575593,0.0,5,0.4532150439793408,130
SNE_10106886.jpg,1,,1,0,0,0,0,0,0,0.59999999988,0.8027301533996362,0.0,0.18878880733436584,0.07761253148602189,0.07764460655963351,0.2730263156984649,0.7839585218060218,0.41612696671362365,0.0,4,0.17590541948931163,152
SNE_10106887.jpg,1,,1,0,0,0,0,0,0,0.79999999984,0.7766791555669754,0.2923629677423937,0.18500076281993258,0.39026089074658854,0.37350478461863545,0.21052631571929822,0.782157372885639,0.5411403340947957,0.0,5,0.7970170454544322,114
SNE_10106891.jpg,1,,1,0,0,0,0,0,0,0.59999999988,0.5368679473882711,0.1706714895788982,0.17112029556384847,0.3250610336599868,0.2247823071258262,0.21296296289197528,0.8279221638903551,0.5232161510543131,0.0,4,0.5901415324547984,108
SNE_10106896.jpg,1,,1,0,0,0,0,0,0,0.79999999984,0.6542170181689735,0.26794698679058987,0.16495487779062157,0.0806024134569167,0.2899514974019063,0.23026315781798248,0.7400446234079723,0.516023344783294,0.0,5,0.7555098778119498,114
SNE_10106897.jpg,1,,1,0,0,0,0,0,0,0.79999999984,0.9803493437772925,0.09966019266489334,0.18521674258385543,0.2897617000788106,0.24159883017994183,0.19696969690404037,0.7951020293420908,0.5193587278622058,0.0,5,0.4694223276299789,132
SNE_10106898.jpg,1,,1,0,0,0,0,0,0,0.59999999988,0.5696867459386061,0.0,0.18328627930380978,0.39831187629544496,0.08620326230713687,0.224452554669708,0.7589312148026199,0.38843442058387356,0.0,4,0.2036352433764555,137
SNE_10106899.jpg,1,,1,0,0,0,0,0,0,0.59999999988,0.6893336168829548,0.0,0.16278465074611906,0.3665910986434725,0.09702580305038026,0.2603550294990138,0.8224261641538576,0.39579607543064654,0.0,4,0.21415351482315798,169
SNE_10106900.jpg,1,,1,0,0,0,0,0,0,0.39999999992,0.7380905566382208,0.0,0.1886474167538812,0.32428505718074874,0.05739455225425625,0.2384868420257675,0.6964092655269633,0.383604716120709,0.0,3,0.1459771695777707,152
SNE_10106901.jpg,1,,1,0,0,0,0,0,0,0.79999999984,0.7592459481234481,0.0,0.17546138139895803,0.4146707866914492,0.07559688280143831,0.26290322571881725,0.7325263480301578,0.40383482193650216,0.0,5,0.19066331342344575,155
SNE_10106908.jpg,1,,1,0,0,0,0,0,0,0.39999999992,0.9334665202869596,0.1144386986865186,0.18253477030502577,0.1466011721932714,0.2030723062755232,0.20990566030738994,0.7783232726884626,0.5226652093633707,0.0,3,0.4945457878815203,106
SNE_10106911.jpg,1,,1,0,0,0,0,0,0,0.59999999988,0.7766227447453153,0.08143007882461839,0.15707960218689962,0.5697820639195197,0.1585988382156872,0.19318181811742424,0.7398806841840646,0.45293179615985896,0.0,4,0.4384311340832813,132
SNE_10106912.jpg,1,,1,0,0,0,0,0,0,0.39999999992,0.676916237188738,0.0,0.19908954537838955,0.49059798553208556,0.06364605499207024,0.1769911503834808,0.8050287032403388,0.39186833460818077,0.09234899905542336,3,0.19375146633298687,113
SNE_10106913.jpg,1,,1,0,0,0,0,0,0,0.19999999996,0.33245421370049727,0.07204078344070577,0.1952776205918493,0.3255949890097219,0.22141865117836304,0.2584745761850282,0.7648417132264024,0.5369405430923935,0.0,2,0.4224693319212406,118
SNE_10106915.jpg,1,,1,0,0,0,0,0,0,0.59999999988,0.618759194077643,0.2507251419803155,0.18408300263532568,0.35985855770845604,0.31416311977463784,0.22877358482940252,0.7784014212253535,0.5286050660849908,0.0,4,0.7262327416172615,106
SNE_10106917.jpg,1,,1,0,0,0,0,0,0,0.59999999988,0.5929387471381058,0.12714203916354216,0.18793401599103854,0.43055308667851944,0.2846527999275456,0.19924812023433586,0.7452121991594269,0.5180854511285559,0.0,4,0.5161414667051637,133
SNE_10106922.jpg,1,,1,0,0,0,0,0,0,0.59999999988,0.8405732339659382,0.16099910372475146,0.1687765917106942,0.31488295695408336,0.26220355071362045,0.2675781249108073,0.8309031125441182,0.5325228673391907,0.0,4,0.5736984764930766,128
SNE_10106923.jpg,1,,1,0,0,0,0,0,0,1.0,0.8975953555565921,0.0,0.17718078132789827,0.2321192236838168,0.09452814285559114,0.1964285713630952,0.7249399845069779,0.41289695869754556,0.0,7,0.22651512400594695,154
SNE_10106928.jpg,1,,1,0,0,0,0,0,0,0.79999999984,0.737730462729179,0.0,0.1745945865235727,0.2051190759065286,0.11688584552304687,0.24647887315727696,0.7247912370962005,0.46542234972042124,0.0,5,0.2862003266194753,142
SNE_10106930.jpg,1,,1,0,0,0,0,0,0,0.59999999988,0.7494718479358589,0.0,0.17249128306914313,0.3686490384710582,0.07184505338921605,0.3313397128082137,0.7583059624201386,0.4180929926762342,0.0,4,0.14133755799479142,209
SNE_10106932.jpg,1,,1,0,0,0,0,0,0,0.59999999988,0.5249665858548812,0.0,0.1842991197806619,0.37182272873350986,0.06067127476928752,0.26363636354848485,0.5715224343046158,0.4199768113630251,0.0,4,0.1490749680348577,165
SNE_10106934.jpg,1,,1,0,0,0,0,0,0,0.59999999988,0.8682397573515512,0.11037650876285432,0.1763246009986549,0.3509927295598423,0.1837175694953628,0.19285714279285712,0.8498139051679827,0.47868226528384195,0.0,4,0.48764006500722884,105
SNE_10106935.jpg,1,,1,0,0,0,0,0,0,0.39999999992,0.6672166721458037,0.15757682168075335,0.19971366833472975,0.3129032550617803,0.2238805969760174,0.18181818175757575,0.770630318884947,0.49985405907591973,0.0,3,0.5678805970148575,88
SNE_10106936.jpg,1,,1,0,0,0,0,0,0,0.59999999988,0.6694616688972445,0.21629109573923463,0.17638969105829064,0.3455617843229166,0.2720619914498456,0.22115384608012822,0.8142229242711181,0.5126510984104128,0.0,4,0.66769486297299,104
SNE_10106937.jpg,1,,1,0,0,0,0,0,0,0.79999999984,0.8950617274074074,0.057130134965672236,0.1563539526002671,0.3469200837626806,0.1903344782227686,0.20186335396997931,0.7495456965280565,0.4476849978205371,0.0,5,0.39712122949877293,161
SNE_10106938.jpg,1,,1,0,0,0,0,0,0,0.39999999992,0.6803041989875089,0.0,0.17081562860518365,0.35530185904554756,0.0779466256163629,0.15983606552049182,0.8534621541957595,0.3709258448483756,0.0,3,0.2432179607109349,122
SNE_10106942.jpg,1,,1,0,0,0,0,0,0,0.79999999984,0.563345229997509,0.0,0.1760307914968341,0.31763864523363705,0.06353893401303883,0.224999999925,0.7276869331034346,0.39142187544085044,0.0,5,0.21727265430611536,110
SNE_10106943.jpg,1,,1,0,0,0,0,0,0,0.59999999988,0.8265219492200764,0.0,0.17369190472101148,0.4253431038141386,0.08437319229027594,0.2142857142142857,0.731612943348455,0.40434414109057565,0.0,4,0.25171473431946734,126
SNE_10106944.jpg,1,,1,0,0,0,0,0,0,0.79999999984,0.8365937851193901,0.0,0.1695413523374086,0.21634406663090927,0.10668936829342358,0.2620481926837349,0.7886534726972514,0.42252872117789514,0.0,5,0.23483715671613717,166
SNE_10106945.jpg,1,,1,0,0,0,0,0,0,0.59999999988,0.8129523008931024,0.0,0.18824790660617804,0.405721589633378,0.08025901584375397,0.28246753237337663,0.6971643864012945,0.3837651415002906,0.0,4,0.17595750262328907,154
SNE_10106946.jpg,1,,1,0,0,0,0,0,0,0.79999999984,0.8883027309064233,0.0004460647361300896,0.19004403332639624,0.2315125428805725,0.15142494469406528,0.32904411753737745,0.7270052734647925,0.518386187865593,0.0,5,0.3007583100518672,136
SNE_10106947.jpg,1,,1,0,0,0,0,0,0,0.59999999988,0.6342117311307902,0.0,0.17385612495153807,0.39927964161486895,0.08725476998672695,0.3207547168742138,0.7151628174435436,0.3966934441578929,0.0,4,0.1520234692342372,212
SNE_10106950.jpg,1,,1,0,0,0,0,0,0,0.39999999992,0.6007958754436107,0.21055782365694858,0.16617237824366682,0.3900013705527303,0.20715180988165866,0.21649484528865975,0.7734045206702287,0.5014122636931098,0.0,3,0.6579483004273704,97
SNE_10106951.jpg,1,,1,0,0,0,0,0,0,0.19999999996,0.2942153952835245,0.0,0.19470072321888932,0.3299760922536225,0.03197262859505868,0.31192660540061157,0.8207217109834986,0.3817933003983981,0.08159509093660099,2,0.13965903728173257,109
SNE_10106953.jpg,1,,1,0,0,0,0,0,0,0.39999999992,0.41930857593692084,0.046502990456869835,0.1765899944900236,0.2706264391352492,0.16318119485706828,0.1747787610036873,0.7625489935104448,0.4517464948408002,0.0,3,0.3790550838231817,113
SNE_10106954.jpg,1,,1,0,0,0,0,0,0,0.59999999988,0.8686702735274932,0.1906397594412735,0.1821869834673438,0.27460336233556126,0.3105311178912465,0.16115702473966945,0.784261240439428,0.4930288587988779,0.0,4,0.6240875912408047,121
SNE_10106957.jpg,1,,1,0,0,0,0,0,0,0.39999999992,0.7240761163730695,0.08557486417122438,0.18004432488465935,0.2690448989568194,0.20842960390114082,0.21456692906233593,0.7158015695197497,0.49578721276768456,0.0,3,0.4454772691766563,127
SNE_10106963.jpg,1,,1,0,0,0,0,0,0,0.59999999988,0.706750393610847,0.1610731543794671,0.19698487964816083,0.4953979195696618,0.31414939610344406,0.18699186985636856,0.7490794835456549,0.5377487793739786,0.0,4,0.5738243626061672,123
SNE_10106964.jpg,1,,1,0,0,0,0,0,0,0.79999999984,0.7168072695745523,0.1700136246852186,0.17316395947002666,0.3766318036811621,0.26008374406512486,0.22245762704449157,0.8027322771318894,0.5159915226477253,0.0,5,0.5890231621348853,118
SNE_10106965.jpg,1,,1,0,0,0,0,0,0,0.39999999992,0.4191158588400597,0.1461513161041698,0.18592921705526722,0.34842846264346294,0.22256978122143842,0.18811881181848186,0.8105643205032745,0.5222282942874318,0.0,3,0.5484572375232399,101
SNE_10106967.jpg,1,,1,0,0,0,0,0,0,0.39999999992,0.6495013823376858,0.03843293802285576,0.1825326923549647,0.2595051549073635,0.15572364042046083,0.21218487387885152,0.8654130023414978,0.4869792934203342,0.0,3,0.3653359946772877,119
SNE_10106968.jpg,1,,1,0,0,0,0,0,0,0.59999999988,0.8185941949445912,0.018291467661753238,0.18610492222410618,0.20316669493993716,0.15210915981962264,0.22177419347446234,0.7896525780856628,0.45904819963027815,0.0,4,0.33109549504327196,124
SNE_10106973.jpg,1,,1,0,0,0,0,0,0,0.39999999992,0.5087235689214923,0.0,0.14766272788811372,0.22357289357944937,0.12337214513970568,0.2816326529673469,0.8275502200988047,0.41207808775371374,0.0,3,0.1993066171653145,245
SNE_10106976.jpg,1,,1,0,0,0,0,0,0,0.59999999988,0.8393030001197967,0.18909710380695313,0.18687818051537233,0.3572522627436314,0.2970501209961343,0.2029914529237892,0.7206244370180559,0.5228579965133455,0.0,4,0.6214650766609174,117
SNE_10106977.jpg,1,,1,0,0,0,0,0,0,0.59999999988,0.7314610048761611,0.08919929744883084,0.17771263496169643,0.08058512707569634,0.21246652653673476,0.23731884050060384,0.693725837308105,0.5109506318035314,0.0,4,0.4516388057522117,138
SNE_10106979.jpg,1,,1,0,0,0,0,0,0,0.39999999992,0.7732427977082044,0.0,0.17369645695874908,0.33254499237251567,0.10647597775211425,0.22327044017714884,0.7433483496346738,0.4028742072275777,0.0,3,0.2211194767662856,159
SNE_10106980.jpg,1,,1,0,0,0,0,0,0,0.9999999998,0.6639701018361086,0.17566229906901645,0.1782907881937459,0.5393543153095068,0.19629802373103358,0.2131578946657895,0.8058027817446041,0.5000891538729407,0.0,6,0.5986259085929903,95
SNE_10106983.jpg,1,,1,0,0,0,0,0,0,0.79999999984,0.9247643420080297,0.0,0.1773630491839167,0.1483505155660845,0.08633034547778606,0.18884892080035973,0.7644807556223228,0.3960361339622316,0.0,5,0.22653193025110258,139
SNE_10106984.jpg,1,,1,0,0,0,0,0,0,0.39999999992,0.5705250283012991,0.16432721802695888,0.1606363272436569,0.38511794415933853,0.20049847145523805,0.22836538453926278,0.7720763264874272,0.490630675134413,0.0,3,0.5793562708101573,104
SNE_10106985.jpg,1,,1,0,0,0,0,0,0,0.79999999984,0.8329760325888439,0.0,0.15119507535522436,0.3282577473076402,0.11447426375921618,0.2875722542394027,0.7036351307608448,0.4256818069109495,0.0,5,0.24493466451327833,173
SNE_10106987.jpg,1,,1,0,0,0,0,0,0,0.59999999988,0.8975862059025862,0.0,0.18400870423942786,0.26198736311255916,0.04637389076200182,0.24143835608390413,0.8172636887791108,0.3541818751916854,0.0,4,0.13082691267039115,146
SNE_10106989.jpg,1,,1,0,0,0,0,0,0,0.79999999984,0.7970986943034968,0.0,0.17385862444756378,0.44674822358900024,0.06495661968624873,0.2181528661693206,0.7977964963138816,0.3629497998935346,0.0,5,0.17124886156647967,157
SNE_10106991.jpg,1,,1,0,0,0,0,0,0,0.79999999984,0.6429395471577235,0.21466450037945395,0.19242521077115934,0.4089864614318254,0.3073420914948913,0.23333333325555553,0.7675093470901176,0.5271330972119626,0.0,5,0.6649296508597362,105
SNE_10106996.jpg,1,,1,0,0,0,0,0,0,0.59999999988,0.8606566613697431,0.24551145745061473,0.1812273550077302,0.37463500521455906,0.3535986048858123,0.1747967479092141,0.787327811620882,0.5105355716521197,0.0,4,0.7173694779115565,123
SNE_10106997.jpg,1,,1,0,0,0,0,0,0,0.79999999984,0.7397041942241489,0.0,0.162994640914332,0.10577783885665787,0.0756007275830235,0.27312138719219653,0.8561914671927294,0.3974393160609433,0.046750978167175175,5,0.18153395487704754,173
SNE_10106999.jpg,1,,1,0,0,0,0,0,0,0.39999999992,0.3801469881569326,0.2474343315046153,0.2060396021161347,0.4498246257098202,0.23278913112900854,0.1964285713630952,0.8176983212781219,0.5158533789597488,0.0,3,0.7206383638052803,70
SNE_10107006.jpg,1,,1,0,0,0,0,0,0,0.79999999984,0.8872535492869329,0.04919466442583723,0.19580595964703212,0.35755932436387605,0.16517095480107005,0.1805555554953704,0.7933548366642968,0.46589625431718706,0.0,5,0.38363092957311795,108
SNE_10107009.jpg,1,,1,0,0,0,0,0,0,0.59999999988,0.596039800604655,0.0,0.19302030937573914,0.10255510127344453,0.10927615676117777,0.24107142849107147,0.756347013318134,0.4353190846436393,0.0,4,0.28751922654360096,112
SNE_10107011.jpg,1,,1,0,0,0,0,0,0,0.39999999992,0.48231106610485863,0.17019574764133977,0.1859609241644887,0.34647371606862476,0.2830077723659546,0.22314049579338843,0.8345443136001505,0.5274555521301167,0.0,3,0.5893327711604733,121
SNE_10107012.jpg,1,,1,0,0,0,0,0,0,0.39999999992,0.9107438985230099,0.18755579521791854,0.18482166278629367,0.38535918500329425,0.2691686635098818,0.18526785708110116,0.8224277093048147,0.5216526283904291,0.0,3,0.6188448520580173,112
SNE_10107014.jpg,1,,1,0,0,0,0,0,0,1.0,0.9198886925648067,0.0,0.1755690556898898,0.10737056788846429,0.13716945040259845,0.2077922077229437,0.748458787811406,0.42154936603331555,0.0,8,0.2847508430123508,154
SNE_10107016.jpg,1,,1,0,0,0,0,0,0,0.39999999992,0.49932985200580304,0.30180699713111575,0.19903934891622824,0.36148982233114957,0.2913656690107712,0.196874999934375,0.8308502946101427,0.5261480207721594,0.0,3,0.8130718954247037,80
SNE_10107019.jpg,1,,1,0,0,0,0,0,0,0.39999999992,0.8969433231426448,0.15421248049512745,0.16290683822669838,0.3619826236997645,0.3269894441930276,0.18787878781616163,0.8358978823224315,0.5294598417377911,0.0,3,0.5621612169959291,165
SNE_10107020.jpg,1,,1,0,0,0,0,0,0,0.79999999984,0.7924194442307692,0.2212417925996999,0.17521385029208109,0.36715377413715766,0.3021340051347037,0.23305084737994347,0.7230933943863805,0.5266656895332316,0.0,5,0.6761110476407316,118
SNE_10107024.jpg,1,,1,0,0,0,0,0,0,0.79999999984,0.7413010579793795,0.040575378771647526,0.16310831233923256,0.35438680310820936,0.14912581830651284,0.22761194022263678,0.8021246812494834,0.4668555784349954,0.0,5,0.36897814395237616,134
SNE_10107028.jpg,1,,1,0,0,0,0,0,0,0.59999999988,0.7953923350279424,0.0,0.1923863816142968,0.3786271976345851,0.08452507222680382,0.22380952373492063,0.7702930249433999,0.40224773115042733,0.0,4,0.2417353320758343,105
SNE_10107030.jpg,1,,1,0,0,0,0,0,0,0.59999999988,0.7654208516068609,0.049260614268145445,0.16441075557437904,0.4213893873013175,0.21614277291110057,0.25172413784712644,0.7052442661947116,0.4947827111220066,0.0,4,0.38374304430510786,145
SNE_10107031.jpg,1,,1,0,0,0,0,0,0,0.79999999984,0.8788933897845972,0.2747065379719931,0.18354574530693424,0.31367080438619477,0.3324238689747346,0.2047619046936508,0.7741650203671795,0.52673356484417,0.0,5,0.7670011148270949,105
SNE_10107036.jpg,1,,1,0,0,0,0,0,0,0.79999999984,0.8931884048141304,0.0,0.17240619394501192,0.282739975166132,0.08737262117101575,0.24821428563154763,0.7121328553423151,0.40135410797015186,0.0,5,0.22466273988218793,140
SNE_10107037.jpg,1,,1,0,0,0,0,0,0,0.79999999984,0.7353713422472805,0.0,0.1746620218213088,0.3189156842733077,0.09916534574671931,0.2801507536754606,0.7000208117937453,0.400494422530353,0.0,5,0.17846894112872322,199
SNE_10107038.jpg,1,,1,0,0,0,0,0,0,0.39999999992,0.6818984498223108,0.0,0.16608890584038105,0.2983289514215257,0.08876669284270225,0.19230769224358973,0.8226053762830117,0.3826817758319217,0.0,3,0.2614466130883921,117
SNE_10107047.jpg,1,,1,0,0,0,0,0,0,0.19999999996,0.4493658930149952,0.0,0.13898362763595484,0.47896412353685774,0.0314091850226925,0.3015624998994792,0.8739858806200524,0.34689065170000544,0.3649947058178128,2,0.13776172132292494,160
SNE_10107055.jpg,1,,1,0,0,0,0,0,0,0.59999999988,0.7553861076072774,0.0,0.15908819553056416,0.3129370123292461,0.13216841888143277,0.2098540145285888,0.8682522146620325,0.4040838508647043,0.0,4,0.2905325747090937,137
SNE_10107059.jpg,1,,1,0,0,0,0,0,0,0.59999999988,0.39588642033999355,0.4257410780077091,0.14651995230415044,0.5532546179217757,0.30224501687620725,0.1785714285119048,0.8916489858474663,0.4017845742794997,0.0,4,1.0237598330388467,84
SNE_10107061.jpg,1,,1,0,0,0,0,0,0,0.39999999992,0.46832405121827825,0.10384941170360006,0.13015031821467904,0.47952237147989607,0.17642105261227695,0.1966911764050245,0.8767942377725229,0.3450934712482487,0.0,3,0.4765439999999695,136
SNE_10107063.jpg,1,,1,0,0,0,0,0,0,0.59999999988,0.7955682612019362,0.03233371165093445,0.14753627744889491,0.3943787287914958,0.08585048971333176,0.13888888884259262,0.9029474454057917,0.3691154424900378,0.0,4,0.3549673098389223,99
SNE_10107065.jpg,1,,1,0,0,0,0,0,0,0.39999999992,0.9479199075844226,0.0,0.15785582278889673,0.11186027896976936,0.12383548385310617,0.16352201252410897,0.8604485817693197,0.3606745923332865,0.35339152945648405,3,0.2723630382522765,159
SNE_10107066.jpg,1,,1,0,0,0,0,0,0,0.59999999988,0.7084304557891135,0.0,0.16880025191933318,0.3620309168438194,0.15357939498322618,0.18902439018089431,0.8682855834187715,0.3932420455687353,0.0,4,0.25127813082324757,164
SNE_10107067.jpg,1,,1,0,0,0,0,0,0,0.39999999992,0.5998422494051161,0.0,0.15808365596570628,0.5423343288030488,0.12076123185096638,0.18525179849940052,0.7966599931950845,0.3604305609487631,0.019289596506800795,3,0.2845089116420039,139
SNE_10107068.jpg,1,,1,0,0,0,0,0,0,0.59999999988,0.7658970470264004,0.04550925226748375,0.16276651704444062,0.4147464941994777,0.17283618250896665,0.1884328357580846,0.8626440486928241,0.455748929047134,0.0,4,0.3773657289002316,134
SNE_10107200.jpg,1,,1,0,0,0,0,0,0,0.19999999996,0.5131995773860922,0.0,0.17609137520775947,0.279193800534871,0.09320100523798967,0.3270547944115297,0.874743683036405,0.4076766234981939,0.0,2,0.18393684050709086,146
SNE_10107201.jpg,1,,1,0,0,0,0,0,0,0.59999999988,0.7665316450888802,0.0,0.17545908209374936,0.3138059403879657,0.11731871447658708,0.2729357797255351,0.819490283706507,0.42568925919255507,0.0,4,0.28326815973454894,109
SNE_10107202.jpg,1,,1,0,0,0,0,0,0,0.59999999988,0.6435329392799318,0.0,0.17067379033112332,0.31855674823169394,0.0705022466060176,0.3805031445272536,0.81756392212444,0.36759372846187965,0.0,4,0.14207939731025745,159
SNE_10107203.jpg,1,,1,0,0,0,0,0,0,0.59999999988,0.6028615142590651,0.0,0.17337744141679948,0.2948406777398874,0.04992014057171262,0.3847517729213948,0.771739012588256,0.37726208369396363,0.1489101374945617,4,0.12995412083356006,141
SNE_10107206.jpg,1,,1,0,0,0,0,0,0,0.59999999988,0.6056521690614983,0.0,0.1530926546120059,0.3165552043062625,0.07675283715881676,0.31629834243600363,0.8037752127498371,0.3669894539177542,0.00395863887081414,4,0.15317542239365045,181
SNE_10107208.jpg,1,,1,0,0,0,0,0,0,0.39999999992,0.43143360583387425,0.0,0.18545029420020137,0.3993070085141842,0.05525895083839569,0.34905660365723273,0.6337605374760065,0.3684273633174253,0.0,3,0.11600742612551916,159
SNE_10107209.jpg,1,,1,0,0,0,0,0,0,0.39999999992,0.8198653190656564,0.0,0.17431018991775404,0.2843819581838073,0.10492036704318151,0.29602510450383546,0.7188880953088008,0.3702435993743304,0.0,3,0.12194388777554806,239
SNE_10107211.jpg,1,,1,0,0,0,0,0,0,0.59999999988,0.4349150071107038,0.0,0.17672057975669345,0.35124335880814694,0.07159118372719847,0.34013605430838995,0.7967519640948393,0.3808233190185241,0.0,4,0.1524035836999405,147
SNE_10107212.jpg,1,,1,0,0,0,0,0,0,0.39999999992,0.5301897243829937,0.0,0.15237362088977957,0.40119620418514657,0.07896198992370297,0.3799999998733334,0.7980066444867636,0.3775528885897941,0.023121087219960725,3,0.13474830536726004,225
SNE_10107213.jpg,1,,1,0,0,0,0,0,0,0.39999999992,0.3752866680114947,0.0,0.177271007659788,0.22132039744848922,0.08354006664336203,0.31818181807575757,0.8350696973865532,0.36988957236165454,0.1746019775801836,3,0.15200551949069677,165
SNE_10107216.jpg,1,,1,0,0,0,0,0,0,0.59999999988,0.8324755546418305,0.02488203087435154,0.18289459944882483,0.3043218167102779,0.21046367403615243,0.23809523801587298,0.8437372957445424,0.4936645160563907,0.0,4,0.34229945251127963,126
SNE_10107218.jpg,1,,1,0,0,0,0,0,0,0.59999999988,0.7918831276116753,0.0,0.17946764202577725,0.31257710091520663,0.10917702240842847,0.2338235293338235,0.8144246104826313,0.3839848707258102,0.0,4,0.17350260416666038,170
SNE_10107219.jpg,1,,1,0,0,0,0,0,0,0.59999999988,0.8707551641170446,0.0,0.16718211273446706,0.3151907669202211,0.08613592543336773,0.3269230768141026,0.7853383908740316,0.36601354733413727,0.0,4,0.130308023830647,208
SNE_10107224.jpg,1,,1,0,0,0,0,0,0,0.59999999988,0.9036126168731746,0.0234089246387392,0.17927816441753003,0.3462491674400756,0.20340353441552794,0.22744360894674184,0.9037258386289095,0.4494156316333313,0.0,4,0.33979517190926556,133
SNE_10107228.jpg,1,,1,0,0,0,0,0,0,0.39999999992,0.7018257516736661,0.07683733635632904,0.18711133443087216,0.31018381212976814,0.20205464759023548,0.23421052623771932,0.7876905455889387,0.48667543449309775,0.0,3,0.4306234718825967,95
SNE_10107231.jpg,1,,1,0,0,0,0,0,0,0.79999999984,0.9483201358361866,0.15025925624405873,0.1583420275775366,0.32754447500156275,0.28729543188216944,0.21999999992666663,0.8345159254069322,0.4835900059060767,0.0,5,0.5554407357651591,125
SNE_10107232.jpg,1,,1,0,0,0,0,0,0,0.9999999998,0.7204472837939297,0.0,0.16584313132085965,0.11909113992533746,0.058346513797133556,0.37204724397047234,0.7423749738437763,0.3867441589788092,0.0,6,0.1739664618960593,127
SNE_10107235.jpg,1,,1,0,0,0,0,0,0,0.59999999988,0.7810556804731663,0.0,0.15819183289606195,0.3643288249544705,0.11616219476936625,0.3280542985331825,0.7682417929858157,0.4126506614836037,0.0,4,0.15919315048613675,221
SNE_10107236.jpg,1,,1,0,0,0,0,0,0,0.59999999988,0.4400073210715895,0.0,0.1472387718029762,0.36611635734290005,0.10844548031064352,0.3054347825068841,0.8818357125643695,0.40573545080349127,0.7019090105829997,4,0.17322226953374034,230
SNE_10107237.jpg,1,,1,0,0,0,0,0,0,0.39999999992,0.5641504731829223,0.0,0.17273967869998336,0.3223497637238917,0.0950857025518451,0.3428143711432136,0.7777333448531527,0.3813548278962134,0.0,3,0.160700480656107,167
SNE_10107238.jpg,1,,1,0,0,0,0,0,0,0.79999999984,0.6996433828640252,0.0,0.18417470358206522,0.1624321103176723,0.07687289854210547,0.21296296289197528,0.7146425772708318,0.38822821848060357,0.0,5,0.21580242413195042,108
SNE_10107240.jpg,1,,1,0,0,0,0,0,0,0.39999999992,0.43316741531283504,0.0,0.1642069179897187,0.39779484243598806,0.10214223925227657,0.29109589031392696,0.7767928777329793,0.3800348838413601,0.0,3,0.13908583091631382,219
SNE_10107241.jpg,1,,1,0,0,0,0,0,0,0.19999999996,0.6721903361946722,0.0,0.16398424185709157,0.4697372379676647,0.07481611888899696,0.41419491511617235,0.7509672740828761,0.37016084277215333,0.016239140627583415,2,0.10547917094192273,236
SNE_10107244.jpg,1,,1,0,0,0,0,0,0,0.59999999988,0.8769935250325676,0.07341077033486373,0.18358039204736154,0.2822851440377726,0.23044260667560662,0.18080357136830352,0.8068735135132188,0.4636384039683757,0.0,4,0.4247983096426791,112
SNE_10107245.jpg,1,,1,0,0,0,0,0,0,0.39999999992,0.6183850371893398,0.06270709651005661,0.1655176908891106,0.4459775572612392,0.2625027470273565,0.22039473676864033,0.8926191647111749,0.4408207206587197,0.0,3,0.4066020641298033,152
SNE_10107246.jpg,1,,1,0,0,0,0,0,0,0.9999999998,0.9215920512599032,0.11085909934429143,0.16613036289611335,0.4758895601114232,0.24494246085449972,0.1700819671564208,0.8315551787802528,0.48664741179507354,0.0,6,0.48846046899615453,122
SNE_10107250.jpg,1,,1,0,0,0,0,0,0,0.59999999988,0.655287518429533,0.0,0.17509948734695022,0.3188740041390098,0.06419135025450967,0.35975609744105685,0.7916200283443512,0.3600915296708534,0.0,4,0.12860352434831693,164
SNE_10107251.jpg,1,,1,0,0,0,0,0,0,0.39999999992,0.8292106570687856,0.0,0.17702510187945236,0.3078544519738351,0.1418802962685391,0.275714285622381,0.7968338622221806,0.4075224307248579,0.0,3,0.1983020780537169,175
SNE_10107252.jpg,1,,1,0,0,0,0,0,0,0.79999999984,0.6847865802006299,0.0,0.17316230326428517,0.32616006251420565,0.0937862524842287,0.3060897434877137,0.8101739031793818,0.3907244374191396,0.04080652393459288,5,0.1713388972109219,156
SNE_10107259.jpg,1,,1,0,0,0,0,0,0,0.79999999984,0.9679746658449497,0.0,0.15138283938107694,0.4037055303090401,0.13112079144905678,0.28333333323888893,0.7973623805485665,0.39936590455509724,0.0,5,0.18039909381497127,225
SNE_10107260.jpg,1,,1,0,0,0,0,0,0,0.59999999988,0.842991657383168,0.0,0.15122186877885396,0.4288771288281122,0.08533670162235459,0.34358288758600714,0.766607453802319,0.35654725794552566,0.0,4,0.16095659975327575,187
SNE_10107261.jpg,1,,1,0,0,0,0,0,0,0.9999999998,0.7747345349612338,0.0,0.1812108416044183,0.43021207942545536,0.10844822030937437,0.3298969071065292,0.7779570984073707,0.37477397026527987,0.04060915786917622,6,0.14605288067141584,194
SNE_10107263.jpg,1,,1,0,0,0,0,0,0,0.59999999988,0.6019995779605187,0.0,0.16923103783983293,0.3579461086686012,0.11058658094621794,0.2867132866177156,0.8266868442771621,0.3743138333245165,0.0,4,0.2012925052047102,143
SNE_10107267.jpg,1,,1,0,0,0,0,0,0,0.39999999992,0.4916040313213966,0.0,0.15942384107678573,0.41715162000420264,0.09480055989596145,0.36206896539655176,0.7953296049557599,0.376484432940326,0.01575976109666952,3,0.17138901410264115,174
SNE_10107269.jpg,1,,1,0,0,0,0,0,0,0.79999999984,0.8757781023194342,0.0,0.1543578648086036,0.48971595372445437,0.10042548526456803,0.30021834051128093,0.7859923585568166,0.3687295127472373,0.0,5,0.14553120158483873,229
SNE_10107270.jpg,1,,1,0,0,0,0,0,0,0.59999999988,0.6788162896395404,0.0,0.1847226982624714,0.27620936845823774,0.14910900135660102,0.2582781456092715,0.7407502716167175,0.41859201391897377,0.0,4,0.21287505711528593,151
SNE_10107274.jpg,1,,1,0,0,0,0,0,0,0.19999999996,0.48134850425690767,0.0,0.16857565926084417,0.35079528410765104,0.1576102919414412,0.2849264704932598,0.8428163908107297,0.4305405714120968,0.0,2,0.2807378252951724,136
SNE_10107275.jpg,1,,1,0,0,0,0,0,0,0.39999999992,0.6283271515693363,0.0,0.1806749162488537,0.3949785663402855,0.1490486257800065,0.24425287348180078,0.8503755125343603,0.42230372349018963,0.0,3,0.201109936575044,174
SNE_10107276.jpg,1,,1,0,0,0,0,0,0,0.39999999992,0.587880785654936,0.0904627692894266,0.19150946738430077,0.39953220445888826,0.2347948696732534,0.1957547169158805,0.8556877219296993,0.5127375322882921,0.0,3,0.453786707882488,106
SNE_10107278.jpg,1,,1,0,0,0,0,0,0,0.59999999988,0.710312236120068,0.0,0.15620742743181198,0.2339107057930251,0.13115490985593653,0.28765060231375505,0.8047245983590343,0.39718173479461083,0.0,4,0.22331608397491592,166
SNE_10107279.jpg,1,,1,0,0,0,0,0,0,0.59999999988,0.38262408704554174,0.0,0.171978695714455,0.6176956993559481,0.1431303983831563,0.2270992365655216,0.7890163804596777,0.4069412830022998,0.0,4,0.2819988642816421,131
SNE_10107280.jpg,1,,1,0,0,0,0,0,0,0.59999999988,0.45071629912740874,0.0,0.15715289462931345,0.5029324661961354,0.13077451967989778,0.30348837199186046,0.7856941334264886,0.3831117479991843,0.0,4,0.17770430159810113,215
SNE_10107283.jpg,1,,1,0,0,0,0,0,0,0.9999999998,0.7537775716985369,0.0,0.16866010586122934,0.39615449502716876,0.11249189670988151,0.26719576710670195,0.8351778434426352,0.4056321949430117,0.0,6,0.166196341422922,189
SNE_10107288.jpg,1,,1,0,0,0,0,0,0,0.59999999988,0.512836882558028,0.0,0.16807823640090644,0.3700552038214304,0.13603749548230762,0.29887218035150376,0.8034062878210071,0.4286237503503569,0.0,4,0.25993207913318633,133
SNE_10107289.jpg,1,,1,0,0,0,0,0,0,0.39999999992,0.8005087760719998,0.0,0.16290763480918677,0.34840778148600926,0.17874665475556553,0.26506024087550195,0.8047745830033493,0.45399219942829455,0.0,3,0.2820444915254088,166
SNE_10107291.jpg,1,,1,0,0,0,0,0,0,0.59999999988,0.8565734886675752,0.0,0.14679020999574752,0.3782756325434777,0.0950769798180501,0.256906077262431,0.823447824870152,0.373190654608002,0.1756297720041962,4,0.19152169194032959,181
SNE_10107292.jpg,1,,1,0,0,0,0,0,0,0.59999999988,0.8106876016159799,0.0,0.1489161528973675,0.38537046110445733,0.15001913350717558,0.2461928933189509,0.7699968826746811,0.3878951459724308,0.0,4,0.23039637244936945,197
SNE_10107295.jpg,1,,1,0,0,0,0,0,0,0.39999999992,0.7287234744297675,0.015306940205760879,0.17383768048526255,0.13621015807336945,0.18220278213896737,0.2919847327270992,0.7101488962167208,0.5094848918208318,0.0,3,0.3260217983651004,131
SNE_10107296.jpg,1,,1,0,0,0,0,0,0,0.59999999988,0.46352991501825896,0.18137614536245722,0.1673941679578214,0.38901491903998653,0.21123424845942781,0.2804878047845529,0.859511348344073,0.5,0.0,4,0.6083394472975534,82
SNE_10107301.jpg,1,,1,0,0,0,0,0,0,0.59999999988,0.6224226801063144,0.0,0.16805484161347597,0.319871157438661,0.18159832779712118,0.25634517757952624,0.9105619364098624,0.4271717300502523,0.3261103286387871,4,0.21858762933175716,197
SNE_10107303.jpg,1,,1,0,0,0,0,0,0,0.19999999996,0.6299783742328162,0.0,0.16050580270303463,0.1268322939321852,0.10135881906070883,0.2705696201629747,0.853951548306734,0.38831110593310036,0.2957890409063234,2,0.2031406244213102,158
SNE_10107304.jpg,1,,1,0,0,0,0,0,0,0.59999999988,0.7344978680598306,0.0,0.16931335511414322,0.48668134916112343,0.11760981087691892,0.24695121942987808,0.7901958529736928,0.3794267880528892,0.0895401878847935,4,0.20168829631966384,164
SNE_10107307.jpg,1,,1,0,0,0,0,0,0,0.39999999992,0.4724937120950826,0.0,0.17619030322237006,0.28054203047465354,0.08463920335147801,0.3357142856023809,0.8646855534940735,0.3906115496827035,0.0,3,0.16647416073623583,140
SNE_10107311.jpg,1,,1,0,0,0,0,0,0,0.39999999992,0.5998212087079865,0.004652403138254982,0.1676618752543289,0.2666535275825278,0.22950180079373436,0.25999999991333334,0.8640808299052614,0.4594094124833883,0.0,3,0.30790908533968586,175
SNE_10107316.jpg,1,,1,0,0,0,0,0,0,0.39999999992,0.5198116657975418,0.0,0.1747259156414295,0.3386708837934742,0.08879161547193878,0.3042168673684739,0.7535007259195395,0.379343538713709,0.0,3,0.1559454822104906,166
SNE_10107318.jpg,1,,1,0,0,0,0,0,0,0.19999999996,0.528816373309034,0.0,0.161949969599362,0.32739309139043254,0.1005057867074739,0.3325471697004717,0.853043851657671,0.3858273542634442,0.0288563765103808,2,0.14290027723641563,212
SNE_10107319.jpg,1,,1,0,0,0,0,0,0,0.59999999988,0.7458576410717384,0.0,0.1547839818825726,0.43876045453761325,0.0879406437077872,0.3071428570404762,0.7291283595144815,0.3816473579463199,0.007609018119828427,4,0.14738127337012827,210
SNE_10107320.jpg,1,,1,0,0,0,0,0,0,0.59999999988,0.682434243799544,0.2200531642153579,0.16758114172735347,0.4259554744252577,0.2949290226204535,0.14705882348039215,0.8526929333647024,0.5053618028713703,0.0,4,0.6740903793861616,102
SNE_10107321.jpg,1,,1,0,0,0,0,0,0,0.39999999992,0.6763588981138156,0.0,0.17280588478862063,0.42698292221788336,0.12829894978397946,0.275139664712756,0.7947620504138905,0.4262618868043702,0.0,3,0.1954292298828425,179
SNE_10107323.jpg,1,,1,0,0,0,0,0,0,0.39999999992,0.7446262970089863,0.0,0.16785575400256464,0.32163644979405137,0.07405004232577263,0.3729674795504743,0.719353488908868,0.353397149020819,0.0,3,0.0974325858087727,246
SNE_10107331.jpg,1,,1,0,0,0,0,0,0,0.39999999992,0.7605455127361946,0.0,0.15670920159208193,0.3589297468908634,0.08743471909363573,0.35267857131101193,0.8248874378574366,0.38309093830372937,0.0,3,0.17241160816119083,168
SNE_10107332.jpg,1,,1,0,0,0,0,0,0,0.19999999996,0.1881760986154421,0.011060089630207565,0.19629822809326308,0.40876586402759413,0.12180826391682983,0.23823529403823526,0.8235438429587396,0.4311527735239695,0.0,2,0.31880215238241294,85
SNE_10107334.jpg,1,,1,0,0,0,0,0,0,0.59999999988,0.518253612758398,0.0,0.15838485575218,0.49377521189985807,0.07664538474640363,0.4091981130711478,0.7708725868442132,0.3660598343679619,0.0,4,0.13159541188737964,212
SNE_10107335.jpg,1,,1,0,0,0,0,0,0,0.59999999988,0.5032444474937532,0.0,0.14274357025616755,0.20531777040301763,0.08072924837789582,0.3424369746757703,0.7691080844716589,0.3713489421476593,0.11503278954023977,4,0.13782897538539865,238
SNE_10107337.jpg,1,,1,0,0,0,0,0,0,0.9999999998,0.8196405173205319,0.0,0.16936580075149393,0.478984240878023,0.06270794384677156,0.35164835153113544,0.8236586647625612,0.34540643247010067,0.2512141246857908,6,0.1231547260686304,182
SNE_10107338.jpg,1,,1,0,0,0,0,0,0,0.39999999992,0.7563880540827488,0.0,0.17157843531007333,0.42225730972712805,0.121422828507611,0.29441624355668355,0.8504963078139588,0.39865600248721933,0.07882043429123048,3,0.1634043981870014,197
SNE_10107339.jpg,1,,1,0,0,0,0,0,0,0.19999999996,0.3066826751944895,0.0,0.16509758041019099,0.4531727138531822,0.11150660268125422,0.27987421374318655,0.7791336783572985,0.3924804379218311,0.0,2,0.21269417856581624,159
SNE_10107341.jpg,1,,1,0,0,0,0,0,0,0.19999999996,0.26843867885606487,0.0,0.18701956307735335,0.3540710848273675,0.046877831564299116,0.34756097549390236,0.7805498605790194,0.3558773627331047,0.0,2,0.13434579439251923,123
SNE_10107342.jpg,1,,1,0,0,0,0,0,0,0.39999999992,0.6921512052918144,0.0,0.17869680119986217,0.4168123032818307,0.08372384234415768,0.2721893490216962,0.8450911406812995,0.3622025202481396,0.15980704553499978,3,0.14471425067451113,169
SNE_10107343.jpg,1,,1,0,0,0,0,0,0,0.39999999992,0.5103842457778485,0.0,0.17122671653857333,0.3816042695306008,0.08813914073566245,0.26973684201535086,0.8131970118637825,0.37243014760851106,0.049703794281263626,3,0.1696639099067334,152
SNE_10198881.jpg,1,,0,0,0,0,0,1,0,0.39999999992,0.6496722271005955,0.09148014298440905,0.1802107146804159,0.41561961387539414,0.06079125119727945,0.1791044775522388,0.8000768648091136,0.39402085481448096,0.0,3,0.4555162431649755,67
SNE_10198887.jpg,1,,0,0,0,0,0,1,0,0.9999999998,0.7332147483493506,0.008471542770334234,0.1690111758679169,0.3989546975437389,0.05957301250187602,0.23543689312540453,0.7875382221457776,0.39317772136382273,0.0023264477894853514,6,0.31440162271803973,103
SNE_10198898.jpg,1,,0,0,0,0,0,1,0,0.0,0.1862883173301335,0.0,0.16659764453506998,0.4609138784527599,0.017480212063344533,0.3510638296702128,0.6968667402222811,0.38705166242737166,0.0,1,0.2288985885153838,94
SNE_10198926.jpg,1,,0,0,0,0,0,1,0,0.19999999996,0.3049809925742063,0.22461058697477387,0.17731956074552022,0.46985605412803394,0.04373803983240022,0.29761904751984125,0.7702604072461934,0.4811365634434839,0.0,2,0.6818379980817262,42
SNE_10198927.jpg,1,,0,0,0,0,0,1,0,0.0,0.358058901950515,0.23807789355609568,0.17557804043372766,0.20852260213191054,0.07772527292108232,0.2767857141934523,0.768372690518189,0.49751748048441746,0.0,1,0.7047324192834405,56
SNE_10198958.jpg,1,,0,0,0,0,0,1,1,0.19999999996,0.219755361774508,0.10146885603397028,0.17084996603208927,0.3995321575921793,0.05275556381361897,0.3419117645919118,0.7562627754442873,0.47021217020029055,0.0,2,0.4724970553592183,68
SNE_10198977.jpg,1,,0,0,0,0,0,1,0,0.39999999992,0.48190162514716983,0.218853036050546,0.17983247621956946,0.42075786127648335,0.12487374619223672,0.052816901390845036,0.7291672916430756,0.3831776475342356,0.0,3,0.6720501615047813,71
SNE_10198978.jpg,1,,0,0,0,0,0,1,0,0.39999999992,0.6411558948879736,0.04970707425324118,0.19392763227078086,0.5321044295981712,0.06047816334778479,0.04285714284285714,0.7306219341390643,0.38599807357961446,0.0,3,0.38450202628021707,70
SNE_10198988.jpg,1,,0,0,0,0,0,1,0,0.79999999984,0.6094784841445393,0.1959193314727797,0.17135911602601453,0.4486997712267039,0.10266199058930947,0.01736111110532405,0.795845432311702,0.3750035906422274,0.0,5,0.6330628636996448,72
SNE_10199003.jpg,1,,0,0,0,0,0,1,1,0.0,0.2000542259528712,0.0,0.19257870667366725,0.5393286225595084,0.03663212302631667,0.22916666659027776,0.7679083482432449,0.4023718110743991,0.010865234335286444,1,0.26284122112743247,84
SNE_10199013.jpg,1,,0,0,0,0,0,1,0,0.39999999992,0.513323843192412,0.0,0.17190020408344767,0.33191234896533983,0.02373873537543509,0.3168604650106589,0.8218596329733064,0.38542099540548447,0.0,3,0.24482013902948488,86
SNE_10199016.jpg,1,,0,0,0,0,0,1,0,0.79999999984,0.7318939952648451,0.0,0.177199719920848,0.5234659688085587,0.025641629897524287,0.15591397844265234,0.6931346540036682,0.380274547845818,0.38535409556448214,5,0.2334729906930555,93
SNE_10332300.jpg,1,,0,0,0,0,0,1,0,0.0,0.3195924417409918,0.023701847981884,0.18941095233169816,0.5078598527423531,0.05168063964606,0.22965116271414723,0.6584436957332708,0.3749916241517003,0.0,1,0.34029314159290464,86
SNE_10332330.jpg,1,,0,0,0,0,0,1,0,0.0,0.15866722211979367,0.0,0.19197557088295347,0.4366389935626059,0.025680482868584317,0.39999999986666673,0.7323093698661203,0.4110050593350085,0.0,1,0.2672320797529938,80
SNE_10332332.jpg,1,,0,0,0,0,0,1,0,0.59999999988,0.6502778403140738,0.015702318816650296,0.16831394166362942,0.2711040090337415,0.05503422638754327,0.36184210514254395,0.6818615804766783,0.3970254512903208,0.0,4,0.3266939420040078,114
SNE_10332337.jpg,1,,0,0,0,0,0,1,1,0.0,0.1434001865192528,0.0,0.2083786868665622,0.4043699493922278,0.046009744041980855,0.29891304337862323,0.7649019233752975,0.410344078923839,0.0,1,0.26014504563232316,92
SNE_10332338.jpg,1,,0,0,0,0,0,1,0,0.19999999996,0.39197368022083934,0.0,0.19143112181713554,0.4255608998295228,0.03849024705210471,0.33776595733421977,0.726177183676521,0.39540781000261616,0.18185680188755773,2,0.274836998563367,94
SNE_10332356.jpg,1,,0,0,0,0,0,1,0,0.39999999992,0.45893580235391496,0.036710625389004894,0.20158979630377477,0.29522654347333843,0.04342714590252572,0.22014925365796018,0.6495788143778538,0.4030648912627584,0.0,3,0.36240806319801894,67
SNE_10332367.jpg,1,,0,0,0,0,0,1,0,0.79999999984,0.723755850047163,0.09020215362016926,0.17930515616296733,0.24980182610423202,0.07510837511203258,0.37765957434219855,0.7329161581232128,0.44253374443074467,0.0,5,0.4533436612444899,94
SNE_10332371.jpg,1,,0,0,0,0,0,1,0,0.19999999996,0.3506576713755549,0.0,0.2279431300730068,0.3368323760672471,0.04139212948802487,0.35817307680368593,0.7467961627067895,0.40755729541863067,0.0,2,0.18173697952452308,104
SNE_10332373.jpg,1,,0,0,0,0,0,1,1,0.19999999996,0.15068073209690624,0.0,0.2164503617414401,0.44148254766744865,0.03369354822533824,0.34859154917957746,0.7186903143910719,0.4212198928107515,0.0,2,0.28645352060615936,71
SNE_10332381.jpg,1,,0,0,0,0,0,1,0,0.0,0.20276064936104254,0.0,0.2326363506135139,0.4190688907327945,0.032145256625818595,0.271874999909375,0.6820824515080491,0.4194210734033435,0.04501268413384965,1,0.2065799540933352,80
SNE_10332390.jpg,1,,0,0,0,0,0,1,0,0.39999999992,0.3873592280638042,0.0,0.18359239716955492,0.3996096106865946,0.04493864756299206,0.43485915478462445,0.7231617213857456,0.43923694604967806,0.08129193865343358,3,0.20037076686074834,142
SNE_10332407.jpg,1,,0,0,0,0,0,1,0,0.19999999996,0.40561019734826265,0.0,0.2005332559488116,0.4723022869033096,0.06605871743847819,0.4379194629412752,0.7075894329579929,0.41288273428589756,0.01728215660857263,2,0.207198208015492,149
SNE_10332415.jpg,1,,0,0,0,0,0,1,0,0.59999999988,0.47451270410961327,0.02017604229623489,0.16478074175740692,0.5213700145049279,0.06461557232219974,0.33943089419579936,0.6545196240158402,0.3796349358875469,0.0,4,0.33429927192377534,123
SNE_10332451.jpg,1,,0,0,0,0,0,1,0,0.39999999992,0.5654474836695103,0.0210279791589604,0.18697355722794315,0.3974810379586732,0.055484963992266406,0.22422680404896908,0.645980854976702,0.39308850226979547,0.0,3,0.33574756459126065,97
SNE_10405190.jpg,1,,0,0,0,0,0,1,0,0.59999999988,0.5506811252538278,0.0,0.16234222692909586,0.3338394943301194,0.02399793631120363,0.3391089107780527,0.8450100465442966,0.35746492887579484,0.06364903091339144,4,0.2447455672480829,101
SNE_10405193.jpg,1,,0,0,0,0,0,1,0,0.59999999988,0.6559959036929403,0.0,0.1677139837519727,0.4255309474590922,0.06880805215596193,0.28124999990625,0.8410090233356755,0.3830930596970719,0.3997805699243468,4,0.2744392792914976,136
SNE_10405196.jpg,1,,0,0,0,0,0,1,0,0.39999999992,0.44969693300257996,0.0,0.19607179295405322,0.388419127114952,0.017141872682250772,0.31481481470987654,0.7157877129032977,0.3929871900595858,0.45750135778430745,3,0.23980360065465664,81
SNE_10405201.jpg,1,,0,0,0,0,0,1,0,0.39999999992,0.5738758028131692,0.0,0.15080359389195264,0.33057746903417995,0.10851585689977195,0.22564102556581198,0.8201936833398825,0.3874140508463855,0.7112925417031118,3,0.2924883808566671,195
SNE_10405210.jpg,1,,0,0,0,0,0,1,0,0.0,0.1755602705189202,0.0,0.16945296426371978,0.4637654853994351,0.010690084692525142,0.32876712317808215,0.7751803724266346,0.39218942497257836,0.3244819435057628,1,0.287197573999595,73
SNE_10405214.jpg,1,,0,0,0,0,0,1,0,0.79999999984,0.699000557677481,0.032656845556140277,0.1625206168204251,0.4755838773689178,0.056212652204787335,0.3558558557372372,0.7262802392105505,0.394126653747027,0.5429394668699125,5,0.3555166374780953,111
SNE_10405269.jpg,1,,0,0,0,0,0,1,0,0.39999999992,0.7109809291407898,0.14025559867357798,0.16661050334008137,0.4621798499794924,0.06291693755532383,0.3466666665511111,0.7832277061669966,0.4253736626370574,0.0,3,0.5384345178853381,75
SNE_10405275.jpg,1,,0,0,0,0,0,1,0,0.19999999996,0.48173511532227953,0.01722677942370171,0.1867021638024366,0.35817518347298355,0.05311499183634008,0.34890109878479847,0.7205219556961817,0.41352094898249186,0.0,2,0.3292855250375197,91
SNE_10405286.jpg,1,,0,0,0,0,0,1,0,0.59999999988,0.7375927737800158,0.4579431770014436,0.18462002137654096,0.5473933069693254,0.09416398135957632,0.13414634141869916,0.8321861817816781,0.5335020801468492,0.0,4,1.0785034013603974,41
SNE_10405301.jpg,1,,0,0,0,0,0,1,0,0.79999999984,0.8891676914804469,0.06183138321596376,0.19126988771879389,0.40462543954100905,0.0880867293738787,0.1666666666111111,0.763258399978118,0.3961814220926332,0.0,5,0.40511335152896977,96
SNE_10405321.jpg,1,,0,0,0,0,0,1,0,0.39999999992,0.6288418332445413,0.07190025422734266,0.1747232741694858,0.3266664037931003,0.08209326291528593,0.2757731957843642,0.6920920591966279,0.45232121648925805,0.2528210237045626,3,0.42223043225838275,97
SNE_10405343.jpg,1,,0,0,0,0,0,1,0,0.39999999992,0.3689892454237476,0.0,0.16840855879917146,0.4854494938952295,0.021136593168777154,0.3909090907787879,0.7306726148822781,0.3923985931141731,0.7511853998021365,3,0.2178079049973187,110
SNE_10405344.jpg,1,,0,0,0,0,0,1,0,0.59999999988,0.676774036054233,0.007475441191667157,0.15675042320157842,0.5648606756239114,0.039436856832107355,0.3809523808253968,0.7967252513037939,0.3656766717667553,0.0,4,0.3127082500333096,105
SNE_10580808.jpg,1,,0,0,0,0,0,1,0,0.79999999984,0.7276760154582856,0.04923180934980932,0.18148895801680465,0.5249125892832616,0.12686813977631348,0.2598425195984252,0.7458040754047852,0.4105390036171918,0.0,5,0.38369407594390764,127
SNE_10580810.jpg,1,,0,0,0,0,0,1,0,0.19999999996,0.4539928570355661,0.07953679666790876,0.1656257212812011,0.3456703036666926,0.10859806579845813,0.29824561393567245,0.8092270805032258,0.38600692980333284,0.0,2,0.4352125544149817,114
SNE_10580831.jpg,1,,0,0,0,0,0,1,0,0.19999999996,0.3386647763391798,0.0,0.16754383357848313,0.16790883688200076,0.041671616961907194,0.4999999998333333,0.7436682900317894,0.3854925491683579,0.25537998154601554,2,0.22703160270879721,127
SNE_10580835.jpg,1,,0,0,0,0,0,1,0,0.19999999996,0.34066536199270536,0.0,0.14465764909984077,0.4089443063567172,0.027187661170680933,0.5085470083774928,0.7238187874342856,0.4063747606138584,0.06779350422043286,2,0.28672162596566897,117
SNE_10580852.jpg,1,,0,0,0,0,0,1,0,0.39999999992,0.7657258534613275,0.025513819970807636,0.1822730334190896,0.39673947534361176,0.07367596186246397,0.16836734688265304,0.8160972512441108,0.3671732646939291,0.0,3,0.3433734939758868,98
SNE_10580890.jpg,1,,0,0,0,0,0,1,0,0.59999999988,0.8108784969971019,0.0,0.15839283482412148,0.36705428286084685,0.025828007700956685,0.3679245281792452,0.7589834006366878,0.36285537895694825,0.0799688716964741,4,0.2332011363316673,106
SNE_10580905.jpg,1,,0,0,0,0,0,1,0,0.39999999992,0.3489109315394211,0.09195828150275971,0.16516111174831752,0.3109626065856973,0.08231366554319171,0.27173913034420294,0.7051840522921098,0.3785604627810899,0.0,3,0.4563290786466498,92
SNE_10580909.jpg,1,,0,0,0,0,0,1,0,0.59999999988,0.4356758117739914,0.0,0.14700875752654566,0.35639088853067236,0.027885571203028047,0.4323308269235589,0.7099632307150356,0.36469440844685147,0.11338501616362717,4,0.23451195104556732,133
SNE_10580910.jpg,1,,0,0,0,0,0,1,0,0.19999999996,0.31489089349167676,0.0,0.17138720804345745,0.5361504287196408,0.0406486564015918,0.30048076913060895,0.719998061867754,0.35660600847665436,0.02603953612178735,2,0.2487048398091258,104
SNE_10580911.jpg,1,,0,0,0,0,0,1,0,0.59999999988,0.8000626466555039,0.0,0.13982354369230895,0.44991500559659864,0.04082816326515703,0.3216911763633578,0.73946954190023,0.36209551984650606,0.13214602633644446,4,0.26925889173237927,136
SNE_10580912.jpg,1,,0,0,0,0,0,1,0,0.19999999996,0.3285279731107842,0.0,0.1632358752342935,0.3731969096624902,0.020353595792058234,0.4999999998333333,0.8136974374464945,0.3752398033014748,0.4451717930562427,2,0.2085140102573087,126
SNE_10580918.jpg,1,,0,0,0,0,0,1,0,0.59999999988,0.5794281331068323,0.0,0.14261410449030515,0.34854777321128,0.07555402860170542,0.3324873095338409,0.8149878539176534,0.3876169203103313,0.6606120460179554,4,0.2883069999752667,197
SNE_10580919.jpg,1,,0,0,0,0,0,1,0,0.39999999992,0.32329610429663086,0.0,0.15511603544700409,0.4538385668543067,0.063482340581985,0.2862318839625604,0.7923249582733513,0.36328792368606655,0.3451506966811766,3,0.291469497378172,138
SNE_10580932.jpg,1,,0,0,0,0,0,1,0,0.39999999992,0.32416159444716885,0.260244072875836,0.1728565592060456,0.41331206566113626,0.11190954012822245,0.1270491802855191,0.8186644051596716,0.4099915348610213,0.0,3,0.7424149241491653,61
SNE_10580940.jpg,1,,0,0,0,0,0,1,0,0.59999999988,0.5345554963132543,0.0,0.13499176677486527,0.42910209531481547,0.030831301643593878,0.3469387753945578,0.7540496193438444,0.3520681733487802,0.9775845447049863,4,0.23528015706918737,147
SNE_10580947.jpg,1,,0,0,0,0,0,1,0,0.19999999996,0.29017376811046125,0.012986285242341468,0.1787668490479361,0.49362792121583243,0.027588022206255173,0.36328124987890625,0.8565252265840688,0.3612211984873927,0.03430975583371222,2,0.32207668492496677,64
SNE_10580949.jpg,1,,0,0,0,0,0,1,0,0.39999999992,0.432341444791259,0.0,0.16183271279521128,0.36791189260138174,0.03492167002950803,0.29525862059123564,0.7845544324661252,0.352864092710613,0.42779784893950684,3,0.23372339815292167,116
SNE_10728239.jpg,1,,0,1,0,0,0,0,1,0.39999999992,0.4825711851167019,0.007662719341699151,0.16959427384628464,0.3657256950776241,0.03585459950711238,0.24117647050784316,0.6726104834090981,0.40536724722410306,0.07046955877399672,3,0.31302662288855126,85
SNE_10728241.jpg,1,,0,1,0,0,0,0,1,0.0,0.22498190689310194,0.0,0.16866948097560927,0.3609565598629374,0.03603523723274528,0.34742647047242653,0.0,0.5318995717048569,0.0,1,0.19487662273312373,136
SNE_10728242.jpg,1,,0,1,0,0,0,0,1,0.0,0.2809366297203297,0.0,0.16589436004818237,0.4646977287128328,0.022441483226073984,0.22023809516468257,0.709340195326563,0.394381516347636,0.0,1,0.27193071828832494,84
SNE_10728246.jpg,1,,0,1,0,0,0,0,1,0.59999999988,0.4911810454426722,0.09671692814507196,0.17482229286836504,0.37451964350560807,0.06339059271735417,0.11267605630046948,0.742719777544772,0.4391992195795088,0.0,4,0.46441877794333924,71
SNE_10728247.jpg,1,,0,1,0,0,0,0,1,0.0,0.17157552736146192,0.3453651636070136,0.1707037382346456,0.4658695460122584,0.19440845958158146,0.20731707310162606,0.7021548034098245,0.5139861994075762,0.0,1,0.8871207784772882,82
SNE_10728248.jpg,1,,0,1,0,0,0,0,1,0.0,0.0912082481144352,0.0,0.16258152196767484,0.48687539104605315,0.05551247775977365,0.4336734692431973,0.7018348475157066,0.41319522397789776,0.0,1,0.22219116043721948,147
SNE_10728249.jpg,1,,0,1,0,0,0,0,1,0.19999999996,0.49132577819730006,0.020746774534038108,0.16481645401572556,0.43386152512271586,0.07780603925462452,0.2656249999114583,0.6615900541462563,0.4400516809946948,0.0,2,0.33526951672861155,128
SNE_10728253.jpg,1,,0,1,0,0,0,0,1,0.0,0.17797276054626796,0.1733798297711108,0.1703337373155427,0.4336763817384251,0.08442982454868372,0.1874999999375,0.695818679681135,0.4891246590881393,0.0,1,0.5947457107842682,68
SNE_10728258.jpg,1,,0,1,0,0,0,0,1,0.39999999992,0.24532520948010816,0.31443189712356584,0.18644117220261752,0.37013076567966524,0.17084270116132197,0.22348484841035351,0.6528935621710331,0.49480201298668974,0.0,3,0.8345342254244937,66
SNE_10728260.jpg,1,,0,1,0,0,0,0,1,0.19999999996,0.34800871433961245,0.0,0.17211941791720828,0.37590830095919725,0.04842702602817793,0.3726114648439491,0.5517540162657258,0.40334690592894973,0.0,2,0.1784360247535607,157
SNE_10728262.jpg,1,,0,1,0,0,0,0,1,0.0,0.17423006558498622,0.07203580372214548,0.18445685221331404,0.42693124533363713,0.04795662252822414,0.3095238094206349,0.589668602108661,0.4121863896934746,0.0,1,0.4224608663996831,63
SNE_10728265.jpg,1,,0,1,0,0,0,0,1,0.19999999996,0.9412185343660612,0.041628190229197455,0.1718387889473142,0.05908263856966389,0.12979819734684198,0.2951612902241935,0.45753324508825444,0.4714401444394153,0.0,2,0.37076792343126386,155
SNE_10728266.jpg,1,,0,1,0,0,0,0,1,0.0,0.29608748825433484,0.6080072467325499,0.16350149724107074,0.28277028932737946,0.2513171109322352,0.29710144917632847,0.3369243729377147,0.5291675333950254,0.0,1,1.333612320053342,69
SNE_10728267.jpg,1,,0,1,0,0,0,0,1,0.39999999992,0.3734173177774783,0.38010893529939227,0.18671418180064292,0.3372288417994398,0.23947849103775043,0.2943037973702532,0.5489533351683479,0.5354248032893094,0.0,3,0.9461851903890759,79
SNE_10728268.jpg,1,,0,1,0,0,0,0,1,0.39999999992,0.32173121011529754,0.270461220766476,0.1822096768807878,0.43679869755051387,0.13586520019321832,0.2210144926799517,0.672054114375167,0.5104316284793572,0.0,3,0.7597840755734704,69
SNE_10728269.jpg,1,,0,1,0,0,0,0,1,0.19999999996,0.3097399667331251,0.03514509249908303,0.1741088157046873,0.45156850519797265,0.048606738515151036,0.27134146332418696,0.6340220723271568,0.3969469286167789,0.03717256968185714,2,0.35974665728358624,82
SNE_10728272.jpg,1,,0,1,0,0,0,0,1,0.19999999996,0.4102324249246938,0.0,0.17605617522962128,0.25009872226155405,0.029699192110147682,0.349206349089947,0.6339839785835464,0.38690871607604255,0.0,2,0.1824750459353384,126
SNE_10728273.jpg,1,,0,1,0,0,0,0,1,0.19999999996,0.2790813969595077,0.0,0.16675078661216014,0.412191731160349,0.07111680043485179,0.3261589402886313,0.714423134594851,0.46059478841990936,0.017209055857242573,2,0.259288094422464,151
SNE_10728274.jpg,1,,0,1,0,0,0,0,1,0.0,0.12439182596046683,0.05835374648423409,0.17486024131750572,0.3507962991811071,0.04344432100697681,0.3203124998932292,0.7177728836526868,0.43410187300427167,0.039056854394619055,1,0.3992013690815517,64
SNE_10728277.jpg,1,,0,1,0,0,0,0,1,0.0,0.12771249654368627,0.052748216803865905,0.14636150799452796,0.4567379118353037,0.05172863621031108,0.19836956515126808,0.7831724812336631,0.39028991913129096,0.0,1,0.38967196861932024,92
SNE_10728279.jpg,1,,0,1,0,0,0,0,1,0.0,0.15971985278516598,0.0,0.17438819901540545,0.3859417483898746,0.02087094840558324,0.3333333332222222,0.7813678906742884,0.44131663995489606,0.8132779380211199,1,0.26409081143019897,78
SNE_10728284.jpg,1,,0,1,0,0,0,0,1,0.0,0.09493875659216061,0.0,0.17244992649707974,0.5223341082047371,0.04583786631956657,0.3655172412574713,0.5272775032207153,0.42009167625865007,0.0,1,0.19313049985806321,145
SNE_10728285.jpg,1,,0,1,0,0,0,0,1,0.19999999996,0.28302153767049726,0.09138930868492665,0.17475723710957486,0.37521371655755636,0.10433858635850493,0.2802197801263736,0.7186460057566278,0.47420398469744934,0.0,2,0.4553618248557646,91
SNE_10728286.jpg,1,,0,1,0,0,0,0,1,0.39999999992,0.26127083568647336,0.22757891050812495,0.1675929473762614,0.33160789097531584,0.14373612206779107,0.31410256399786324,0.5632841153750627,0.4885692114068729,0.0,3,0.6868841480913913,78
SNE_10728288.jpg,1,,0,1,0,0,0,0,1,0.19999999996,0.45760184854369046,0.11375304962505393,0.1706644091140133,0.4120519594041997,0.10093361028879495,0.18817204294802864,0.6521221979627405,0.45314845624856775,0.0,2,0.49338018447634474,93
SNE_10728290.jpg,1,,0,1,0,0,0,0,1,0.19999999996,0.4665484700533481,0.13502842264468462,0.1671271255029908,0.439784281900462,0.14634699767549797,0.24780701746125733,0.64699229855158,0.501211509091221,0.0,2,0.5295483186309923,114
SNE_10728291.jpg,1,,0,0,0,0,0,0,1,0.19999999996,0.2498655256501215,0.5510632708755394,0.1588621375025211,0.4754687690073146,0.15808818446196796,0.3073770490778689,0.7128857693698183,0.5383292542947828,0.0,2,1.2368075610394804,61
SNE_10728295.jpg,1,,0,1,0,0,0,0,1,0.19999999996,0.24165625821641362,0.0,0.18137179122889932,0.46810631881093145,0.0018013676443788432,0.24999999991666666,0.6742702955421872,0.39192511482633113,0.682756455958108,2,0.18933230370390278,75
SNE_10728297.jpg,1,,0,1,0,0,0,0,1,0.19999999996,0.2994264340818841,0.02582011824189513,0.17703379371079309,0.4686476416748082,0.06003770664730823,0.2611111110240741,0.6298535173852524,0.4617813785476953,0.009447695036007984,2,0.3438942010370418,90
SNE_10728300.jpg,1,,0,1,0,0,0,0,1,0.19999999996,0.24780846754536354,0.3257390481628993,0.18344708719458683,0.4736700892742156,0.13611526991345776,0.1398305084279661,0.7516257000627493,0.5237004307175737,0.0,2,0.8537563822026679,59
SNE_10728301.jpg,1,,0,1,0,0,0,0,1,0.39999999992,0.4637926246909944,0.12839866066450922,0.15471039871943937,0.4563071055419804,0.15881152831300024,0.32061068691603056,0.6448510248263413,0.4521215529807142,0.0,3,0.5182777232580643,131
SNE_10728304.jpg,1,,0,1,0,0,0,0,1,0.0,0.38650983632987046,0.0,0.15897588990806794,0.461166827802864,0.019244366511043633,0.21511627899806202,0.708075910594856,0.38618474159542127,0.019718190313092968,1,0.25229459777050045,86
SNE_10728305.jpg,1,,0,1,0,0,0,0,1,0.19999999996,0.2535597756768234,0.053566108920823745,0.16981529896138675,0.3859528170217565,0.06745828340947484,0.3079268291656504,0.6371256656072362,0.4068086078919282,0.0,2,0.39106238521896647,82
SNE_10728307.jpg,1,,0,1,0,0,0,0,1,0.0,0.2273068115239002,0.02428488546648293,0.1889229121555996,0.45319996141080077,0.051751376719593505,0.2905405404436937,0.651191091999155,0.4509829960608259,0.21349342196758556,1,0.34128430531730586,74
SNE_10728309.jpg,1,,0,1,0,0,0,0,1,0.19999999996,0.528190171451319,0.0008110336517961504,0.15963053439706193,0.4065650817107649,0.03782486426063144,0.130555555512037,0.6017703640373231,0.39515628377235285,0.0,2,0.3013787572088645,90
SNE_10728310.jpg,1,,0,1,0,0,0,0,1,0.19999999996,0.23117110456324208,0.005441605049077482,0.18728630314003053,0.4730732958441344,0.015403037061655444,0.17727272721363632,0.6689752145528914,0.39868622994331965,0.692319253719121,2,0.3092507285888733,55
SNE_10728313.jpg,1,,0,1,0,0,0,0,1,0.0,0.286602605251576,0.08477871731323874,0.18835978659280447,0.4058628052749391,0.07680731207873712,0.26666666657777777,0.6133654773845478,0.4748391860179532,0.01815320017767894,1,0.4441238195172846,75
SNE_10728314.jpg,1,,0,1,0,0,0,0,1,0.19999999996,0.24055099400385405,0.04618128713961823,0.18847074661361204,0.3613520564969137,0.05244274971157998,0.27173913034420294,0.4977269654315265,0.4533883310256515,0.0,2,0.37850818818353227,69
SNE_10728315.jpg,1,,0,1,0,0,0,0,1,0.19999999996,0.40218686823439964,0.0,0.1884865670035762,0.5131839829283844,0.020332717187809626,0.2979797978804714,0.7093901615553634,0.40428289743598766,0.003162867076331311,2,0.1877835657872574,99
SNE_10728316.jpg,1,,0,1,0,0,0,0,1,0.0,0.12733690333340797,0.10428444604432004,0.19482158846713454,0.4311660477765885,0.0518791020345626,0.4099999998633333,0.6590174225787717,0.4367066210456582,0.17797193302548586,1,0.4772835583796285,50
SNE_10728318.jpg,1,,0,1,0,0,0,0,1,0.19999999996,0.2787928883227666,0.0,0.160681466767439,0.3730193890039758,0.03334748243672396,0.23423423415615613,0.7458580574607401,0.4153928715697288,0.0,2,0.23888856184140111,111
SNE_10728319.jpg,1,,0,1,0,0,0,0,1,1.0,0.7937285636948799,0.0,0.16387025490426074,0.40628787110046316,0.08069667520717523,0.23120300744172928,0.5962740751173683,0.40489024561038756,0.0,8,0.29739819435448944,133
SNE_10728320.jpg,1,,0,1,0,0,0,0,1,0.19999999996,0.39987094941748264,0.0,0.16285834817129274,0.3957681673805812,0.05308369457852304,0.4103773583537735,0.6562587417803533,0.4096504005850798,0.0,2,0.20116220313289035,159
SNE_10728321.jpg,1,,0,1,0,0,0,0,1,0.0,0.21810429197701045,0.12391285334080193,0.1723109911990568,0.42041197302781963,0.08892125563578573,0.21710526308552633,0.6299628432630611,0.4314313995868776,0.0,1,0.5106518508032761,76
SNE_10728322.jpg,1,,0,1,0,0,0,0,0,0.39999999992,0.5897715673169344,0.199533932302796,0.172124043062374,0.41760948447768653,0.11739307460985646,0.0690789473453947,0.7412572961430925,0.45572383450243986,0.0,3,0.6392076851142872,76
SNE_10728324.jpg,1,,0,1,0,0,0,0,1,0.0,0.38722130767423535,0.14260318609564254,0.15122019953295404,0.44770749155409206,0.05102741354716101,0.1311475409398907,0.7469463772732499,0.39841246421349,0.0,1,0.5424254165051955,61
SNE_10728325.jpg,1,,0,1,0,0,0,0,1,0.0,0.40773858348990816,0.0,0.18851715517445974,0.4468739657755113,0.0,0.21874999992708333,0.6908111013991172,0.3759936610772683,0.19401563835157482,1,0.15653082042065003,80
SNE_10728328.jpg,1,,0,1,0,0,0,0,1,0.39999999992,0.29006204085986986,0.007982523948723648,0.19844674826845876,0.32442123199620826,0.022039866687521937,0.18859649116520472,0.5605520056178325,0.4068203564833357,0.14440461774803143,3,0.3135702907208127,57
SNE_10728330.jpg,1,,0,1,0,0,0,0,1,0.19999999996,0.32226333126367546,0.2711469095033472,0.17619328392293587,0.4123876330562788,0.1263254955961504,0.08898305081779659,0.7209122630821321,0.44994807743528237,0.0,2,0.7609497464268371,59
SNE_10728331.jpg,1,,0,1,0,0,0,0,1,0.19999999996,0.3065991538223919,0.0,0.1562757472151439,0.41841754356438,0.02272275769247272,0.33522727261553037,0.6225376499274917,0.4140315831233556,0.24368663536133464,2,0.193283873486915,132
SNE_10728333.jpg,1,,0,1,0,0,0,0,1,0.39999999992,0.5158606967635149,0.0,0.17251557824571492,0.351121799784965,0.07179959283243897,0.37969924799373433,0.5813208065045322,0.4056770630575024,0.0,3,0.2669226393629029,133
SNE_10728334.jpg,1,,0,1,0,0,0,0,1,0.19999999996,0.28613493832923786,0.0,0.1637206875719118,0.4042768868726929,0.08049714941195378,0.24999999991666666,0.762911741827065,0.42303929107767024,0.021381218740465585,2,0.2917937825834991,131
SNE_10728337.jpg,1,,0,1,0,0,0,0,1,0.0,0.12120406186705586,0.24368957798195934,0.17708873247415835,0.45648530787285735,0.1329348191631564,0.27666666657444444,0.5420366390391778,0.5237105508103576,0.0,1,0.7142722828130205,75
SNE_10728341.jpg,1,,0,1,0,0,0,0,1,0.19999999996,0.16911771962099068,0.6324661376114569,0.18311099225995456,0.41946308658763554,0.21359369386936577,0.09239130431702898,0.7300418078152318,0.5214132433788697,0.0,2,1.3751924345719428,46
SNE_10728343.jpg,1,,0,1,0,0,0,0,1,0.0,0.3577634226444175,0.05876355543858941,0.11567764390132901,0.293731190691917,0.14127937322807205,0.35377358478773585,0.7226123910097231,0.44271477541525334,0.14404176901897048,1,0.39989804430436554,159
SNE_10728344.jpg,1,,0,1,0,0,0,0,1,0.19999999996,0.2852124743038297,0.0,0.19342278040958136,0.4410276960524056,0.0,0.3333333332222222,0.6910512221704159,0.36568593739084726,0.4692241714511327,2,0.14734526399050457,72
SNE_10728347.jpg,1,,0,1,0,0,0,0,0,0.39999999992,0.44687364030409393,0.22054317117348557,0.1657975032443452,0.41000933471366546,0.15121050837427558,0.29395604385805857,0.4906019015665596,0.5109139379818657,0.0,3,0.6749233912154686,91
SNE_10728349.jpg,1,,0,1,0,0,0,0,0,0.39999999992,0.4870875943787748,0.0,0.16663701182790536,0.3266076400319585,0.0007473043653796574,0.28440366962996944,0.4428892990230635,0.38072296959604257,0.22289173518493033,3,0.14699369149747574,109
SNE_10728350.jpg,1,,0,1,0,0,0,0,1,0.39999999992,0.550735480931447,0.0,0.17667395416219872,0.5144576211501992,0.029003132129157144,0.2849264704932598,0.5777585238941298,0.41231708901861475,0.4454870951755548,3,0.16578089003443888,136
SNE_10728352.jpg,1,,0,1,0,0,0,0,1,0.19999999996,0.42611264651719816,0.09879923585010804,0.15955782706103566,0.43059001303569944,0.0718360184849938,0.25914634137703246,0.6203301956052736,0.4304208363971213,0.0,2,0.4679587010439829,82
SNE_10728354.jpg,1,,0,1,0,0,0,0,1,0.0,0.23961731519398405,0.18995522073089227,0.17230731806873584,0.41160342452585486,0.11810234928097535,0.20333333326555558,0.7362994021908009,0.47426672763239897,0.0,1,0.6229238754324721,75
SNE_10728355.jpg,1,,0,1,0,0,0,0,0,0.19999999996,0.20534980411690218,0.21919876086184187,0.1654096961607198,0.402960635359728,0.16224488898755343,0.26275510195323126,0.7051001848238142,0.5260729714697221,0.0,2,0.6726378936843299,98
SNE_10728356.jpg,1,,0,1,0,0,0,0,1,0.39999999992,0.4596076538562631,0.5091519980956478,0.1793080653210636,0.496306638583576,0.23901826171093224,0.19230769224358973,0.6701177152468086,0.509865486755008,0.0,3,1.1655583972717534,65
SNE_10728358.jpg,1,,0,1,0,0,0,0,0,0.19999999996,0.5328134935970692,0.09492049602361909,0.17223798957007172,0.4308190505842068,0.09935153868534256,0.17816091948084292,0.366513838283275,0.43231507846801803,0.0,2,0.46136484333507294,87
SNE_10728359.jpg,1,,0,1,0,0,0,0,0,0.19999999996,0.38342988497446184,0.15427805642792847,0.1590020929126768,0.31965407206755214,0.1044722215064405,0.2844827585258621,0.6809407699644289,0.4873984979449177,0.0,2,0.5622726960817565,87
SNE_10728360.jpg,1,,0,1,0,0,0,0,0,0.39999999992,0.4877594808914517,0.009678127319484663,0.18119910385944438,0.3190222000543234,0.04076325128424489,0.19871794865170944,0.5912984717697911,0.4190763904720604,0.0,3,0.31645281645280204,78
SNE_10728361.jpg,1,,0,1,0,0,0,0,0,0.59999999988,0.5725855834925737,0.11045151999257287,0.18255372182488122,0.33865928189175865,0.12661135740194146,0.272959183582483,0.5787029737429696,0.5309926907171596,0.0,4,0.4877675840978254,98
SNE_10728362.jpg,1,,0,1,0,0,0,0,1,0.19999999996,0.6612739317434478,0.0,0.16768842860463717,0.29417336956794615,0.06972819252945146,0.25344827577758616,0.567747951538363,0.4635270514064112,0.18046068916565225,2,0.26843033509699316,145
SNE_10728365.jpg,1,,0,1,0,0,0,0,0,0.0,0.2386179912862538,0.0,0.17049996104294407,0.3811965984461949,0.0,0.24999999991666666,0.6348194430277502,0.3730583912409366,0.36472748733040067,1,0.18533679708204925,71
SNE_10728369.jpg,1,,0,1,0,0,0,0,0,0.9999999998,0.6734077594493503,0.0,0.17706217859383896,0.28900022080681576,0.04562058522861387,0.21577380945188493,0.49946486176163396,0.4037311087566433,0.016301827311883153,6,0.29270840278240123,168
SNE_10728371.jpg,1,,0,1,0,0,0,0,0,0.59999999988,0.5748385024930454,0.0,0.1467639695556976,0.40291266285790106,0.02296008477306412,0.2570093457087227,0.6245615316575661,0.37268919134115214,0.0,4,0.23387919463086623,107
SNE_10728375.jpg,1,,0,1,0,0,0,0,1,0.39999999992,0.6109821137466487,0.13487295147656111,0.16640459054641,0.42091562862708964,0.08131373563429702,0.17666666660777777,0.6090291833518278,0.4610208657950808,0.056396334504233266,3,0.5292840176450269,75
SNE_10728379.jpg,1,,0,1,0,0,0,0,1,0.59999999988,0.7282939071866328,0.0,0.171677260231931,0.39269309633563926,0.02482572107236439,0.22669491517867232,0.6128874358563909,0.3790407202702549,0.703932808440767,4,0.15427787478173724,118
SNE_10728382.jpg,1,,0,1,0,0,0,0,0,0.79999999984,0.46648346271492735,0.010443786736633025,0.18636896001389797,0.3815589098975261,0.037891936642873804,0.30333333323222217,0.46875003485882083,0.42449641578648195,0.1363634955598474,5,0.3177544374627199,75
SNE_10728383.jpg,1,,0,1,0,0,0,0,0,0.0,0.3365809310742149,0.24232854919643979,0.1582608529314426,0.40746506406746885,0.11299908414155867,0.14338235289338236,0.7788612737243079,0.4553388054885848,0.0,1,0.7119585338762762,68
SNE_10728384.jpg,1,,0,1,0,0,0,0,1,0.19999999996,0.3491853840778961,0.0919320824005374,0.18185552274393244,0.36328278159752064,0.08534266087712918,0.1216216215810811,0.511457236738674,0.4266095259232312,0.011742477761334639,2,0.45628454017284564,74
SNE_10728385.jpg,1,,0,1,0,0,0,0,1,0.19999999996,0.4105744181206217,0.0,0.19943834591604326,0.35943193966933973,0.06055461233092854,0.3406862743962418,0.47699371600329554,0.4220458463099566,0.0,2,0.24001686696182836,102
SNE_10728389.jpg,1,,0,1,0,0,0,0,1,0.0,0.18559532237616883,0.25304817622921905,0.18815455522760213,0.3535199924987127,0.1482974221726452,0.22794117639460784,0.6180292039260882,0.532518111650667,0.0,1,0.7301818998427205,68
SNE_10728390.jpg,1,,0,1,0,0,0,0,1,0.19999999996,0.27857518765573497,0.2578339745596627,0.18723545805246258,0.38524503905180724,0.16294717406738124,0.19014084500704223,0.733596018253166,0.525741224000712,0.0,2,0.7383177570092606,71
SNE_10728391.jpg,1,,0,1,0,0,0,0,1,0.19999999996,0.5222621257860621,0.040135351624663265,0.17667807351688805,0.3645033807787217,0.11341609886414152,0.27083333324305553,0.6241336180216822,0.4732908765411148,0.0,2,0.3682300978020629,120
SNE_10728395.jpg,1,,0,1,0,0,0,0,1,0.19999999996,0.27413401275641297,0.20602289437340335,0.1637016600314397,0.3973386488668347,0.10516946350821574,0.14453124995182293,0.8154354628661156,0.501058564411377,0.0,2,0.6502389206408086,64
SNE_10728396.jpg,1,,0,1,0,0,0,0,0,0.39999999992,0.35900427294280046,0.3597572360161174,0.205293553351423,0.3948847835549478,0.2147034251816568,0.22656249992447916,0.3364407230951544,0.4927764687725665,0.0,3,0.9115873015871568,64
SNE_10728397.jpg,1,,0,1,0,0,0,0,1,0.0,0.2123817738565231,0.5397732549560182,0.1940519046428661,0.48993294807884313,0.17602062022127218,0.17613636357765147,0.5648562059886341,0.5275768891661694,0.0,1,1.2176145339650044,44
SNE_10728398.jpg,1,,0,1,0,0,0,0,0,0.0,0.18329418784402096,0.06073010706906881,0.16228318675227094,0.4217542730784327,0.05214165340289999,0.267605633713615,0.606215965988055,0.3949477598815271,0.0,1,0.4032411820781471,71
SNE_10728399.jpg,1,,0,1,0,0,0,0,1,0.0,0.3935345091937461,0.0,0.19220901899431914,0.39247469827746606,0.0174475009109379,0.15234374994921876,0.5079929001628085,0.390672270170321,0.10642865917263043,1,0.2600174759705297,64
SNE_10728400.jpg,1,,0,1,0,0,0,0,0,0.0,0.26170375634979787,0.0,0.18377898727454148,0.38507753811441303,0.008735151109248423,0.34595959584427616,0.48679581280560014,0.408103952346277,0.29231010429806065,1,0.15798275780844778,99
SNE_10728402.jpg,1,,0,1,0,0,0,0,0,0.19999999996,0.26789029153471455,0.016163589822146066,0.17628748370355124,0.41405349932802826,0.03679650952828944,0.19718309852582164,0.5933250698640947,0.43926583622657156,0.3136840048157574,2,0.3274781027138119,71
SNE_10728403.jpg,1,,0,1,0,0,0,0,1,0.19999999996,0.2180573194933943,0.07293061497320873,0.18113497522348768,0.372919651400779,0.08067700510230355,0.19936708854113927,0.6695503580872255,0.45444449289184186,0.002586298992977637,2,0.42398204552738544,79
SNE_10728404.jpg,1,,0,1,0,0,0,0,0,0.59999999988,0.5119232652476229,0.01654788125659964,0.16940561899297926,0.3497190018763449,0.03956168686811949,0.21103896096861474,0.6152073896119103,0.4555968723172003,0.9615875631983195,4,0.32813139815276726,77
SNE_10728405.jpg,1,,0,1,0,0,0,0,0,0.9999999998,0.6579547019942861,0.09533423734366579,0.17889445028484888,0.24165994409915625,0.10824420555559078,0.16716867464307228,0.5739011384727168,0.4374077792889448,0.0,6,0.4620682035795661,166
SNE_10728407.jpg,1,,0,1,0,0,0,0,0,0.19999999996,0.3818135430518682,0.0,0.1680765129168927,0.3196593930124041,0.03326365202956822,0.20786516847003747,0.6032932645036706,0.3866913301102358,0.0,2,0.26467891590566384,89
SNE_10728408.jpg,1,,0,1,0,0,0,0,0,0.39999999992,0.6646759693139487,0.0,0.1644424976973338,0.3725367514731495,0.002428311453816763,0.21391752570189002,0.550375206757308,0.3734848249432948,0.10042780076473883,3,0.15791290092965732,97
SNE_10728410.jpg,1,,0,1,0,0,0,0,1,0.0,0.6444413454751108,0.0,0.14880964331292468,0.4918176919376183,0.027394283713199376,0.4304635760154526,0.6329611074120782,0.38072809996917273,0.08907461365474802,1,0.16824086194743393,151
SNE_10728414.jpg,1,,0,1,0,0,0,0,1,0.19999999996,0.3354287045224833,0.0,0.15592607266644654,0.3462994505749576,0.006386181564337072,0.26623376614502164,0.689050781370321,0.3693332367829002,0.19080405951298582,2,0.2352478592648618,77
SNE_10728416.jpg,1,,0,1,0,0,0,0,1,0.19999999996,0.3450421917459181,0.0,0.15419808309253258,0.39800156018313115,0.032990723946289664,0.22631578939824556,0.5906193501078529,0.3805187034796004,0.5237847271303921,2,0.2677238166997648,95
SNE_10728417.jpg,1,,0,1,0,0,0,0,1,0.19999999996,0.5220200271589568,0.23917599660310376,0.1741974270990094,0.3830620123749301,0.20011740594872676,0.2580645160430107,0.7871199614041671,0.5338369419211685,0.0,2,0.7065991944644524,93
SNE_10728419.jpg,1,,0,1,0,0,0,0,0,0.59999999988,0.6474398286236712,0.0,0.1747694608438118,0.41196921522421465,0.030178700815878184,0.17329545448768935,0.6540786898282052,0.40450852521346586,1.0,4,0.23579474342927817,88
SNE_10757333.jpg,1,,0,0,0,0,0,1,1,0.0,0.051091278919055044,0.0,0.17402759068826995,0.49314086109385796,0.021583641477928905,0.374999999875,0.7610065860550506,0.36377480086855574,0.02686924912176966,1,0.2296682765184817,80
SNE_10757350.jpg,1,,0,0,0,0,0,1,1,0.0,0.03901635791050223,0.0,0.17915509373357905,0.44796148583888984,0.006111450754434472,0.2638888888009259,0.7404015967010107,0.37037395175383175,0.0,1,0.2634450828820527,54
SNE_10757352.jpg,1,,0,0,0,0,0,1,1,0.0,0.12085884324750193,0.0,0.17739157606948053,0.10081652479493566,0.020621044355399933,0.3617647057617647,0.7510241051491443,0.3688249045410391,0.05384682488678905,1,0.22570081215613616,85
SNE_10757353.jpg,1,,0,0,0,0,0,1,1,0.0,0.0427133860569574,0.011869117256201779,0.1874249348531238,0.509706268603199,0.022929288761611606,0.17727272721363632,0.7483605623308307,0.39323997241519015,0.0,1,0.32017749934741213,55
SNE_10757377.jpg,1,,0,0,0,0,0,1,1,0.0,0.04599038955385397,0.0,0.18593450252381982,0.3913943355395739,0.015431831397138156,0.20909090902121208,0.6887080463984641,0.39219313466243616,0.0,1,0.28652715730071543,55
SNE_10757384.jpg,1,,0,0,0,0,0,1,1,0.0,0.048256031810102906,0.0,0.18285175653831653,0.567834426980837,0.017879964670884485,0.374999999875,0.7300218704852406,0.3607060042144742,0.0,1,0.2152928961382518,80
SNE_10757386.jpg,1,,0,0,0,0,0,1,1,0.0,0.04773883542713419,0.0,0.1840370445266286,0.5401983939719281,0.020428084433252842,0.36855670090807563,0.6779186411490588,0.36322527096630036,0.10811414034844997,1,0.17891181773948373,97
SNE_10757400.jpg,1,,0,0,0,0,0,1,1,0.0,0.045787586721839496,0.0,0.1836742566479387,0.38564926460260557,0.021244174493252048,0.3644578312038152,0.7362880333201361,0.39083073266737045,0.06681999505034612,1,0.21392816072515003,83
SNE_10757422.jpg,1,,0,0,0,0,0,1,1,0.0,0.043053052238125875,0.0,0.17647801099032998,0.4995563133193499,0.014382346709364738,0.3827160492551441,0.767347358232882,0.3831509300134105,0.19071092971740755,1,0.21412852112675382,81
SNE_10757441.jpg,1,,0,0,0,0,0,1,1,0.0,0.05755374626450356,0.0,0.2027827766503465,0.47326836563150054,0.0013754926017947521,0.3945312498684896,0.6764145083226181,0.3690353638396804,0.6473518164982225,1,0.18335738335737747,64
SNE_10757444.jpg,1,,0,0,0,0,0,1,1,0.0,0.05484851030102711,0.0,0.17576684030439765,0.5275089276598883,0.009954619313635952,0.2681818180924242,0.7446985069163964,0.3770780832597088,0.0,1,0.2741503070137389,55
SNE_10757451.jpg,1,,0,0,0,0,0,1,1,0.0,0.08579720964550905,0.0,0.1808431577223645,0.526551354762343,0.022683196464139656,0.36160714273660705,0.6970202022237919,0.34128403622411274,0.49175652229282596,1,0.167118107016912,112
SNE_10757452.jpg,1,,0,0,0,0,0,1,1,0.0,0.10478470297356965,0.0,0.18912682323501678,0.5163324055585954,0.0,0.3256578946282895,0.7703288341363368,0.3886103259659892,0.0536220949787326,1,0.1649897303902409,76
SNE_10757454.jpg,1,,0,0,0,0,0,1,1,0.0,0.05058026328129174,0.0,0.1841181878128318,0.5294240546504096,0.0,0.3274647886232394,0.6978381602176926,0.34926925923495794,0.23946318142811412,1,0.16697497279651344,71
SNE_10757463.jpg,1,,0,0,0,0,0,1,1,0.0,0.05724348911650025,0.0,0.19551996311450653,0.5517230742668008,0.0,0.20588235287254902,0.7733224880850896,0.3455992805480131,0.1291680772142183,1,0.2130079463714001,51
SNE_10757476.jpg,1,,0,0,0,0,0,1,1,0.0,0.057710576828035376,0.0,0.17174984606599641,0.47250836164641047,0.017776317462394275,0.329365079255291,0.7218231054873249,0.3851811923490569,0.0,1,0.2874251497005866,63
SNE_10757478.jpg,1,,0,0,0,0,0,1,1,0.0,0.041587139826893216,0.020090765190254583,0.21194962406099094,0.48043335353470124,0.004079992478066711,0.2285714284952381,0.7611751955606635,0.43177485599709914,0.0,1,0.33415430084352354,35
SNE_10757493.jpg,1,,0,0,0,0,0,1,1,0.0,0.06493372487209925,0.0,0.17514869549844264,0.40733767527666404,0.013575630699488814,0.23015873008201057,0.7677154496003169,0.37299092479806545,0.0,1,0.27898246875123683,63
SNE_10757506.jpg,1,,0,0,0,0,0,1,1,0.0,0.06676057458220269,0.0,0.2020490894699567,0.3985572620510861,0.0,0.37804878036178863,0.6266338628249499,0.34151104856962383,0.38755390140257995,1,0.13173681547690436,82
SNE_10757508.jpg,1,,0,0,0,0,0,1,1,0.0,0.12332442115495497,0.0,0.19407270352196956,0.5356379757079821,0.00418997173556641,0.2789855071533816,0.7582295327895827,0.35608907881458,0.38854257419939886,1,0.18353360871197322,69
SNE_10757514.jpg,1,,0,0,0,0,0,1,1,0.0,0.05222084755013145,0.0,0.16747073837180834,0.4974971801781488,0.0,0.3095238094206349,0.7116296714370522,0.35757264280092604,0.3532087589464385,1,0.20825622350903805,63
SNE_10757515.jpg,1,,0,0,0,0,0,1,1,0.0,0.057947680534190305,0.06737521846213897,0.2030872143406293,0.4660821375921229,0.02772496892862024,0.21951219504878045,0.7833598053610109,0.4229410766732749,0.0,1,0.41453787145301146,41
SNE_10757522.jpg,1,,0,0,0,0,0,1,1,0.0,0.07678086890057373,0.0,0.21298705592944375,0.530176891000254,0.010671007412747964,0.24603174594973545,0.7072954313887211,0.3595391845710208,0.23268422751990717,1,0.1899961817487518,63
SNE_10757526.jpg,1,,0,0,0,0,0,1,1,0.0,0.060514699473763256,0.0,0.1913507406546738,0.47334008275288264,0.011856729125050286,0.5176767675042088,0.6805589548699605,0.3725393125464839,0.4831819205029473,1,0.16044951607712665,99
SNE_10757531.jpg,1,,0,0,0,0,0,1,1,0.0,0.0473326372625263,0.006395504595357571,0.20787246614750698,0.4311146054469811,0.030344751280489524,0.3240740739660494,0.6757859563175026,0.4052965560343599,0.0,1,0.31087235781850336,54
SNE_10757536.jpg,1,,0,0,0,0,0,1,1,0.0,0.06087987959038085,0.0,0.2133064347471475,0.5172852043448478,0.024622908526751988,0.24637681151207727,0.7534600622278889,0.39341581558926325,0.0,1,0.22566371681414968,69
SNE_10757550.jpg,1,,0,0,0,0,0,1,1,0.0,0.04854649444674397,0.001284046461598993,0.18909913198488504,0.5457272671835559,0.012224757645493156,0.20918367339965988,0.7170616686452913,0.3852152153801738,0.0,1,0.3021828789860023,49
SNE_10781539.jpg,1,,0,0,0,0,0,1,1,0.0,0.042977522894446674,0.20465589843095955,0.20210781559842145,0.38661802958433084,0.07159716756640477,0.04861111109490738,0.8325877377022592,0.4212020719096544,0.0,1,0.6479150275372871,36
SNE_10781542.jpg,1,,0,0,0,0,0,1,1,0.0,0.042870162806960765,0.0,0.1876346539522617,0.5207516336380567,0.02009984985743204,0.1696428570863095,0.7313101515266204,0.3959520034404715,0.04125291953023739,1,0.28699042542689335,56
SNE_10781544.jpg,1,,0,0,0,0,0,1,1,0.0,0.05035584097488825,0.0,0.17158164846482662,0.47968401208639116,0.009852887693127052,0.5224719099382023,0.7087087280494251,0.37897476349718356,0.7208903495731606,1,0.17717365205559382,89
SNE_10781549.jpg,1,,0,0,0,0,0,1,1,0.0,0.07128067393682547,0.0,0.18194824208910182,0.4621957293382357,0.024458175075219808,0.5510752686335125,0.6394958049545912,0.37342674690875693,0.30292205683817086,1,0.19170315305382582,93
SNE_10781555.jpg,1,,0,0,0,0,0,1,1,0.0,0.0737613003903026,0.0,0.1927887396726418,0.40565611363391624,0.04108054148837015,0.4184782607300725,0.699494993230585,0.4016569253172633,0.0,1,0.22651441842460898,92
SNE_10781560.jpg,1,,0,0,0,0,0,1,1,0.0,0.07808500856559564,0.0,0.16642331735017218,0.46136617113101197,0.0008897928040055364,0.46562499984479166,0.7152260016212552,0.3699339544081269,0.4133129897012152,1,0.18469556374729415,80
SNE_10781563.jpg,1,,0,0,0,0,0,1,1,0.0,0.06491420148487637,0.011507071519556074,0.17666121072451824,0.38715448301356226,0.03274432849995834,0.5039062498320312,0.8344408882448311,0.40034385169697123,1.0,1,0.3195620215947524,64
SNE_10781567.jpg,1,,0,0,0,0,0,1,1,0.0,0.045169210239105986,0.0,0.19314568601630325,0.5457245255837533,0.03718669839174449,0.46505376328584225,0.6681218943413246,0.38466983482592015,0.16674495765145617,1,0.20118907809746767,93
SNE_10781571.jpg,1,,0,0,0,0,0,1,1,0.0,0.04745645658355044,0.05915829743050944,0.20962196275443348,0.39485969275990596,0.08429610610560528,0.27734374990755206,0.565309902244628,0.433099438354622,0.0,1,0.40056910569102433,64
SNE_10781577.jpg,1,,0,0,0,0,0,1,1,0.0,0.05305911865853721,0.2665350778604726,0.2084764566144388,0.42602312238734885,0.11864561603714491,0.17777777771851855,0.7259609894685655,0.5303779956790772,0.0,1,0.7531096326293385,45
SNE_10781587.jpg,1,,0,0,0,0,0,1,1,0.19999999996,0.2616759206074734,0.20038730954806558,0.19611699526099674,0.3694655450002923,0.0849836738164158,0.1221590908683712,0.8081665951783813,0.4776949949579188,0.0,2,0.6406584264320988,88
SNE_10781592.jpg,1,,0,0,0,0,0,1,1,0.0,0.10764955337514515,0.12534479433254697,0.22420516293771667,0.2117441878757595,0.09085691325751674,0.15999999994666667,0.7066168351787535,0.49369366648808655,0.0,1,0.5130861504906746,50
SNE_10781602.jpg,1,,0,0,0,0,0,1,1,0.0,0.06701962929812852,0.036880454179373696,0.17036158913606864,0.46453916465664247,0.025477511551150533,0.3348214284598214,0.6268813675696774,0.4037973876667793,0.0,1,0.3626967721418157,56
SNE_10781603.jpg,1,,0,0,0,0,0,1,1,0.0,0.041993387725703574,0.0,0.1830990090134366,0.5852254990284642,0.03945395159251195,0.3775510202823129,0.7625016440813309,0.4120470987890544,0.6945987671913209,1,0.2288795258158884,98
SNE_10781604.jpg,1,,0,0,0,0,0,1,1,0.0,0.05784142466487935,0.0,0.16783389229244577,0.5707641036947297,0.021092340301171755,0.41584158401980204,0.7064225628442102,0.3702958584197587,0.6833610619340253,1,0.19502385443248102,101
SNE_10781605.jpg,1,,0,0,0,0,0,1,1,0.0,0.06462909636084468,0.0,0.20613778137853284,0.5056172698701785,0.046889405892491,0.48584905644182397,0.6145893090976426,0.36864004513429405,0.3481418008690534,1,0.1862000071354602,106
SNE_10781607.jpg,1,,0,0,0,0,0,1,1,0.0,0.057086972384064724,0.03864408853407203,0.18979450373062018,0.5069999765676486,0.03983670784794445,0.2175925925200617,0.6665305290311795,0.4187898425273372,0.0,1,0.36569495054656653,54
SNE_10781613.jpg,1,,0,0,0,0,0,1,1,0.0,0.05567004074898568,0.0,0.17569592547639254,0.5230532327511647,0.020029562701096033,0.28214285704880954,0.8218539643772375,0.39517807335531285,0.0,1,0.25339223729882243,70
SNE_10781617.jpg,1,,0,0,0,0,0,1,1,0.0,0.048849668100968996,0.0,0.19203898726760868,0.5162179393950067,6.883318920920887e-05,0.20918367339965988,0.7657320783448537,0.3875919825277118,0.08100920822726587,1,0.2521660944907531,49
SNE_10781619.jpg,1,,0,0,0,0,0,1,1,0.0,0.04459345628807271,0.07747045410806604,0.1989631262497677,0.5114860512245898,0.04162881967965761,0.15909090903787879,0.8168432897132697,0.40391746880435037,0.0,1,0.4316997720611827,44
SNE_10781623.jpg,1,,0,0,0,0,0,1,1,0.0,0.05011649895665931,0.0,0.18216906238334232,0.562589933337182,0.008787976372882625,0.3817567566295045,0.7859994983142007,0.3757578813749587,0.3690027075003123,1,0.18920709014066142,74
SNE_10781625.jpg,1,,0,0,0,0,0,1,1,0.0,0.07961993651772997,0.0,0.1705339374713591,0.47747253784298294,0.035074057980427016,0.4556074764836448,0.6271325905086885,0.384810560431579,0.020547162680922725,1,0.19890982712972438,107
SNE_10781632.jpg,1,,0,0,0,0,0,1,1,0.0,0.08038134967116509,0.0,0.1779265483654982,0.5112765529043501,0.031971368308078264,0.45202020186952857,0.7247897495229296,0.38061618954656584,0.6217791261730129,1,0.2025719295966681,99
SNE_10781647.jpg,1,,0,0,0,0,0,1,1,0.0,0.04524167294172868,0.016422712068808604,0.19195554799155495,0.5829683709496911,0.03611820287014566,0.39166666653611104,0.7146987355270145,0.40463114808022466,0.0,1,0.3279186105333973,60
SNE_10781659.jpg,1,,0,0,0,0,0,1,1,0.0,0.048787373411306706,0.0,0.17407619704511104,0.6480288815343842,0.01658780389694279,0.43269230754807686,0.7336695009074862,0.3730097413890814,0.5870956060296387,1,0.2164632090105815,78
SNE_10781660.jpg,1,,0,0,0,0,0,1,1,0.0,0.07861558628674073,0.27025969946549494,0.195061396418901,0.48027024566030796,0.0978443448822303,0.12209302321511627,0.780647836847208,0.5187828597639601,0.0,1,0.759441489361601,43
SNE_10781670.jpg,1,,0,0,0,0,0,1,1,0.0,0.06151131695374813,0.29106647656986523,0.1904295836858567,0.43535267714556386,0.026553344231211144,0.14285714280952383,0.8703449186367647,0.4958126587088892,0.0,1,0.7948130104598373,21
SNE_10781673.jpg,1,,0,0,0,0,0,1,1,0.0,0.05255008243297297,0.0,0.179474594912258,0.551803136965764,0.045234270590325566,0.4655172412241379,0.6479697963752655,0.40435707724473746,0.006856458829668281,1,0.27836197315549804,87
SNE_10781679.jpg,1,,0,0,0,0,0,1,1,0.0,0.07644740119608996,0.029029062179525503,0.1892809930262251,0.4089522419343855,0.046684474374082366,0.38432835808084576,0.5523976796694914,0.43765824308943135,0.0,1,0.3493494057342224,67
SNE_10781683.jpg,1,,0,0,0,0,0,1,1,0.0,0.05525001444376658,0.026570048293537037,0.20243323318523124,0.6013799080470732,0.0347698957476846,0.3863636362348485,0.7418581611480213,0.4824226460144775,0.0,1,0.345169082125583,55
SNE_10781685.jpg,1,,0,0,0,0,0,1,1,0.0,0.0850932747815006,0.1698987770775361,0.18559726287398576,0.5108548865724275,0.051523745035979285,0.35795454533522725,0.7205515313840387,0.44622690782698066,0.0,1,0.5888279212017101,44
SNE_10781688.jpg,1,,0,0,0,0,0,1,1,0.0,0.09001516177062058,0.2272982041558021,0.1953952812427657,0.5507358737533895,0.12193945239402047,0.19999999993333337,0.7674163209226657,0.5115037318142149,0.0,1,0.6864069472921618,55
SNE_10781690.jpg,1,,0,0,0,0,0,1,1,0.0,0.051872920411431156,0.03417621785141375,0.1973448671371971,0.5803621084270694,0.04878762485431192,0.2991803277691257,0.7845130854191787,0.4865544632175808,0.0,1,0.3580995703815796,61
SNE_10781692.jpg,1,,0,0,0,0,0,1,0,0.0,0.11110899291225071,0.0,0.16591474304479145,0.5894706238617788,0.026142486526701113,0.4999999998333333,0.6542941282013027,0.3934607988515372,0.7973372759098502,1,0.19545571171992487,105
SNE_10781696.jpg,1,,0,0,0,0,0,1,0,0.0,0.04673021435546555,0.0,0.18443543420824257,0.5604887054994439,0.039099041819518954,0.3985148513523102,0.6132579670237599,0.3661261956285948,0.000977854459205796,1,0.2028990509059464,101
SNE_10781697.jpg,1,,0,0,0,0,0,1,0,0.0,0.057082574717881814,0.0,0.17973575678020595,0.5175764923998313,0.020895467514439665,0.575520833141493,0.6756601921553547,0.35044299103144155,0.3194524439104377,1,0.17026106696934806,96
SNE_10781700.jpg,1,,0,0,0,0,0,1,0,0.0,0.056388629851839636,0.14255294869743343,0.20653636860391528,0.5055611051475866,0.07211467581450877,0.09659090905871212,0.7789886798348372,0.5075478351467312,0.0,1,0.5423400129281898,44
SNE_10781701.jpg,1,,0,0,0,0,0,1,1,0.0,0.1813814968211891,0.0,0.18260645641809467,0.4388859443327639,0.03425702603770209,0.36263736251648354,0.6482812572742415,0.39078303640105233,0.0,1,0.22263343129784033,91
SNE_10781709.jpg,1,,0,0,0,0,0,1,1,0.0,0.08260155556597783,0.0,0.16041080330509605,0.5217238868944423,0.0023063143017338175,0.4999999998333333,0.5958460626901224,0.37428972916364894,1.0,1,0.15235678175975456,102
SNE_10781711.jpg,1,,0,0,0,0,0,1,1,0.0,0.040727775283796924,0.0,0.17829010764696349,0.5779442243453129,0.014567952314713294,0.46910112343913857,0.7944220825580126,0.3739457522133912,0.019409137166012256,1,0.1817347143717849,89
SNE_10781713.jpg,1,,0,0,0,0,0,1,1,0.19999999996,0.1615920375994466,0.0,0.17712483543815286,0.5290702217619814,0.018443624864041525,0.46153846138461535,0.7093302475916022,0.39064324173618065,0.29898791635302,2,0.19633158222775662,91
SNE_10781721.jpg,1,,0,0,0,0,0,1,1,0.0,0.05991632866286048,0.0,0.16850804236139313,0.3469756257384402,0.0,0.5101010099309764,0.3358790883807353,0.4292349649104109,0.0,1,0.1278027349547777,99
SNE_10781725.jpg,1,,0,0,0,0,0,1,1,0.0,0.043667337265849246,0.0,0.1839748573747758,0.5015622424903521,0.0,0.46052631563596497,0.6688788434652917,0.3630322078484225,1.0,1,0.15028673126359132,76
SNE_10781728.jpg,1,,0,0,0,0,0,1,1,0.0,0.04667043401475943,0.0,0.1592883616985032,0.5548687624795119,0.0155409155606624,0.5862831856452801,0.6695644009689008,0.3420373257908501,0.24572825593193037,1,0.156533700137548,113
SNE_10781732.jpg,1,,0,0,0,0,0,1,1,0.0,0.04346684212901317,0.0,0.18121206230565237,0.4286401180997987,0.01713891715963583,0.580882352747549,0.6890927604727815,0.37357884331244784,0.5821168564513592,1,0.155307756290285,102
SNE_10781733.jpg,1,,0,0,0,0,0,1,1,0.19999999996,0.25596159726146483,0.0,0.16701444190620235,0.2177882437939601,0.03218419271142317,0.44999999985,0.5990954275454242,0.3785119503142706,0.1185483595241934,2,0.218583814097392,100
SNE_10781739.jpg,1,,0,0,0,0,0,1,1,0.0,0.055892984904123,0.036457076656627244,0.19479068926556153,0.5527239029890882,0.06610249988220347,0.26893939384974747,0.6611027727785714,0.4230585054674483,0.0,1,0.3619770303527234,66
SNE_10781756.jpg,1,,0,0,0,0,0,1,1,0.0,0.14162105848559836,0.0,0.170667778239268,0.5595335707974778,0.013069198685051436,0.53999999982,0.6614858843947019,0.36085128282169004,1.0,1,0.16520197733059958,100
SNE_10781761.jpg,1,,0,0,0,0,0,1,1,0.19999999996,0.16343703296802975,0.0,0.16738232369955455,0.5285453697249752,0.008574165277476077,0.5967153282682481,0.7188560730641549,0.3660501989828885,0.9899678441049516,2,0.1193127801167982,137
SNE_10822638.jpg,1,,0,0,0,0,0,1,0,0.79999999984,0.6969087378777215,0.0,0.17362680937186598,0.39411893047664043,0.06041124398704835,0.37179487167094016,0.7462281461107163,0.3793404206481065,0.0,5,0.2546535962110271,117
SNE_10822645.jpg,1,,0,0,0,0,0,1,0,0.39999999992,0.33342187970826687,0.00464726380213914,0.20058857356988086,0.4583307814592359,0.04317667314813479,0.2999999999,0.7560791611670523,0.39855164131141535,0.0,3,0.3079003484682838,70
SNE_10822673.jpg,1,,0,0,0,0,0,1,0,0.19999999996,0.5710051469578797,0.002325136328165832,0.16299319171628487,0.43808474692172333,0.07431718295106533,0.4573643409328166,0.48579834615585604,0.4519198888490372,0.0,2,0.30395273176020704,129
SNE_10822692.jpg,1,,0,0,0,0,0,1,0,0.19999999996,0.30064562550062224,0.029487139357518465,0.17036548938238685,0.3664441075483933,0.04662046780195433,0.31730769220192306,0.7319768848311543,0.38747238148246643,0.003607175620388907,2,0.3501281369372685,78
SNE_10822724.jpg,1,,0,0,0,0,0,1,0,0.0,0.15119309944652615,0.0,0.18278309276044297,0.3186561766265975,0.03765637663476336,0.39534883707751933,0.6981411221781784,0.3762956209424273,0.22589430268768396,1,0.28049948136917413,86
SNE_10822741.jpg,1,,0,0,0,0,0,1,0,0.39999999992,0.6317769102327773,0.19892688422868576,0.1630549593368316,0.5559634929729211,0.14380323705318065,0.13186813182417578,0.7989064600501979,0.394002875161613,0.0,3,0.6381757033876927,91
SNE_10822749.jpg,1,,0,0,0,0,0,1,0,0.19999999996,0.42733250329851696,0.0,0.1610046518727654,0.37476241553137024,0.02711323763578105,0.3924050631603376,0.7387038157218153,0.36427888414425297,0.30412990260647266,2,0.282968929804362,79
SNE_10822773.jpg,1,,0,0,0,0,0,1,0,0.19999999996,0.46304900068750865,0.10916657287468953,0.18438878132392073,0.43403010512243506,0.08020529333582273,0.24242424234343435,0.8176673268730914,0.3986909514289829,0.0,2,0.48558317399613876,66
SNE_10822787.jpg,1,,0,0,0,0,0,1,0,0.59999999988,0.7099056917725921,0.12637528536223733,0.1916907709326347,0.47394058260534205,0.1288857369423522,0.11337209298546509,0.7772925825821901,0.4266445182680267,0.0,4,0.5148379852421787,86
SNE_10840458.jpg,1,,0,0,0,0,0,1,1,0.0,0.0646340379767327,0.0,0.16206730512733872,0.47983873135444194,0.020450097983700972,0.429611650342233,0.7105511112946202,0.36679876910410336,0.3467533004895381,1,0.20000539243440915,103
SNE_10840460.jpg,1,,0,0,0,0,0,1,1,0.0,0.04300654360960397,0.0,0.2007966820097604,0.5241440446116414,0.0026422712639615036,0.21721311468169394,0.7028436928342241,0.36380731931255794,0.003576429491140675,1,0.2006748846498106,61
SNE_10840477.jpg,1,,0,0,0,0,0,1,1,0.0,0.05799392080023552,0.0,0.18987375539501916,0.48188433282386833,0.011667329138371197,0.45202020186952857,0.6567568938797113,0.37446131676152966,0.1153100664158656,1,0.15953403425637597,99
SNE_10840485.jpg,1,,0,0,0,0,0,1,1,0.0,0.043010363964384,0.0,0.197835196339093,0.5629722199637937,0.0033594624841088313,0.29545454535606064,0.6519980710051954,0.3482101517496885,0.2453900676501082,1,0.17949709864602903,66
SNE_10840491.jpg,1,,0,0,0,0,0,1,1,0.0,0.12941040456794867,0.004004170378862564,0.17958400610636774,0.46313115557567,0.037949355788147746,0.30223880586940294,0.7232743435376677,0.3812608498739278,0.8430002456312574,1,0.3068070896480705,67
SNE_10840504.jpg,1,,0,0,0,0,0,1,1,0.0,0.11697134948727743,0.022023316064229994,0.1614848123343916,0.3909330620504152,0.019985165432400278,0.2901785713318452,0.7766270872200978,0.3730673291619564,0.0,1,0.3374396373312143,56
SNE_10840515.jpg,1,,0,0,0,0,0,1,1,0.0,0.05660560497784968,0.0,0.1788634451160145,0.5187498736455178,0.040133676502553395,0.5031847132080679,0.7197916064279154,0.33438408379894796,0.2171359259745772,1,0.12798060083523896,157
SNE_10840520.jpg,1,,0,0,0,0,0,1,1,0.0,0.048775279695131735,0.04784837556036227,0.1614090259486925,0.53809671475301,0.029578686558234427,0.1853448275244253,0.6920497025696603,0.4010692223249606,0.0,1,0.3813422385004642,58
SNE_10840521.jpg,1,,0,0,0,0,0,1,1,0.0,0.14180783044360024,0.0,0.18289507830018895,0.36278619310718696,0.0149511407632236,0.4176136362244318,0.7731766495329154,0.3599781867352331,0.6057199475648748,1,0.17390416155955835,88
SNE_10840544.jpg,1,,0,0,0,0,0,1,1,0.0,0.055894745133999016,0.0,0.18265797419675003,0.5493258843353794,0.0,0.29934210516337717,0.7298963230080406,0.38450087927314214,0.021222695852481478,1,0.2013183404420266,76
SNE_10840553.jpg,1,,0,0,0,0,0,1,1,0.0,0.059117889210566044,0.0,0.18255683527061253,0.5813656742639726,0.003953790409349259,0.40079365066005296,0.6527355224196487,0.3763924826873562,0.39159697761086987,1,0.2215092665278603,63
SNE_10840594.jpg,1,,0,0,0,0,0,1,1,0.0,0.08385658219082048,0.0,0.17357258148036278,0.5530545980877655,0.0034655563576228452,0.4444444442962963,0.6549547270570382,0.3428541980062933,0.7102163177055469,1,0.13274622109297335,99
SNE_10840603.jpg,1,,0,0,0,0,0,1,1,0.0,0.05931849227588741,0.0,0.19996315508697352,0.5422628397555552,0.0403340237756803,0.42763157880482455,0.6797380454192432,0.3558660270338906,0.7030885145382817,1,0.1506352649519631,114
SNE_10840609.jpg,1,,0,0,0,0,0,1,1,0.0,0.05253719836811821,0.0,0.21785792203834137,0.451625515291026,0.029456748088382088,0.4078947367061404,0.726805793897858,0.3905008716960042,0.0,1,0.18391889673287704,76
SNE_10840620.jpg,1,,0,0,0,0,0,1,1,0.0,0.07643337688226222,0.0,0.16782931006923574,0.4943968285593854,0.005589194223278828,0.4583333331805555,0.6982553985294808,0.3338456060097308,0.9291543632258095,1,0.13086283185840467,120
SNE_10840621.jpg,1,,0,0,0,0,0,1,1,0.0,0.044710262120768535,0.0,0.18392940791334897,0.48818524721160494,0.016281116540175222,0.43928571413928574,0.6802292931977153,0.3529292870617266,1.0,1,0.22008155325276943,70
SNE_10840624.jpg,1,,0,0,0,0,0,1,1,0.0,0.13541748558576,0.0,0.17132224852322908,0.34578313155176466,0.023918965526188832,0.33620689643965523,0.67730279770111,0.3713392332643317,0.9800989571071829,1,0.23314832151931814,87
SNE_10910260.jpg,1,,0,0,0,0,0,1,0,0.9999999998,0.7360246715593048,0.017560928916546568,0.1711167654712697,0.4715283065992292,0.055590440302661866,0.25549450540934066,0.7121760078308501,0.3987504028240445,0.03215232543295127,6,0.3298535791756901,91
SNE_10954025.jpg,1,,0,0,0,0,0,0,1,0.19999999996,0.08800533262678933,0.08954371817061173,0.17595087930363254,0.5629606682737238,0.0844923159085865,0.3124999998958333,0.7976072237842776,0.41226557481497816,0.0,2,0.45222432097958365,80
SNE_10954030.jpg,1,,0,0,0,0,0,0,1,0.0,0.11390316237147663,0.0,0.17782416870602763,0.4454735295484058,0.020899612236162567,0.41455696188713076,0.6738671419678184,0.3758012544393697,0.2926867761821478,1,0.24532239238848919,79
SNE_10954031.jpg,1,,0,1,0,0,0,0,0,0.19999999996,0.3999218658136161,0.0,0.1695945398519845,0.39367180060982876,0.029527962510511433,0.35483870955913976,0.7678052606594221,0.3690400274556131,0.5935544435428811,2,0.2415066469719269,93
SNE_10954032.jpg,1,,0,1,0,0,0,0,0,0.19999999996,0.27222591087970943,0.0,0.1671302050991185,0.4150834380777033,0.04336099967045087,0.347999999884,0.8198849541402591,0.3747412492481155,0.17067818145254363,2,0.22023462122095777,125
SNE_10954036.jpg,1,,0,1,0,0,0,0,0,0.59999999988,0.47296181558824435,0.0,0.1672420683711795,0.4656921041457899,0.020454738348263217,0.336021505264337,0.7270013497397685,0.3528649595206025,0.17502637684964809,4,0.22824463955085028,93
SNE_10954037.jpg,1,,0,0,0,0,0,0,1,0.19999999996,0.1551720050013279,0.0,0.16579563033356196,0.07303848898064508,0.04672327685081547,0.37857142844523806,0.7887907049257132,0.35943478043914207,0.010521016723547856,2,0.2574880442990091,105
SNE_10954038.jpg,1,,0,1,0,0,0,0,0,0.19999999996,0.2665010019211077,0.16505946631239335,0.1638717174386468,0.4945986516425364,0.12077686983350151,0.19817073164126014,0.8285527926540824,0.4189489113329008,0.0,2,0.5806010928961282,82
SNE_10954039.jpg,1,,0,1,0,0,0,0,1,0.19999999996,0.22057601497821078,0.031619550303676754,0.1597313166208158,0.4642727854683168,0.10391755237436366,0.324427480807888,0.7248492659595653,0.39855855307279775,0.027788625637987726,2,0.35375323554787,131
SNE_10954046.jpg,1,,0,0,0,0,0,1,0,0.19999999996,0.2545308833906984,0.014397477928744929,0.16845139311334298,0.4747399599581415,0.04052791954268771,0.29746835433122365,0.7603625809850327,0.3657831937382383,0.1466332059076999,2,0.32447571249326385,79
SNE_10954052.jpg,1,,0,1,0,0,0,0,0,0.19999999996,0.2264906903319312,0.020006282355618483,0.17040545148864641,0.48355593857204693,0.07297187725393899,0.3960396038283829,0.7089500895515075,0.387681339159121,0.3107572064483647,2,0.3340106800245577,101
SNE_10954055.jpg,1,,0,0,0,0,0,1,0,0.19999999996,0.10206641968445042,0.03549842510892436,0.2115789975476227,0.5587851524476821,0.043484253317295773,0.16981132069811325,0.7035913117538546,0.4123132649519717,1.0,2,0.3603473227206698,53
SNE_10954071.jpg,1,,0,0,0,0,0,1,0,0.0,0.1074866346119496,0.0,0.2041279138304705,0.5628833785359705,0.023743343227231373,0.3484848483686869,0.6505748458819328,0.3828381718335209,0.2769124745043212,1,0.2410184248713671,66
SNE_10954075.jpg,1,,0,0,0,0,0,0,1,0.0,0.10800114465252987,0.24503259233204974,0.20682174540093237,0.5313144296780248,0.19682383525067276,0.24647887315727696,0.7786238127639717,0.536590286681154,0.0,1,0.7165554072095172,71
SNE_10954091.jpg,1,,0,0,0,0,0,0,1,0.0,0.16320607832218542,0.4099948765693154,0.18749360960041828,0.4680858485279648,0.2099012376076102,0.20238095231349207,0.8296168568872977,0.5190052877599842,0.0,1,0.996991290577831,63
SNE_10954109.jpg,1,,0,1,0,0,0,0,0,0.39999999992,0.44693668307795575,0.03789255058069212,0.15973394201550659,0.49597438153512174,0.059273543588026,0.16919191913552187,0.8138218321233623,0.3740212463470998,0.24088025679999067,3,0.36441733602506915,99
SNE_10954112.jpg,1,,0,0,0,0,0,0,1,0.19999999996,0.1479376023266145,0.0,0.18918034881284385,0.37123948507800275,0.033522946922104654,0.3525641024465811,0.7834353366557321,0.3888877008775645,0.2187478110043019,2,0.24822665267575034,78
SNE_10954121.jpg,1,,0,1,0,0,0,0,0,0.19999999996,0.5499281265644352,0.020808580222648948,0.17512682395561052,0.33881657322628855,0.07732935478749524,0.22249999992583333,0.6548678620497462,0.38619184644467036,0.16774819932062432,2,0.3353745863993118,100
SNE_10954146.jpg,1,,0,0,0,0,0,0,1,0.0,0.12761176623071205,0.0,0.1926510785270583,0.4606508382061262,0.03544751953332994,0.3406862743962418,0.7403241896741121,0.3714584256340857,0.08952693345218704,1,0.2066611977030285,102
SNE_10954148.jpg,1,,0,0,0,0,0,1,0,0.79999999984,0.5418193542433095,0.0037937371722636345,0.18442737654931984,0.4177698956039029,0.06411992713992049,0.24999999991666666,0.7647112601655659,0.35719155931385455,0.08152991064878899,5,0.3064493531966419,95
SNE_10954155.jpg,1,,0,0,0,0,0,1,0,0.39999999992,0.4106351088547795,0.0,0.17709056956762337,0.33900117516116945,0.02713165339003545,0.29761904751984125,0.41032981345893627,0.33605752520826226,0.2831976560973926,3,0.2026730558281796,105
SNE_10954174.jpg,1,,0,0,0,0,0,0,1,0.0,0.11511113129132358,0.0,0.18740425089521665,0.3402108924867412,0.030780247048118534,0.35769230757307696,0.6759858964394718,0.3890424154238067,0.0,1,0.29092504998291846,65
SNE_10954195.jpg,1,,0,0,0,0,0,0,1,0.0,0.0826877652519023,0.0,0.1855334827991723,0.5013747420619681,0.012936792088079583,0.38953488359108523,0.7792548583996942,0.36116311557621184,0.035315022513639695,1,0.18156796847838158,86
SNE_10981973.jpg,1,,0,0,0,0,0,0,1,0.39999999992,0.39515495043582477,0.0,0.1973029163839157,0.4278104978711242,0.033241842021513965,0.4112149531339564,0.7734053225961246,0.3836128816748194,0.14030700229717105,3,0.18444647758462385,107
SNE_10981997.jpg,1,,0,0,0,0,0,0,1,0.0,0.09700869868757411,0.021424612724574934,0.2023885733333341,0.5478031020503582,0.06654356467127248,0.32758620678735634,0.6155842837041883,0.4534593106267894,0.0,1,0.336421841653202,87
SNE_10982009.jpg,1,,0,0,0,0,0,1,0,0.0,0.19031941333656544,0.0,0.20605187214453488,0.4809039073405522,0.022234111999641596,0.32999999989,0.5303960993378662,0.3753062844818772,9.356547561776136e-05,1,0.22774342828963973,75
SNE_10982015.jpg,1,,0,0,0,0,0,0,1,0.0,0.18177092518299978,0.10329985646718821,0.21592945991866253,0.41135119176811585,0.08165587813516369,0.18220338976977404,0.7706789191977725,0.45516888051890875,0.0,1,0.4756097560975198,59
SNE_10982031.jpg,1,,0,0,0,0,0,0,1,0.19999999996,0.1557871860488433,0.0029301319207382117,0.197375176563354,0.43229760271982576,0.07476241614439877,0.3714953269789719,0.7193611310984487,0.45336472581565207,0.0,2,0.3049812242681851,107
SNE_10982032.jpg,1,,0,0,0,0,0,0,1,0.0,0.08654838119438761,0.04381651953268877,0.21561813420155435,0.5293270761417661,0.08340842033460207,0.3084415583387446,0.7375005786921787,0.45922706988887596,0.0,1,0.3744880832493874,77
SNE_10982035.jpg,1,,0,0,0,0,0,0,1,0.0,0.08749892739141843,0.08649809179203911,0.22060661357509703,0.4360624930870547,0.05084105253142026,0.2282608694891304,0.7701030109251806,0.48432486133858765,0.0,1,0.4470467561329646,46
SNE_10982066.jpg,1,,0,0,0,0,0,1,1,0.0,0.09512426186441947,0.0,0.22227984562275968,0.42351448401872693,0.0014257623750909435,0.39062499986979166,0.5889968639259247,0.4021064660309387,0.0,1,0.22411948474343202,48
SNE_10982072.jpg,1,,0,0,0,0,0,1,0,0.0,0.20940033180042683,0.3062318383495875,0.22605112855442325,0.37565025143214054,0.12743306861953643,0.10365853655081303,0.8254100045843613,0.5278648851299044,0.0,1,0.8205941255005306,41
SNE_10982075.jpg,1,,0,0,0,0,0,0,1,0.0,0.11009437630767874,0.0,0.18866026438937927,0.5550841740766637,0.032003783695054515,0.35049019596160125,0.7048330882162657,0.3733795506868687,0.32809921260993385,1,0.22525618792368832,102
SNE_10982103.jpg,1,,0,0,0,0,0,1,1,0.19999999996,0.2333268695430048,0.0,0.2116509253817108,0.4837098930929643,0.04189410239456924,0.2966101693926554,0.7322452117670677,0.39967539985431316,0.9955029140854786,2,0.17165383093360412,118
SNE_10982104.jpg,1,,0,0,0,0,0,1,0,0.0,0.12427837586366046,0.05106108191177997,0.19777023117246245,0.4927638604862959,0.018455386118648057,0.2180851063102837,0.7342606857560605,0.3730936918860022,0.0,1,0.386803839301087,47
SNE_10982109.jpg,1,,0,0,0,0,0,1,1,0.0,0.12342654635985306,0.003225006200029035,0.19610205412401538,0.354303639215308,0.0217916410930195,0.20175438589766084,0.7670863256691782,0.3818656575608041,0.0,1,0.30548251054327435,57
SNE_10982111.jpg,1,,0,0,0,0,0,1,0,0.39999999992,0.4034275833573613,0.0,0.2075057304149055,0.49535072644004813,0.02683746529180416,0.16532258059005372,0.7297347708259139,0.38616818133411424,0.057373402056764486,3,0.2765086941697785,62
SNE_10982133.jpg,1,,0,0,0,0,0,0,1,0.0,0.07557153991091592,0.3243618200088981,0.2233887890411477,0.42258429440544476,0.07563720620094644,0.1370967741478495,0.7525841810996298,0.5306277563990465,0.0,1,0.8514150943394887,31
SNE_10982137.jpg,1,,0,0,0,0,0,1,1,0.19999999996,0.30457086123893784,0.5751854345906842,0.21038107347275992,0.48470467407188145,0.15439306284940538,0.28571428561904766,0.7227625509024653,0.5325119664601364,0.0,2,1.2778152393793485,35
SNE_10982141.jpg,1,,0,0,0,0,0,1,0,0.59999999988,0.45017578585682305,0.0812146229624982,0.19468904744711518,0.4020035228778166,0.041803072266610765,0.21296296289197528,0.733339589869994,0.44437884241859743,0.01130604273423783,4,0.43806485911746157,54
SNE_10982143.jpg,1,,0,0,0,0,0,1,0,0.0,0.12952998866216203,0.01025892589934442,0.19021149444004787,0.204102620079231,0.03920651882996486,0.3571428570238096,0.721712719472585,0.40384933699644976,0.1412134378077418,1,0.31744017403914443,77
SNE_10982150.jpg,1,,0,1,0,0,0,0,0,0.0,0.1063204851646242,0.008861101668047407,0.17988978843623338,0.4869089140429989,0.03501745213790273,0.30063291129219405,0.6932593399011924,0.3690785843359601,0.25318942282253387,1,0.3150638728445417,79
SNE_11006166.jpg,1,,0,0,0,0,0,1,0,0.0,0.17610858323781006,0.030307968044733534,0.17222268607230448,0.4722218038085691,0.031199883360230617,0.43478260855072465,0.7640931280627368,0.41001571160264716,0.0,1,0.35152354570635497,69
SNE_11006169.jpg,1,,0,0,0,0,0,1,0,0.19999999996,0.3048069007152596,0.0,0.16390193228215483,0.3902231452125536,0.058198411009735516,0.42321428557321433,0.6764687547510502,0.3891403927704043,0.25461363798251585,2,0.23175500872389654,140
SNE_11006179.jpg,1,,0,0,0,0,0,1,0,0.39999999992,0.5230304418453723,0.08240115394870438,0.1901293481181947,0.4753628976773855,0.08478314563785751,0.16455696197046413,0.7645637863436124,0.41066462131441456,0.0,3,0.4400819617951986,79
SNE_11006187.jpg,1,,0,0,0,0,0,1,1,0.0,0.12737597029588557,0.2690589349083886,0.179758516654311,0.45051357316572893,0.12478446720318465,0.2304687499231771,0.7847197055013984,0.42650180047649666,0.0,1,0.7574001896133196,64
SNE_11006190.jpg,1,,0,0,0,0,0,1,0,0.0,0.18802053056106854,0.016233074649963437,0.19195646262260918,0.48582235099300375,0.03677787162659291,0.28947368411403507,0.7218781280169879,0.37136927605701836,0.0,1,0.3275962269211709,76
SNE_11006191.jpg,1,,0,0,0,0,0,1,0,0.19999999996,0.1623528872098662,0.42574359922828586,0.19235570520928924,0.40817740824566207,0.15196528798433243,0.2122641508726415,0.6843002394778799,0.4283115555684943,0.0,2,1.0237641191138296,53
SNE_11006192.jpg,1,,0,0,0,0,0,1,0,0.79999999984,0.8129095667144495,0.0,0.1653912513273054,0.2619757860526065,0.0635620177088558,0.3120567374846336,0.6156026481002717,0.3761540463351296,0.044813260085979405,5,0.2686791507484102,141
SNE_11006195.jpg,1,,0,0,0,0,0,1,0,0.9999999998,0.7676868037822933,0.0,0.1546121146115455,0.23671495196024955,0.08202047579368824,0.28091397840098564,0.6318267437775595,0.3993728921240173,0.007792541137512131,6,0.27187697724958676,186
SNE_11006196.jpg,1,,0,0,0,0,0,1,0,0.19999999996,0.37728473763983134,0.0,0.1777608406754567,0.39115296588713133,0.029127594072842655,0.40489130421286224,0.7159217775208278,0.3601005062829452,0.0,2,0.23983520194514926,92
SNE_11006201.jpg,1,,0,0,0,0,0,1,0,0.19999999996,0.15156164502101324,0.0,0.1929264750638029,0.38660384888924393,0.04009754001153787,0.45544554440264023,0.7136626896483446,0.4048260520612686,0.0,2,0.25932386700623594,101
SNE_11006203.jpg,1,,0,0,0,0,0,1,1,0.0,0.08507085448877946,0.0,0.1934632721001644,0.45369709249240064,0.02565744990861038,0.26893939384974747,0.5820443059705145,0.40136536099496173,0.16892795207110853,1,0.2945233265719948,66
SNE_11006209.jpg,1,,0,0,0,0,0,1,1,0.0,0.14176856309834254,0.0,0.1727671621498711,0.5010080884170185,0.03883267224638001,0.3520833332159722,0.607240160272887,0.3880665755861649,0.11174959784576649,1,0.24118055957828186,120
SNE_11006214.jpg,1,,0,0,0,0,0,1,1,0.19999999996,0.1670717099838338,0.011770134591289652,0.22557051867678818,0.46132744349025995,0.047549658010656776,0.3333333332222222,0.7297134712618676,0.4788395277000398,0.0,2,0.32000922881696253,66
SNE_11006227.jpg,1,,0,0,0,0,0,0,1,0.19999999996,0.1632073282219143,0.0698871381658796,0.21678388027939374,0.4170459016855388,0.13406407392982908,0.1944444443796296,0.736549657342608,0.4739255578652564,0.0,2,0.41880813495188246,90
SNE_11006230.jpg,1,,0,0,0,0,0,1,0,0.39999999992,0.20580738264111037,0.0,0.22233705053212086,0.501764690941097,0.00830005742382955,0.3801369861746575,0.7172969040017851,0.3698947439262006,0.06654825251706703,3,0.18501014970819002,73
SNE_11006231.jpg,1,,0,0,0,0,0,1,1,0.0,0.1820716531967131,0.0345504928064902,0.20977671583367472,0.46877853865721075,0.024260113606175308,0.26020408154591834,0.8359945855471439,0.4362632438457742,0.0,1,0.3587358378055838,49
SNE_11006232.jpg,1,,0,0,0,0,0,1,0,0.0,0.09774164678118699,0.1361207196386519,0.19185398736489076,0.49124174988134267,0.09073276042431551,0.2941176469607843,0.7639312518192061,0.3869908720642074,0.0,1,0.531405223521829,68
SNE_11006234.jpg,1,,0,0,0,0,0,1,1,0.0,0.09523356264175867,0.0,0.1961848278613802,0.5825966308193011,0.03505988073521349,0.3303571427470238,0.6537092074525498,0.37148670987024535,0.0,1,0.2597191367819637,84
SNE_11006236.jpg,1,,0,0,0,0,0,1,1,0.19999999996,0.2600340555989786,0.02509000740996857,0.18612541469243057,0.4746071609766026,0.06644439151437075,0.3684210525087719,0.6967481339434767,0.40382168763557175,0.0,2,0.34265301262203657,95
SNE_11006240.jpg,1,,0,0,0,0,0,0,1,0.0,0.15643585841816038,0.0,0.21091316227637666,0.4707688314618271,0.049598070566481675,0.32397959172874147,0.7380201896532095,0.41884326470000555,0.0,1,0.2380782494945797,98
SNE_11006241.jpg,1,,0,0,0,0,0,0,1,0.19999999996,0.16983860807550144,0.0,0.20781002762254605,0.4170190535171435,0.0750623411276914,0.325471698004717,0.7510216845389566,0.43121468965014487,0.0,2,0.2711833371480764,106
SNE_11006243.jpg,1,,0,0,0,0,0,1,1,0.0,0.19268141209472472,0.06348728746075694,0.2186188348665097,0.5161797022474248,0.07449783878890619,0.22426470580759805,0.6813333371209207,0.43009898574452105,0.0,1,0.40792838874677406,68
SNE_11006244.jpg,1,,0,0,0,0,0,1,1,0.0,0.08654700823264108,0.055238247716679824,0.22903278266519203,0.3542300786485063,0.024978507969402725,0.21794871787606834,0.7026118624553142,0.45287131431637795,0.0,1,0.39390502117359394,39
SNE_11006248.jpg,1,,0,0,0,0,0,1,1,0.0,0.15993554367497184,0.36110851314516024,0.20051901723598484,0.4933538313302174,0.1112319749844281,0.05319148934397162,0.7779229565518172,0.4754537369147294,0.0,1,0.913884472707881,47
SNE_11006251.jpg,1,,0,0,0,0,0,0,1,0.19999999996,0.3036146013806027,0.0,0.212785485045288,0.3577900632110401,0.048225214193264525,0.37621359210760513,0.6929468777966058,0.44156787108379164,0.381829452273265,2,0.21640930232557334,103
SNE_11006265.jpg,1,,0,0,0,0,0,0,1,0.19999999996,0.411519552272903,0.4003862269974265,0.18505689586573446,0.2662877313157846,0.15886979398617956,0.1737288135014124,0.7519433346269728,0.5211511558836682,0.0,2,0.9806565862960113,59
SNE_11006270.jpg,1,,0,0,0,0,0,1,0,0.59999999988,0.34130884484348933,0.05850812171293088,0.16558024856293693,0.5159549194020219,0.0760943561023403,0.31971153835496796,0.7497835335536722,0.3892721594634434,0.05374159187080632,4,0.3994638069704906,104
SNE_11006271.jpg,1,,0,0,0,0,0,1,1,0.0,0.063967961410695,0.1264305083423617,0.21511594063997444,0.4882322695729324,0.05418809417268207,0.04761904760317458,0.8460276939978912,0.4738724413316714,0.0,1,0.5149318643084454,42
SNE_11006272.jpg,1,,0,0,0,0,0,1,1,0.0,0.0997168352595603,0.0,0.1939661593177489,0.5062246157502683,0.031333196801151014,0.37804878036178863,0.7256143316978045,0.45809429294691295,0.3852140026458969,1,0.27669260700388026,82
SNE_11006273.jpg,1,,0,0,0,0,0,0,1,0.0,0.05558389206682865,0.842874244484094,0.19138632593096327,0.5309617887642162,0.26992550748926236,0.16509433956761005,0.7386819385466918,0.5172231612027859,0.0,1,1.732886216465834,53
SNE_11006276.jpg,1,,0,0,0,0,0,1,0,0.59999999988,0.8170171026175803,0.909372945837418,0.16921003375743845,0.14635155136954728,0.48749504298860147,0.03164556960970466,0.6985122390433898,0.47300516118340824,0.0,4,1.8459340088329836,79
SNE_11006292.jpg,1,,0,0,0,0,0,1,1,0.0,0.15259826492035056,0.0,0.2095135158244581,0.5021578040820254,0.0034788463667153936,0.26785714276785716,0.5458774185050104,0.3714123776721174,0.0,1,0.2841912884556663,42
SNE_11006293.jpg,1,,0,0,0,0,0,1,0,0.0,0.1160547076364288,0.0,0.183301442486252,0.4709360443672728,0.030506291941227785,0.42287234028457454,0.7104298439024642,0.4019543007654237,0.3249893528400607,1,0.22968340391207132,94
SNE_11006295.jpg,1,,0,0,0,0,0,1,0,0.0,0.2708807208411477,0.06521746496618269,0.18502209938660777,0.5008855631896811,0.08841898994613677,0.2741935482956989,0.7464879891915819,0.40230734303421833,0.0,1,0.41086969050772804,93
SNE_11006299.jpg,1,,0,0,0,0,0,0,1,0.0,0.20433584129946114,0.1803371903524752,0.20375916875831826,0.39726561583288567,0.11017272517278548,0.2617187499127604,0.6468415167675037,0.45371632093884506,0.0,1,0.606573223779545,64
SNE_11006301.jpg,1,,0,0,0,0,0,0,1,0.0,0.07053884460307652,0.030232228334456854,0.20060935029910532,0.5741830736658817,0.06065531178763444,0.3166666665611111,0.724867831744552,0.38217618054384783,0.0,1,0.35139478819880887,75
SNE_11006303.jpg,1,,0,0,0,0,0,0,1,0.0,0.1632824961189207,0.07642694336223432,0.1789841510111036,0.42561897943086247,0.06668980777531204,0.3701298700064935,0.7386035310682436,0.3880487673057162,0.0,1,0.4299258037922253,77
SNE_11006305.jpg,1,,0,0,0,0,0,0,1,0.19999999996,0.20672495769909027,0.0,0.19119268184055835,0.6020342831796122,0.03841526464890336,0.4226190474781746,0.805655164081971,0.42752589828887994,0.0,2,0.28193088677456724,84
SNE_11006308.jpg,1,,0,0,0,0,0,1,1,0.19999999996,0.116403676591261,0.0,0.19884665276070007,0.4655428004768088,0.021570107685630568,0.39130434769565214,0.6568130495213391,0.3834920161779261,0.0,2,0.25740672632911377,69
SNE_11006310.jpg,1,,0,0,0,0,0,1,1,0.0,0.13386615665607893,0.08693633500585399,0.18813448848097677,0.41719811159079034,0.020304874369958124,0.3097826085923913,0.6849427101886598,0.43605855063883453,0.0,1,0.4477917695968881,46
SNE_11006311.jpg,1,,0,0,0,0,0,1,1,0.19999999996,0.19371950271255656,0.0,0.1832496256902461,0.4039285175062945,0.023367708038528865,0.3863636362348485,0.5963395532637981,0.3844159150348431,0.0,2,0.1939667620572818,110
SNE_11006312.jpg,1,,0,0,0,0,0,1,1,0.0,0.10558775286528255,0.0,0.18443946819844484,0.4669230496863225,0.024073184414861278,0.2631578946491228,0.7182002186239771,0.3963044216914898,0.0,1,0.25745953823731466,76
SNE_11006314.jpg,1,,0,0,0,0,0,1,1,0.0,0.1317196069876437,0.0,0.1952325969825778,0.3499776768043763,0.043141053205405296,0.45990566022405655,0.6980281405969052,0.4202866921886322,0.37280321780846465,1,0.2158209160200434,106
SNE_11006316.jpg,1,,0,0,0,0,0,0,1,0.0,0.07889597451067179,0.09090909085560099,0.1779522568011944,0.49977112947107916,0.06155162593373469,0.3734939757791165,0.7357049826566715,0.4109682190268302,0.0,1,0.45454545454543077,83
SNE_11006319.jpg,1,,0,0,0,0,0,1,1,0.19999999996,0.17366842536271687,0.25965377857725236,0.19469297276624,0.46736403932801046,0.07807598464806605,0.18229166660590276,0.7287073148083364,0.4892183224607287,0.0,2,0.7414114238409828,48
SNE_11006321.jpg,1,,0,0,0,0,0,1,0,0.0,0.20483146895473636,0.0,0.1974378371589982,0.41823813062309656,0.040042532534239714,0.33881578936074563,0.603119959216233,0.4306820533215452,0.10694283409298529,1,0.2896529354524679,76
SNE_11006323.jpg,1,,0,0,0,0,0,1,1,0.0,0.10281903794411999,0.0,0.18275295470825978,0.5423407821313723,0.04865382489994197,0.46464646449158253,0.7344227316377957,0.39096000648939244,0.22361661573652208,1,0.26452064380684764,99
SNE_11006325.jpg,1,,0,0,0,0,0,1,1,0.19999999996,0.414100550690057,0.0,0.19782892202199628,0.32670471182346217,0.02240011668221635,0.3598130839922118,0.6044955123983025,0.376628407137448,0.0,2,0.17128544020464265,107
SNE_11006327.jpg,1,,0,0,0,0,0,1,1,0.19999999996,0.1711845458086853,0.343688939047044,0.20445402044233882,0.32751738517025775,0.11501033788975289,0.029761904751984095,0.8012578977975829,0.47553474049867406,0.0,2,0.8842711967236638,42
SNE_11006328.jpg,1,,0,0,0,0,0,1,1,0.19999999996,0.5482944467236922,0.0,0.2034889818690326,0.3962749418526681,0.039504630720196214,0.4122137403206107,0.7436722684117806,0.39037699467627396,0.24478654081713475,2,0.1704083814410902,131
SNE_11006329.jpg,1,,0,0,0,0,0,1,0,0.0,0.18177860037857196,0.1975159241513729,0.1933995186527956,0.4765842618000561,0.04826119908765851,0.10365853655081303,0.632107667786227,0.4011962087148077,0.0,1,0.6357770712548498,41
SNE_11006332.jpg,1,,0,0,0,0,0,1,1,0.19999999996,0.21004157591028505,1.0,0.21024406334110107,0.4760080512237438,0.3762183234180108,0.10795454541856064,0.6781007077126389,0.48966792155432165,0.0,2,2.0751851851844165,44
SNE_11006334.jpg,1,,0,0,0,0,0,1,1,0.0,0.09721146991515826,0.0,0.21010740338961648,0.4016483276985944,0.0109511983450434,0.27450980383006535,0.759838024697441,0.3947617466713607,0.0,1,0.28008338070872274,51
SNE_11006335.jpg,1,,0,0,0,0,0,1,1,0.19999999996,0.21021576513103918,0.46800169404412956,0.18987339848101237,0.34603834206922424,0.22153322630746694,0.17647058817647054,0.8503320474825535,0.5356043761484204,0.0,2,1.095602880343022,68
SNE_11006337.jpg,1,,0,0,0,0,0,1,0,0.59999999988,0.6287255010084389,0.0,0.19924535316592573,0.4308607675871294,0.05369484316281834,0.33749999988750007,0.6830385912205956,0.3876158879658519,0.0,4,0.26795959595958513,100
SNE_11006340.jpg,1,,0,0,0,0,0,1,0,0.0,0.1418371010963149,0.0,0.18225617781416512,0.3332995910515493,0.02366770665607568,0.3858695650887681,0.6429034568506684,0.3939878357262755,0.0,1,0.22139232926790137,92
SNE_11006343.jpg,1,,0,0,0,0,0,1,0,0.39999999992,0.3625922459682132,0.0,0.19177702654830697,0.42306567608095047,0.04038741695906587,0.3384615383487179,0.7382963537756303,0.3916668436493558,0.2813674804328098,3,0.1847571917994403,130
SNE_11006345.jpg,1,,0,0,0,0,0,1,0,0.39999999992,0.5444834842171231,0.0,0.1798250195507211,0.46822038038196645,0.05380593956332147,0.36249999987916665,0.6906147035465129,0.4040044816397982,0.3777927528357246,3,0.25380026290066215,120
SNE_11006346.jpg,1,,0,0,0,0,0,1,1,0.0,0.514847985775942,0.018876468476366766,0.16380062702742937,0.3082492684141997,0.06641131616936957,0.33552631567763164,0.6907476570299838,0.38510623907362695,0.3232649454933645,1,0.33208999642869996,114
SNE_11006353.jpg,1,,0,0,0,0,0,1,1,0.19999999996,0.18114454402947633,0.0,0.1946898800171311,0.43031198053981723,0.035137027499903516,0.32022471899438204,0.6990561497786405,0.4137677824159437,0.0,2,0.2337268128161801,89
SNE_11006356.jpg,1,,0,0,0,0,0,1,1,0.39999999992,0.45658086602312375,0.020164159752994484,0.159617344911371,0.4387539387946413,0.06351171698572353,0.316964285608631,0.8069551702713855,0.38667620594348895,0.11197278226134075,3,0.3342790716002548,112
SNE_11006359.jpg,1,,0,0,0,0,0,1,0,0.0,0.2016940969661899,0.27976870343331883,0.2046614500745764,0.4883357846102795,0.12301992843737723,0.13181818177424243,0.7102220863636008,0.46311022780842553,0.0,1,0.7756067961164107,55
SNE_11006360.jpg,1,,0,0,0,0,0,1,1,0.0,0.21247388789414945,0.13581261971771805,0.2090328584980436,0.5184059089463624,0.08300497026087199,0.23305084737994347,0.7258927744511963,0.4616378787727507,0.0,1,0.5308814536559333,59
SNE_11006361.jpg,1,,0,0,0,0,0,1,1,0.0,0.1633811102367022,0.012258670093910691,0.2032195344071141,0.42273076401488263,0.06037159908504688,0.3641975307427983,0.7199853449090726,0.4231153798910422,0.16942161678360268,1,0.32083973917190683,81
SNE_11006364.jpg,1,,0,0,0,0,0,1,0,0.0,0.13721165974884753,0.0,0.2134908223556928,0.5206238390977603,0.04437919571086274,0.42777777763518515,0.6317136689182241,0.39325179545111494,0.0,1,0.2340869992627085,90
SNE_11006366.jpg,1,,0,0,0,0,0,1,0,0.39999999992,0.3301469765176687,0.10638669049930875,0.19456444750146284,0.5086746684120786,0.0750805295689593,0.35763888876967587,0.6633353678199871,0.41328559157730343,0.0,3,0.48085737395521155,72
SNE_11006367.jpg,1,,0,0,0,0,0,1,0,0.0,0.09557303121670052,0.0,0.20270844847290376,0.5506897567359835,0.05420434383855459,0.4528688523080602,0.6340618764206642,0.40073747216766764,0.04336849520114699,1,0.21283817510231895,122
SNE_11006372.jpg,1,,0,0,0,0,0,1,0,0.0,0.10526665971965338,0.004422796810850964,0.21583121113628137,0.4820013649924447,0.06166227797240267,0.28246753237337663,0.7329919641273406,0.41876329426832776,0.0,1,0.3075187545828694,77
SNE_11006375.jpg,1,,0,0,0,0,0,1,0,0.19999999996,0.2411520898794607,0.0,0.19458804088288656,0.4049422011172392,0.05441261207717532,0.37234042540780143,0.7488773428151254,0.4322283869017042,0.0,2,0.2788091219870925,94
SNE_11006376.jpg,1,,0,0,0,0,0,1,0,0.0,0.1575016754843791,0.04998207810990114,0.17130429612532114,0.467333709263811,0.037641497102632974,0.4243421051217106,0.7315201747917524,0.3998395520107734,0.0,1,0.384969532836814,76
SNE_11006379.jpg,1,,0,0,0,0,0,1,0,0.39999999992,0.3527722095022294,0.0,0.19203439360603233,0.4365557041815903,0.05718780646764591,0.4069767440503876,0.6219958929145535,0.3968369045466046,0.0,3,0.22072334368529306,129
SNE_11006380.jpg,1,,0,0,0,0,0,1,1,0.0,0.07409792671638482,0.0,0.18347261147343127,0.49462397870992286,0.03600416915925496,0.4351851850401234,0.6464527645433678,0.40926438161779455,0.32503767953745516,1,0.228660533291744,108
SNE_11006381.jpg,1,,0,0,0,0,0,1,0,0.19999999996,0.29535391525223725,0.03957801978213284,0.21436798649407016,0.2747351309310847,0.059655572115054234,0.38461538448717947,0.5265293968653739,0.38434137696605475,0.0077307687068899015,2,0.36728263366920383,130
SNE_11006386.jpg,1,,0,0,0,0,0,0,1,0.0,0.07073629001150361,0.0,0.20093186412458655,0.35870070213585725,0.030766198119312547,0.4318181816742424,0.7726518383066088,0.39455076020351515,0.15314403799349824,1,0.18355261051889676,99
SNE_11037686.jpg,1,,0,0,0,0,0,1,0,0.39999999992,0.5177901228797878,0.0,0.21971833639433344,0.5683888536646593,0.026315789470669714,0.34803921557026135,0.6577022545859361,0.39141292899327584,0.19098038961045,3,0.166529411764701,102
SNE_11037687.jpg,1,,0,0,0,0,0,1,0,0.0,0.13291974931154027,0.0,0.20973085073571193,0.43918552538820427,0.03705298095516528,0.3673913042253623,0.7515611188965577,0.42323054097664164,0.16330014007016866,1,0.17286036036035526,115
SNE_11037689.jpg,1,,0,0,0,0,0,1,0,0.19999999996,0.28053464360542213,0.0,0.20993392617580206,0.3366430102479105,0.035613165207287766,0.40811965798361827,0.6786427954124072,0.40161533674882405,0.0,2,0.16454099911151404,117
SNE_11037696.jpg,1,,0,0,0,0,0,1,0,0.59999999988,0.7948648964412213,0.2272019917741833,0.20596499314227432,0.27484785128251277,0.12837649677501684,0.0807692307423077,0.8192455154206539,0.5263992111142602,0.0,4,0.6862433862433136,65
SNE_11037700.jpg,1,,0,0,0,0,0,1,0,0.39999999992,0.3641223960901853,0.14017734946523808,0.21610726543602282,0.3704188107812507,0.06184982030152337,0.005434782606884045,0.8878045873077679,0.5181729591547063,0.0,3,0.5383014942310821,46
SNE_11037707.jpg,1,,0,0,0,0,0,1,0,0.19999999996,0.5476308329463145,0.17976068454761637,0.2120019609148878,0.3144626065729328,0.09046837489193615,0.03571428570238097,0.8566674287316055,0.4944693492729573,0.0,2,0.6055931639107085,49
SNE_11037708.jpg,1,,0,0,0,0,0,1,0,0.19999999996,0.24607264601267528,0.0,0.21892281366142374,0.5745655414530763,0.015176970189569072,0.194029850681592,0.7253778600863423,0.3592375107936722,0.036915108601966805,2,0.20421506037996293,67
SNE_11037711.jpg,1,,0,0,0,0,0,1,0,0.39999999992,0.38376155836215947,0.0,0.198228498242592,0.3286410681213028,0.027320572761859913,0.4639423075376602,0.7607713177933748,0.4118880723925687,0.001497667786013938,3,0.1902077064648947,104
SNE_11037719.jpg,1,,0,0,0,0,0,1,0,0.39999999992,0.7095859021833193,0.0,0.20619811730300253,0.44168886354839254,0.05217045001390202,0.21666666659444442,0.729100774401231,0.41846961961254225,0.0,3,0.27558741537234943,90
SNE_11037731.jpg,1,,0,0,0,0,0,1,0,0.59999999988,0.821284441167287,0.06869633095098421,0.21452295400337335,0.3611296821004641,0.14252845225925084,0.11315789469912282,0.7884729632048341,0.442496237360268,0.0,4,0.4167837626853695,95
SNE_11037748.jpg,1,,0,0,0,0,0,1,0,0.39999999992,0.33330071564076424,0.0,0.2118488049332336,0.3800442229110842,0.027692000125064866,0.3805555554287037,0.6431514770126501,0.4193286176057872,0.0,3,0.19297293630875015,90
SNE_11037754.jpg,1,,0,0,0,0,0,1,0,0.59999999988,0.589823223640076,0.0,0.22149093945758982,0.4520268136982865,0.04209979412554719,0.21391752570189002,0.6961902447172882,0.4077850598701898,0.0,4,0.1991019075187338,97
SNE_11037797.jpg,1,,0,0,1,0,0,0,0,1.0,0.9144851647578534,0.22577961957907688,0.21233153722738216,0.5573723554770778,0.20523835011733516,0.060126582258438845,0.7507430358541237,0.4708994112222575,0.0,7,0.6838253535102103,79
SNE_11037799.jpg,1,,0,0,0,0,0,1,0,0.59999999988,0.6898384129987736,0.07697758027632004,0.21764675047651716,0.3572220526718038,0.060881633551375325,0.04716981130503147,0.7948334153193861,0.4425896823721431,0.0,4,0.43086188654672164,53
SNE_11037803.jpg,1,,0,0,0,0,0,1,0,0.39999999992,0.43909273607373767,0.18263367169028286,0.2230276162249926,0.3967179318393532,0.1410805260945993,0.07499999997500002,0.814713752765241,0.435689558541548,0.0,3,0.6104772420561145,60
SNE_11037833.jpg,1,,0,0,0,0,0,1,0,0.79999999984,0.488789582109175,0.0,0.21417363640026393,0.39829313488951934,0.02547382752040162,0.39449541271253813,0.6540708820544193,0.38376662691129265,0.0,5,0.1390333560245027,109
SNE_11037834.jpg,1,,0,0,0,0,0,1,0,0.19999999996,0.24495980362307798,0.0,0.24089746090107517,0.4158728387939341,0.0,0.3046874998984375,0.6706449516032853,0.41959636117470334,0.0,2,0.25808464767954964,32
SNE_11037839.jpg,1,,0,0,0,0,0,1,1,0.19999999996,0.28711870743282536,0.0,0.21504533342513787,0.504714057096446,0.03751618980027946,0.4574829930447846,0.6629174242328117,0.4164352509344152,0.4199105089425689,2,0.13315622669649205,147
SNE_11037846.jpg,1,,0,0,0,0,0,1,0,0.19999999996,0.578734914607162,0.0,0.20160076312116026,0.34849516726608326,0.05113583247136335,0.28603603594069066,0.7122107278934537,0.41088719811368624,0.0,2,0.2182238010657116,111
SNE_11923272.jpg,1,,0,1,0,0,0,0,0,0.0,0.18934499693525253,0.0,0.17798870695970143,0.18084141851704397,0.02901523733315909,0.33749999988750007,0.7949645173999663,0.3935896347382295,0.0,1,0.2487492728330328,80
SNE_11923282.jpg,1,,0,1,0,0,0,0,0,0.0,0.1454068478258258,0.0,0.17941051791118162,0.4289435945407297,0.04523151995770802,0.34760273961015986,0.8656001831854442,0.36688917485078704,0.0,1,0.16327050433010284,146
SNE_11923302.jpg,1,,0,1,0,0,0,0,0,0.0,0.12241305110887142,0.0,0.18338198624969948,0.4927024243278382,0.056735284846824975,0.410447761057214,0.7727834368920179,0.3746645789202782,0.0,1,0.19985733337467979,134
SNE_11923319.jpg,1,,0,1,0,0,0,0,0,0.19999999996,0.26086322521655975,0.0,0.19149727664675859,0.48966931489659654,0.09152674950873421,0.2891304346862319,0.8627422399677154,0.44617054929302047,0.0,2,0.27742580860285443,115
SNE_11923321.jpg,1,,0,1,0,0,0,0,0,0.19999999996,0.20169404992062367,0.0,0.18421075952541555,0.23116642344437416,0.055131686704980476,0.352380952263492,0.7639614644106418,0.3915887725074419,0.0,2,0.24644124644123683,105
SNE_11923332.jpg,1,,0,1,0,0,0,0,0,0.19999999996,0.18236403075429103,0.25522239050312207,0.1919248487309924,0.3877808271070139,0.15908564620294824,0.1367187499544271,0.879735715810095,0.47042581465185107,0.0,2,0.7338780641105299,64
SNE_11923336.jpg,1,,0,1,0,0,0,0,0,0.39999999992,0.33679514988226933,0.2221728009367532,0.20576541440694468,0.2541842698010607,0.1570135167462749,0.08898305081779659,0.8435810407563868,0.5079056627008945,0.0,3,0.6776937618146532,59
SNE_11923345.jpg,1,,0,1,0,0,0,0,0,0.0,0.20487801707951175,0.0,0.18214614983568206,0.16340879777330822,0.05234022861866225,0.26785714276785716,0.8027389384899201,0.3653058994023093,0.12545316233466422,1,0.2615190491696409,98
SNE_11923364.jpg,1,,0,1,0,0,0,0,0,0.0,0.09342936254869691,0.0,0.16523240637297715,0.4006324549725996,0.07346899886709218,0.3481481480320987,0.8934462567533181,0.39537769103887316,0.0,1,0.24402797004223037,135
SNE_11923368.jpg,1,,0,1,0,0,0,0,0,0.19999999996,0.1630014458402661,0.39412291303365266,0.16836441799508403,0.3888201155307231,0.16332909261453324,0.09999999996666668,0.878183205810156,0.45438553932311215,0.0,2,0.9700089525513323,55
SNE_11923369.jpg,1,,0,1,0,0,0,0,0,0.0,0.07287914915810637,0.0,0.15719087503847828,0.42731150510057814,0.035569384128002854,0.24999999991666666,0.8847974555529828,0.38561961177332343,0.0,1,0.258967410682441,94
SNE_11923372.jpg,1,,0,1,0,0,0,0,0,0.0,0.11533693325538523,0.20217968410625983,0.1902119462969483,0.362324345145311,0.22552819098490745,0.23595505610112358,0.7917193005365024,0.5215016137765087,0.0,1,0.6437054631828214,89
SNE_11923399.jpg,1,,0,1,0,0,0,0,0,0.19999999996,0.1959318042434654,0.0334021404520852,0.1787302204039061,0.4309861204410467,0.12529703784291168,0.23347107430234157,0.8811471505831754,0.3865840307760943,0.062226194968253865,2,0.35678363880194697,121
SNE_11923408.jpg,1,,0,1,0,0,0,0,0,0.19999999996,0.35504390389022117,0.19232579174202538,0.20274692020852275,0.29706779642826325,0.19352226717108922,0.2565789472828947,0.8340400981946565,0.5300757562700861,0.0,2,0.6269538461537689,76
SNE_11923409.jpg,1,,0,1,0,0,0,0,0,0.39999999992,0.3351560084498245,0.1887924567623721,0.17152270969093134,0.21097020878090164,0.15827820916078883,0.16477272721780303,0.9172776998016391,0.4534444826251905,0.0,3,0.620947176684825,88
SNE_11923413.jpg,1,,0,1,0,0,0,0,0,0.0,0.08459043216587082,0.36092955679559496,0.18397802948744008,0.46659644428398556,0.21610152491344511,0.12686567159950252,0.8610252301210453,0.4909839349861172,0.0,1,0.913580246913441,67
SNE_11923438.jpg,1,,0,1,0,0,0,0,0,0.0,0.08002717844867055,0.21388837443840747,0.2076786821633026,0.364358468631923,0.1490495775184827,0.19196428565029763,0.8384765620533329,0.5121023428231407,0.0,1,0.6636102367591811,56
SNE_11923439.jpg,1,,0,1,0,0,0,0,0,0.0,0.060805679177286076,0.17876060930724483,0.17964389423697405,0.595495394171378,0.16867667607385525,0.2162921347593633,0.8346857641175531,0.5089591052153436,0.0,1,0.6038930360010768,89
SNE_11923440.jpg,1,,0,1,0,0,0,0,0,0.0,0.21609842077762875,0.14582842950356453,0.15945457859806733,0.40333706187928164,0.08521759107348206,0.1666666666111111,0.8253448731065941,0.4261286215041212,0.0,1,0.5479083303018881,72
SNE_121257.jpg,1,,0,0,0,1,0,0,0,0.39999999992,0.4697686992236266,0.0,0.18320182538372512,0.43914860637734654,0.12647442621383312,0.2629870128993506,0.7414700269717418,0.44226023055250063,0.947166352038673,3,0.15779820568347203,308
SNE_121477.jpg,1,,0,0,0,1,0,0,0,0.19999999996,0.3150132199558674,0.06096843017422387,0.21092094620257978,0.29826429386951125,0.18725864189917005,0.29545454535606064,0.6629870223847854,0.561262114769655,0.0,2,0.403646331357149,143
SNE_121523.jpg,1,,0,0,0,1,0,0,0,0.39999999992,0.789002188518541,0.0,0.20458520790448403,0.16301978131948539,0.13512899608448914,0.2634146340585366,0.5365647014580789,0.4975991439879507,0.0,3,0.22281776416538274,205
SNE_121528.jpg,1,,0,0,0,1,0,0,0,0.19999999996,0.5644823525629673,0.0,0.1924373028856433,0.21199864166846738,0.12776353848664204,0.2687861270780346,0.565865457708014,0.507924598559146,0.0,2,0.29654871815190803,173
SNE_121772.jpg,1,,0,0,0,1,0,0,0,0.0,0.6574662019824098,1.0,0.15382413838494674,0.2485478767163159,0.5437019975866798,0.20905172406824712,0.5185211498486262,0.543139820627585,0.0,1,3.3342449697199967,116
SNE_121843.jpg,1,,0,0,0,1,0,0,0,0.19999999996,0.7290679299170615,1.0,0.17336534258085282,0.3238848851010011,0.4163795749036724,0.20227272720530307,0.4545749388200546,0.552675906348293,0.0,2,2.0103694102394667,110
SNE_121903.jpg,1,,0,0,0,1,0,0,0,0.39999999992,0.7229617554681735,0.03015308393132313,0.16703068108566957,0.2413075261422519,0.09613001489706785,0.342889908142584,0.6319542497867942,0.4966159857929484,1.0,3,0.3512602427134024,218
SNE_121932.jpg,1,,0,0,0,1,0,0,0,0.39999999992,0.7183887642032614,0.16279470372896043,0.20970450371363286,0.2271853609777077,0.2898825604289582,0.2312499999229167,0.5609691826678358,0.5710514630196962,0.0,3,0.5767509965020274,160
SNE_121941.jpg,1,,0,0,0,1,0,0,0,0.59999999988,0.7072725520805312,1.0,0.1437593845287131,0.12754117752281877,0.4594968683243179,0.2702702701801801,0.6260625208621489,0.5287849184211135,0.0,4,2.294148586455977,148
SNE_121958.jpg,1,,0,0,0,1,0,0,0,0.39999999992,0.8022303133090578,0.0,0.18581589139148408,0.2412127535062242,0.15422152712985043,0.30871212110921714,0.5100564658172069,0.5284414776818751,0.0,3,0.2648722682069832,264
SNE_12262441.jpg,1,,0,0,0,0,0,1,0,0.39999999992,0.780241987386002,0.08628216906687572,0.1491008249508003,0.2412908847379116,0.14096765349245816,0.1283185840280236,0.8748249055203936,0.4128378481926818,0.0,3,0.4466796874999709,113
SNE_12262454.jpg,1,,1,0,0,0,0,0,0,0.39999999992,0.32216393338337607,0.18915666781594845,0.16165665523139125,0.42819657376154274,0.1729469787588374,0.21022727265719696,0.8092423135975072,0.44505496935720096,0.0,3,0.621566335476269,88
SNE_12262456.jpg,1,,1,0,0,0,0,0,0,0.39999999992,0.5483259193984092,0.24372053966415783,0.1943307327590194,0.4525765061399488,0.20373793975956553,0.17605633796948356,0.7565299994920158,0.44993591551993406,0.0,3,0.7143249176727888,71
SNE_12262457.jpg,1,,1,0,0,0,0,0,0,0.59999999988,0.7141110011379506,0.26410608721835943,0.1771318400774298,0.4666229362605505,0.18805170133589796,0.04729729728153153,0.7989676793582158,0.410684626202829,0.0,4,0.7489803485353171,74
SNE_12262463.jpg,1,,1,0,0,0,0,0,0,0.59999999988,0.6595504480507114,0.1925687953937282,0.16371887267044696,0.33649153913361995,0.2070119488162783,0.15656565651346802,0.8681175460518887,0.47320640327934965,0.0,4,0.6273669523619068,99
SNE_12262468.jpg,1,,1,0,0,0,0,0,0,0.79999999984,0.8994786934709315,0.15459517131091818,0.19194649603548877,0.36234427786038526,0.23976608183188372,0.08673469384863942,0.7493392169167099,0.4314918047967205,0.0,5,0.5628117913831561,98
SNE_12262472.jpg,1,,1,0,0,0,0,0,0,0.39999999992,0.60960408139897,0.21176470575774003,0.18347627269619665,0.3811937706255738,0.15358571865451087,0.06343283579975126,0.8624631346903949,0.4239344969659209,0.0,3,0.6599999999999228,67
SNE_12262476.jpg,1,,1,0,0,0,0,0,0,0.59999999988,0.6619190336153119,0.2525101981321052,0.18381999576374425,0.43544992837870944,0.21887780698778106,0.07911392402426158,0.8120427041231223,0.42345708524861086,0.0,4,0.729267337077089,79
SNE_12262483.jpg,1,,1,0,0,0,0,0,0,0.19999999996,0.46868728469473764,0.034395377889678606,0.1654961684910713,0.4323863487150328,0.09701018772125015,0.18939393933080806,0.866353614872869,0.3743391778740072,0.0,2,0.358472142446849,99
SNE_12262486.jpg,1,,1,0,0,0,0,0,0,0.79999999984,0.7413962621439016,0.3010787898564082,0.18984630131969638,0.40138226319249226,0.282228156620181,0.13124999995625,0.7920268977124177,0.456773241654394,0.0,5,0.8118339430569728,80
SNE_12262487.jpg,1,,1,0,0,0,0,0,0,0.0,0.2580302191923224,0.20087092641087198,0.1617419272925193,0.421644098541601,0.1191039697538976,0.13281249995572916,0.8673873494720523,0.4275157662708887,0.0,1,0.6414805750993533,64
SNE_12262505.jpg,1,,1,0,0,0,0,0,0,0.59999999988,0.46613278098203237,0.16878913018105063,0.16417640404145845,0.49371305216538,0.15391808828152176,0.1978021977362637,0.8061887834755764,0.43960899055994035,0.0,4,0.5869415214765752,91
SNE_12262509.jpg,1,,1,0,0,0,0,0,0,0.59999999988,0.5490494251349688,0.3043312722201227,0.17557527975426895,0.3822383974816329,0.2547007027412233,0.18373493969779114,0.7737929442748052,0.4932920885902504,0.0,4,0.8173631630785397,83
SNE_12262517.jpg,1,,1,0,0,0,0,0,0,0.0,0.25711974052085274,0.16199614672579954,0.18230250015833951,0.47010106351750314,0.1852291297914085,0.20588235287254902,0.8461143624914591,0.48086695999136486,0.0,1,0.5753934495958554,85
SNE_12262518.jpg,1,,1,0,0,0,0,0,0,0.39999999992,0.5149873132670473,0.2307897029188138,0.17067151822189586,0.42203862150117366,0.18251686219542546,0.12341772147784809,0.8489679557509777,0.4357764320979146,0.0,3,0.6923424951927731,79
SNE_12262520.jpg,1,,1,0,0,0,0,0,0,0.59999999988,0.6825860824276035,0.08440915850266914,0.1546889389070086,0.34179365848834586,0.17886085444096728,0.2135036495638686,0.7809533786132272,0.4479401729653417,0.0,4,0.4434955695389467,137
SNE_12262521.jpg,1,,1,0,0,0,0,0,0,0.39999999992,0.8267667283888367,0.16008454240265882,0.151258806375832,0.38132181616061056,0.24696683166299768,0.1755319148351064,0.8608665899113104,0.4802185584287269,0.0,3,0.5721437222446045,141
SNE_12262525.jpg,1,,1,0,0,0,0,0,0,0.79999999984,0.6056340369979263,0.15954892048444466,0.17475657141161752,0.2919767189464828,0.19103313837089417,0.17897727266761362,0.8238299908460507,0.436262813398258,0.0,5,0.5712331649831048,88
SNE_12262530.jpg,1,,1,0,0,0,0,0,0,0.19999999996,0.3637752181864652,0.17531608669741328,0.1658287305472381,0.5353820602984931,0.2231627085686214,0.18181818175757575,0.8381568151026233,0.44320195892553266,0.0,2,0.5980373475609186,110
SNE_12262534.jpg,1,,1,0,0,0,0,0,0,0.59999999988,0.5867176387304116,0.14122229449278245,0.18868257362246618,0.48730112277244414,0.22250275130924604,0.19117647052450978,0.8152739926680933,0.42791385692930123,0.0,4,0.5400779007789525,102
SNE_12262539.jpg,1,,1,0,0,0,0,0,0,0.59999999988,0.5575049890472579,0.2941867088515523,0.18247539978594357,0.33579882136841466,0.26405388281929887,0.16158536579979677,0.8334126181307265,0.4663065576705042,0.0,4,0.8001174053418256,82
SNE_12262540.jpg,1,,1,0,0,0,0,0,0,0.39999999992,0.38951413102664906,0.06679925364612582,0.19712727937081242,0.285289278746376,0.16062813007937107,0.21774193541129033,0.8365898294660513,0.4791198315640057,0.0,3,0.41355873126521314,93
SNE_12262548.jpg,1,,1,0,0,0,0,0,0,0.79999999984,0.6656945913142895,0.20043954522733382,0.17492894587846644,0.23847680814547773,0.257688880652597,0.13861386133993397,0.8193871584728842,0.5003286496800146,0.0,5,0.640747227086907,101
SNE_12262549.jpg,1,,1,0,0,0,0,0,0,0.39999999992,0.3603283212010264,0.24330677217620825,0.18218571408706183,0.3901697287165056,0.2019946825727065,0.15909090903787879,0.8505258520512302,0.4821765975540474,0.0,3,0.7136215129428608,77
SNE_12262551.jpg,1,,1,0,0,0,0,0,0,0.39999999992,0.42142160098074555,0.216520650686104,0.17971307994417665,0.38314950418734584,0.22572388413874875,0.14942528730651342,0.8411293151572271,0.47438459046207637,0.0,3,0.6680851063828974,87
SNE_12262556.jpg,1,,1,0,0,0,0,0,0,0.59999999988,0.6622337720343991,0.3503311373801788,0.17384326138392706,0.37769113922823494,0.3286415555281985,0.1380208332873264,0.8168955524927156,0.4584971370628413,0.0,4,0.8955629338966351,96
SNE_12262563.jpg,1,,1,0,0,0,0,0,0,0.59999999988,0.8888588253866793,0.059921106454469665,0.16585760142790762,0.26267208544813603,0.155960186643205,0.13716814154719767,0.801839542313204,0.3774268746929665,0.0,4,0.4018658810325195,113
SNE_12262572.jpg,1,,1,0,0,0,0,0,0,0.59999999988,0.4829970328179115,0.3001057170414213,0.16632143489152817,0.37097732280946516,0.19592369349358718,0.13194444440046293,0.8546724326089788,0.44333163752353194,0.0,4,0.810179719270522,72
SNE_12262574.jpg,1,,1,0,0,0,0,0,0,0.39999999992,0.37738620144915946,0.21584115466033235,0.1939876866994836,0.4266126012403647,0.24184473818274457,0.19705882346372544,0.80704886274626,0.4793623161488591,0.0,3,0.6669299631384061,85
SNE_12262576.jpg,1,,1,0,0,0,0,0,0,0.59999999988,0.6648309990462004,0.2988789218465786,0.1708159182691348,0.32496492006824285,0.2606101949273152,0.1944444443796296,0.8678695465245234,0.5121496160852959,0.0,4,0.8080941674380626,90
SNE_12262584.jpg,1,,1,0,0,0,0,0,0,0.39999999992,0.7762193260294281,0.31810737820434076,0.1796530842472677,0.3642342648168847,0.30378994885128235,0.14722222217314815,0.8359572311146668,0.48435195820138566,0.0,3,0.8407825432654866,90
SNE_12262586.jpg,1,,1,0,0,0,0,0,0,0.39999999992,0.5257304598089088,0.3583182765204551,0.19317381683972606,0.4603059733073562,0.3732999040772532,0.13068181813825758,0.8053991696721341,0.5098491282166842,0.0,3,0.9091410704430919,88
SNE_12262587.jpg,1,,1,0,0,0,0,0,0,0.19999999996,0.39551770720429325,0.2402966107096593,0.18269874837789296,0.35479791959213275,0.28917864796027865,0.19999999993333337,0.8384665000351391,0.5038980610606137,0.0,2,0.7085042384467174,95
SNE_12262588.jpg,1,,1,0,0,0,0,0,0,0.59999999988,0.7664746253215998,0.24643985883617306,0.17169962610202044,0.34951350226440137,0.24125364903209917,0.12222222218148149,0.8163193179377886,0.4616097587935887,0.0,4,0.718947760267934,90
SNE_12262595.jpg,1,,1,0,0,0,0,0,0,0.59999999988,0.7788387587918628,0.233213974034833,0.15546691625764794,0.4086917082923128,0.26393293194797823,0.21767241372054594,0.8083917029664804,0.4989883801852763,0.0,4,0.69646375609243,116
SNE_12262599.jpg,1,,0,0,0,0,0,1,0,0.59999999988,0.8661284256712354,0.0,0.17569954572562307,0.41028563738604396,0.04012981647543954,0.029999999990000026,0.8041206994206012,0.32487758095830993,0.0,4,0.26549795553883226,75
SNE_12262603.jpg,1,,1,0,0,0,0,0,0,0.59999999988,0.6035024299573384,0.2311325830050001,0.1556955169096873,0.46418282864118,0.2549833620060831,0.25652173904492753,0.8445920690714706,0.5077638791873853,0.0,4,0.6929253913396327,115
SNE_12262604.jpg,1,,1,0,0,0,0,0,0,0.59999999988,0.7263286183101088,0.25441499829048714,0.18261891137878838,0.37477810318850724,0.24691433663074963,0.11363636359848482,0.774551178864917,0.44435685143276393,0.0,4,0.7325054973482431,88
SNE_12262606.jpg,1,,1,0,0,0,0,0,0,0.39999999992,0.48071463983575347,0.23372179046549652,0.18108624526052386,0.3197745297394731,0.26804038392974455,0.18010752682168457,0.800076194105426,0.5163556520163329,0.0,3,0.6973270440250658,93
SNE_12264191.jpg,1,,1,0,0,0,0,0,0,0.59999999988,0.5241263693485554,0.12397720156056871,0.18375436428677497,0.32965269663629804,0.16113875676010683,0.19329896900773194,0.8418570729789344,0.5134996268871468,0.0,4,0.510761242776944,97
SNE_12264196.jpg,1,,1,0,0,0,0,0,0,0.39999999992,0.6646209129352803,0.1835471998610556,0.19909668024314564,0.3706842684865777,0.24434730956296427,0.17961165042556634,0.8178473761988627,0.5163664132814478,0.0,3,0.6120302399473417,103
SNE_12264199.jpg,1,,1,0,0,0,0,0,0,0.39999999992,0.7207724203712861,0.026495950526202537,0.187898714604379,0.36561072054139787,0.13165052800741164,0.2665289255309917,0.7186613096837517,0.5098139567532733,0.0,3,0.34504311592104026,121
SNE_12264200.jpg,1,,1,0,0,0,0,0,0,0.19999999996,0.49888658754297655,0.0,0.20378451089006147,0.2840991065740563,0.06514232429118649,0.22422680404896908,0.7733196622916791,0.4339397937517709,0.0,2,0.2400572114053594,97
SNE_12264201.jpg,1,,1,0,0,0,0,0,0,0.59999999988,0.8631521740705247,0.15994095009068635,0.19359218673668802,0.4569826641739253,0.30650495074046336,0.2130872482511186,0.6845986551285124,0.5310123206101887,0.0,4,0.5718996153141077,149
SNE_12264202.jpg,1,,1,0,0,0,0,0,0,1.0,0.74033391855558,0.054119921655923504,0.19821945497526378,0.36461426698846167,0.11091082213161017,0.27222222213148145,0.7679772018598003,0.48109724464123943,0.0,7,0.39200386686918987,90
SNE_12264207.jpg,1,,1,0,0,0,0,0,0,0.39999999992,0.5493808157450862,0.10129251335304196,0.19871377832328926,0.37597839595902033,0.2353014486602021,0.26305970140485074,0.7919104619498807,0.5364043392184276,0.0,3,0.47219727280146384,134
SNE_12264208.jpg,1,,1,0,0,0,0,0,0,0.59999999988,0.7649836039173484,0.0,0.1985538070948533,0.42706605149838284,0.11132972617406707,0.21455223873445275,0.7614702887949267,0.4406231741497159,0.0,4,0.2800483563490826,134
SNE_12264213.jpg,1,,1,0,0,0,0,0,0,0.9999999998,0.7995567016462386,0.0,0.20322343061750012,0.14488043070289328,0.04470916836798867,0.18388429745936638,0.6914872585300947,0.40529869792566564,0.0,6,0.1794448520420586,121
SNE_12264216.jpg,1,,1,0,0,0,0,0,0,0.79999999984,0.7019877948438336,0.1573783691225156,0.18187589396221107,0.2649086455124978,0.26257015012396384,0.19924812023433586,0.8753515182728784,0.5275425700277314,0.0,5,0.5675432276656549,133
SNE_12264218.jpg,1,,1,0,0,0,0,0,0,0.59999999988,0.6704884894954375,0.0,0.201957583471617,0.5441624195008348,0.07044930007977375,0.2261146496061571,0.7804601247636935,0.42752805577899006,0.0,4,0.16914918970447543,157
SNE_12264222.jpg,1,,1,0,0,0,0,0,0,0.59999999988,0.5461966343550038,0.0,0.19518461329215384,0.4331859651079564,0.07683571225119125,0.3655172412574713,0.7034740415717962,0.42221890128625084,0.0,4,0.19373664031485788,145
SNE_12264223.jpg,1,,1,0,0,0,0,0,0,0.59999999988,0.8284377970816701,0.12240530597746778,0.18772559505536626,0.5347830672794034,0.24343996227958864,0.21897810211678834,0.7129378818730944,0.5287877314375299,0.0,4,0.5080890202841005,137
SNE_12264229.jpg,1,,0,0,0,0,0,1,0,0.59999999988,0.656399047622406,0.12857534034404736,0.18202935125260986,0.40739685348822885,0.1344633271517066,0.09226190473115076,0.8405969422049999,0.4288762393118361,0.0,4,0.5185780787134558,84
SNE_12264230.jpg,1,,0,0,0,1,0,0,0,0.19999999996,0.6259644264857013,0.0,0.18819503903678667,0.4846403295418875,0.15506035281909447,0.27673796782219257,0.6692442897433442,0.48334115032701747,0.0,2,0.26065670633914656,187
SNE_12264231.jpg,1,,1,0,0,0,0,0,0,0.19999999996,0.2777331310754784,0.06890427756971694,0.1585411671329616,0.2046109650786424,0.11312817228670972,0.28663793093893675,0.8239679773504918,0.48031188991570484,0.0,2,0.41713727193742306,116
SNE_12264233.jpg,1,,1,0,0,0,0,0,0,0.59999999988,0.7374061569339071,0.19646598469308654,0.18050659861767912,0.36586828335459975,0.2008364444465855,0.19270833326909723,0.7808126920083391,0.517446613888677,0.0,4,0.6339921741747131,96
SNE_12264235.jpg,1,,1,0,0,0,0,0,0,0.79999999984,0.7500626763374348,0.02186902484372058,0.19759770612155095,0.1849635931304995,0.1454915970458205,0.2599206348339947,0.8447377879812258,0.5064630927853924,0.0,5,0.337177342256194,126
SNE_12264236.jpg,1,,1,0,0,0,0,0,0,0.39999999992,0.6634192631903327,0.2328935665200395,0.1928419087001514,0.45080735587446846,0.2495049149121528,0.20792079200990102,0.7480001932914007,0.5177804201909499,0.0,3,0.6959190633169607,101
SNE_12264238.jpg,1,,1,0,0,0,0,0,0,0.39999999992,0.3648361494469616,0.11729286427449112,0.19682802537760818,0.3839151387175802,0.24477706537153193,0.19262295075546446,0.8393999026685945,0.5238869273934585,0.0,3,0.4993978693839278,122
SNE_12264240.jpg,1,,0,0,0,1,0,0,0,0.59999999988,0.516360049343652,0.2528758795438927,0.2119744696021847,0.446428152351264,0.3296452038078665,0.15801886787185535,0.678566160526791,0.5292435146226271,0.0,4,0.7298889954774934,106
SNE_12264241.jpg,1,,1,0,0,0,0,0,0,0.79999999984,0.7346349336769784,0.18348266448104367,0.20535609930355742,0.45304909244736746,0.3162542116391225,0.1712598424625984,0.7180061522309495,0.5282958572357025,0.0,5,0.6119205298012569,127
SNE_12264243.jpg,1,,1,0,0,0,0,0,0,0.59999999988,0.4802437386498297,0.12686834202118946,0.20198818092418758,0.324568195407456,0.247838829608487,0.21516393435450817,0.7750048573617504,0.5388833636914415,0.0,4,0.5156761815628904,122
SNE_12264247.jpg,1,,1,0,0,0,0,0,0,0.59999999988,0.8279007168835975,0.025908606105020725,0.19331625624121174,0.3889472955525779,0.16758423253120142,0.22833333325722224,0.769484164024587,0.5207683014481662,0.0,4,0.34404463040444383,150
SNE_12264249.jpg,1,,1,0,0,0,0,0,0,0.59999999988,0.8192516216449827,0.22840181696727554,0.1409301939888595,0.41260389389355456,0.23512555400435806,0.14930555550578706,0.9208526907492481,0.4438737856572632,0.2603639826574958,4,0.6882830890727702,144
SNE_12264251.jpg,1,,1,0,0,0,0,0,0,0.19999999996,0.3924055262364632,0.19401419569605316,0.21165785796614764,0.48052414142719796,0.2784048542962134,0.14077669898220066,0.7684175638512746,0.5270279062486211,0.0,2,0.6298241328773045,103
SNE_12264252.jpg,1,,1,0,0,0,0,0,0,0.19999999996,0.5789741269764617,0.12942202603912967,0.1868995019019018,0.47012763220364273,0.17689994718307353,0.15999999994666667,0.89429776603444,0.4408454329394432,0.5601686216922457,2,0.5200174443959424,100
SNE_12264254.jpg,1,,1,0,0,0,0,0,0,0.59999999988,0.857395305207423,0.2177405904998369,0.20949434708951664,0.38940795921136107,0.3366072644374462,0.17083333327638886,0.7407531710054776,0.5385386156338122,0.0,4,0.6701590040674633,120
SNE_12264255.jpg,1,,1,0,0,0,0,0,0,0.39999999992,0.37997889672830604,0.014300407444403763,0.19688025438950624,0.4676750753801181,0.13171462616159424,0.21399999992866664,0.7363564258928985,0.4767938594121234,0.0,3,0.3243106926697868,125
SNE_12264262.jpg,1,,1,0,0,0,0,0,0,0.59999999988,0.593837461865194,1.0,0.18614758915847265,0.4396809512731986,1.0,0.062499999979166665,0.6590118347537337,0.5328562515670086,0.0,4,3.60115606936208,80
SNE_12264263.jpg,1,,1,0,0,0,0,0,0,0.19999999996,0.4035935222240498,0.13949491071448286,0.18858120280827953,0.5338076648638934,0.21603868848918348,0.1961206895897989,0.8581569043246371,0.529744802408537,0.0,2,0.5371413483541158,116
SNE_12264264.jpg,1,,1,0,0,0,0,0,0,0.79999999984,0.8280429884325793,0.09946048036635527,0.20007482443039484,0.4799939056032372,0.19835353761005042,0.17499999994166662,0.7846015978903322,0.5177160696255385,0.0,5,0.46908281672226443,120
SNE_12264265.jpg,1,,1,0,0,0,0,0,0,0.19999999996,0.3596756290059381,0.32530910434209487,0.20665835921109335,0.5273538623437235,0.29098223258931993,0.26219512186382116,0.8528653832836344,0.5560822197092684,0.0,2,0.8530254777068704,82
SNE_12264266.jpg,1,,1,0,0,0,0,0,0,0.39999999992,0.7177434220378904,0.0745833497059235,0.19121013154944397,0.4569462552801463,0.22938625865593576,0.2078124999307292,0.8042477093870681,0.5297116278897942,0.0,3,0.42679169457465327,160
SNE_12264267.jpg,1,,1,0,0,0,0,0,0,0.59999999988,0.5310175438917206,0.026893237594172576,0.2016458201429084,0.4133697957102503,0.203144426004614,0.259493670799578,0.6750134685829536,0.5281394299736394,0.0,4,0.3457185039369866,158
SNE_12264268.jpg,1,,1,0,0,0,0,0,0,0.79999999984,0.7237193333672302,0.0,0.187316281819136,0.5754101714083256,0.08533306857311944,0.32827102792795954,0.7335296068517346,0.45569871148060315,0.0,5,0.15823513559861443,214
SNE_12264269.jpg,1,,1,0,0,0,0,0,0,0.59999999988,0.7654653109468403,0.2700240778257213,0.20065663000917566,0.3774731686324546,0.3099120831057575,0.1610576922540064,0.7681512265104747,0.5305142434398569,0.0,4,0.7590409325737503,104
SNE_12264270.jpg,1,,1,0,0,0,0,0,0,0.79999999984,0.8056733820566012,0.6817042602504115,0.1930572804653525,0.3787911124452238,0.7322252998763611,0.13025210079691873,0.7509791731167316,0.5300294462684163,0.0,5,1.4588972431074039,119
SNE_12264271.jpg,1,,1,0,0,0,0,0,0,0.39999999992,0.5520355361976836,0.0,0.19541058272551373,0.44055497108346586,0.06775021272391275,0.3938356163070777,0.696337290134331,0.44352323636823365,0.0,3,0.18338764256171877,146
SNE_12264276.jpg,1,,1,0,0,0,0,0,0,0.59999999988,0.777574723396089,0.2590356314709248,0.19249806253644444,0.4181346850701625,0.32137885173030195,0.1736111110532407,0.8025696221852856,0.5255616799021184,0.0,4,0.7403605737596077,108
SNE_12264278.jpg,1,,1,0,0,0,0,0,0,0.59999999988,0.9406389054464002,0.17684607035335864,0.1876306387822781,0.2885596561509981,0.27790752487100906,0.18647540977390709,0.7950216667337435,0.5156740137113288,0.0,4,0.6006383197775558,122
SNE_12264280.jpg,1,,1,0,0,0,0,0,0,0.9999999998,0.8724051944766177,0.0309725567682161,0.19001531670456395,0.48390646958098615,0.16351138811149232,0.20744680844148936,0.7014198747505407,0.4491385647179226,0.0,6,0.3526533465369399,141
SNE_12264281.jpg,1,,1,0,0,0,0,0,0,0.59999999988,0.6704018800741542,0.0,0.18290165607261583,0.31712177975588324,0.15268339140392465,0.25785340305541016,0.8499743869947771,0.4852766075339382,0.0,4,0.250071484007996,191
SNE_12264282.jpg,1,,1,0,0,0,0,0,0,0.19999999996,0.5448183922546188,0.0,0.19556116965865436,0.3288845785414352,0.09243255960340274,0.2985074625870646,0.7360850751104366,0.4154641977176726,0.0,2,0.1490003565257892,201
SNE_12264285.jpg,1,,1,0,0,0,0,0,0,0.59999999988,0.6383938280719256,0.15204490675333776,0.1916255276264817,0.5298568198859059,0.23451620815271104,0.15909090903787879,0.8057059083529143,0.48900107897420814,0.0,4,0.5584763416327191,110
SNE_12264287.jpg,1,,1,0,0,0,0,0,0,0.59999999988,0.4856033939304417,0.13291665746682754,0.19737648030318547,0.45396471624042256,0.19955732275349142,0.22815533972977342,0.7066821304486848,0.5194867165635942,0.0,4,0.5259583178265235,103
SNE_12264289.jpg,1,,1,0,0,0,0,0,0,0.59999999988,0.7311796832947107,0.05330516104940069,0.17208677389743363,0.45946897676542464,0.15259772358686982,0.2591240875048662,0.7532013217152559,0.45691767877724043,0.0,4,0.3906187738372863,137
SNE_12264293.jpg,1,,1,0,0,0,0,0,0,0.59999999988,0.8885192757260747,0.20551675437340639,0.19314732220455988,0.4368611925342543,0.34216166214103366,0.14821428566488093,0.7792506675546199,0.5153556760974726,0.0,4,0.6493784826403076,140
SNE_12264294.jpg,1,,1,0,0,0,0,0,0,0.79999999984,0.5089431046189548,0.5816653930877462,0.2220679365883601,0.5199733776519591,0.5215311003156113,0.136904761859127,0.752565411420786,0.5252908076414337,0.0,5,1.288831168830834,84
SNE_12264297.jpg,1,,1,0,0,0,0,0,0,0.59999999988,0.6258767037043411,0.47952012931784216,0.18884393319610604,0.4103410365197079,0.4860243275464674,0.1568181817659091,0.8128871951919574,0.5284965965923104,0.0,4,1.1151842203198519,110
SNE_12264298.jpg,1,,0,0,0,1,0,0,0,0.39999999992,0.4979367229124161,0.0,0.16693862668572337,0.40755628699501856,0.2258177469845873,0.20903010026477142,0.7530294322791282,0.5161687245403652,0.0,3,0.24959303560052906,299
SNE_12264300.jpg,1,,1,0,0,0,0,0,0,0.39999999992,0.522520844610687,1.0,0.17808780398604407,0.44895368690181436,0.635187765498192,0.04545454543939397,0.7487728995171273,0.5241087348648547,0.0,3,2.1629327902232984,77
SNE_12264301.jpg,1,,1,0,0,0,0,0,0,0.79999999984,0.7946883330008488,0.9530313003507038,0.17485186257255753,0.2340404837579075,0.7770058614725415,0.09579439249143303,0.7182035596835559,0.5243990446335026,0.0,5,1.920153211549228,107
SNE_12264304.jpg,1,,1,0,0,0,0,0,0,0.59999999988,0.5097497247245906,0.09470894071294718,0.2041833354547922,0.389712579031827,0.28942807621924144,0.19833333326722222,0.8589915436362751,0.532774968052858,0.0,4,0.4610051993067191,150
SNE_12264305.jpg,1,,1,0,0,0,0,0,0,0.39999999992,0.5052501136803929,0.0,0.1843418172098874,0.3486600733528457,0.13759556001169926,0.24693877542789114,0.8874012775270116,0.4509677786956895,0.47149754974753627,3,0.1798306434957018,245
SNE_12264306.jpg,1,,1,0,0,0,0,0,0,0.39999999992,0.8144400267247838,0.007540495842216124,0.19695488564467273,0.39967750895729803,0.13303284259440823,0.1423076922602564,0.8183530007624563,0.4351633575592318,0.0,3,0.3128188429393079,130
SNE_12264308.jpg,1,,1,0,0,0,0,0,0,0.59999999988,0.5904187514489765,0.13664928381455488,0.20867044381785949,0.5141156582973596,0.26374434763612997,0.15040650401490513,0.827374414212099,0.5266288730799251,0.0,4,0.5323037826213926,123
SNE_12264309.jpg,1,,1,0,0,0,0,0,0,0.79999999984,0.6944381636558896,0.19535286828468215,0.20018952901444045,0.36887816376025945,0.3617436910803873,0.14285714280952383,0.8303604290281417,0.5098812055459394,0.0,5,0.6320998762793125,140
SNE_12264310.jpg,1,,1,0,0,0,0,0,0,0.19999999996,0.4561106676653641,0.22300114045427813,0.18927469431090524,0.46942259683447474,0.26367114061641783,0.1839622640896226,0.8515245624182897,0.5159480968732381,0.0,2,0.6791019389952739,106
SNE_12264312.jpg,1,,1,0,0,0,0,0,0,0.79999999984,0.7215535726075286,0.20194072312006123,0.20703456724944344,0.44557243498306365,0.30635607581265184,0.1666666666111111,0.7815744719373209,0.5247917833864613,0.0,5,0.6432992295060448,108
SNE_12264314.jpg,1,,1,0,0,0,0,0,0,0.79999999984,0.5407575376149556,0.18005131939998495,0.1917382808829267,0.3895601113531333,0.25387030917956516,0.16509433956761005,0.8385162197661258,0.5227626330235784,0.0,5,0.6060872431600257,106
SNE_12264317.jpg,1,,1,0,0,0,0,0,0,0.59999999988,0.5994491911275288,0.0,0.18633974834920386,0.44500773424165485,0.11325959323001895,0.32125603854025764,0.7970157019343,0.42518845056041366,0.2731938528810419,4,0.1823857234217443,207
SNE_12264320.jpg,1,,1,0,0,0,0,0,0,0.19999999996,0.4106661311054337,0.1554204185730269,0.20060583714554198,0.48386797172302815,0.2978968295063385,0.1511194029347015,0.7570643506223125,0.5200438999533787,0.0,2,0.5642147117295662,134
SNE_12264324.jpg,1,,1,0,0,0,0,0,0,0.59999999988,0.862786264141097,0.0,0.19407108619715735,0.33644280231471635,0.08750272703890069,0.2741477271813447,0.7598431331411268,0.40464474202744755,0.0,4,0.17642431393905855,176
SNE_12264326.jpg,1,,1,0,0,0,0,0,0,0.79999999984,0.6940923737552723,0.0,0.1881654757142821,0.47008963219629585,0.10680943488803857,0.2720125785256814,0.7192020395394214,0.41871973943267293,0.0,5,0.23335746675303,159
SNE_12264329.jpg,1,,1,0,0,0,0,0,0,0.39999999992,0.23306151397206865,0.15640627474381577,0.20470573257432437,0.5861195104945439,0.2564189521430844,0.13716814154719767,0.7911185457126879,0.5254461789905402,0.0,3,0.5658906672208931,113
SNE_12264330.jpg,1,,1,0,0,0,0,0,0,0.59999999988,0.38076659524188616,0.22691465404251338,0.20213996485922295,0.4467453994117192,0.19569476946147102,0.1952054793869863,0.8242684406903878,0.5220748554165383,0.0,4,0.6857549120991874,73
SNE_12264334.jpg,1,,1,0,0,0,0,0,0,0.79999999984,0.7601044278935409,0.33083956755261656,0.1893057210511382,0.43132539125286384,0.315599889106653,0.10148514848102312,0.8060833763562032,0.47825475465634754,0.0,5,0.8624272651702878,101
SNE_12264337.jpg,1,,1,0,0,0,0,0,0,0.79999999984,0.8335527094688584,0.1305241005344787,0.19146440697393233,0.41177987248526765,0.24997758447405657,0.15555555550370367,0.758763784605364,0.47990821410672985,0.0,5,0.5218909710391378,135
SNE_12264338.jpg,1,,1,0,0,0,0,0,0,0.39999999992,0.6928692690410252,0.25875515230899104,0.16851995118553353,0.3920755208727121,0.37158391092193666,0.1802721087834467,0.8624855328717491,0.5163422762055988,0.0,3,0.7398837591840399,147
SNE_12264340.jpg,1,,1,0,0,0,0,0,0,0.39999999992,0.41632522893869983,1.0,0.18429471445908807,0.4697485516231919,0.7936510791501289,0.12234042549113472,0.7724755245453668,0.5238385861150114,0.0,3,2.098528908654773,94
SNE_12264345.jpg,1,,1,0,0,0,0,0,0,0.0,0.5282938536108852,0.18230547472977768,0.18277880501186117,0.27760829451245966,0.29955769166754553,0.15073529406740194,0.8543718161695097,0.5176587994675955,0.0,1,0.6099193072229275,136
SNE_12264346.jpg,1,,1,0,0,0,0,0,0,0.9999999998,0.6648440914759437,0.0,0.18656622088668717,0.49221207776819376,0.1556664325195607,0.24418604643023253,0.8596749069245327,0.4511273459845469,0.16711151794364115,6,0.2839392544868714,172
SNE_12264348.jpg,1,,1,0,0,0,0,0,0,0.59999999988,0.7388800151740627,0.16600868525565,0.1945844608785208,0.49241929217436886,0.33176803037284514,0.16047297291948195,0.7801330081158442,0.5317030421762012,0.0,4,0.5822147651006137,148
SNE_12264350.jpg,1,,1,0,0,0,0,0,0,0.39999999992,0.8788533075832945,0.18701835105699188,0.20506667957774824,0.35934437831480215,0.316310332802022,0.13865546213865548,0.8186249660582129,0.527312501261153,0.0,3,0.6179311969839045,119
SNE_12264353.jpg,1,,1,0,0,0,0,0,0,0.59999999988,0.5320306983056565,0.18825889684969715,0.20067283621652462,0.40440838256837397,0.2260130933294921,0.14210526311052632,0.7646992101950476,0.5184158429206632,0.0,4,0.6200401248327441,95
SNE_12264359.jpg,1,,1,0,0,0,0,0,0,0.39999999992,0.5335401706614111,0.3924974982255106,0.19712850028750128,0.33154976273346004,0.4854944090941786,0.16592920348451326,0.783972659942197,0.5233505357713286,0.0,3,0.9672457473758654,113
SNE_12264362.jpg,1,,1,0,0,0,0,0,0,0.39999999992,0.690759765222266,0.047228754327752274,0.20082778488689973,0.31891717582421375,0.2890820573139238,0.23595505610112358,0.8598184268655636,0.5385782605341818,0.0,3,0.3802888824044076,178
SNE_12264364.jpg,1,,1,0,0,0,0,0,0,0.79999999984,0.7614419948815438,0.23546437374412538,0.2162051240069393,0.42060475507114203,0.3548632796940479,0.15887850461993766,0.7521471585506498,0.5240454287551142,0.0,5,0.7002894356004775,107
SNE_12264366.jpg,1,,1,0,0,0,0,0,0,0.39999999992,0.42751550116845194,0.4162249626726877,0.19452648620918897,0.40137948122155365,0.49957772218852586,0.16386554616386556,0.7638198584097889,0.5374808007744272,0.0,3,1.007582436959794,119
SNE_12264367.jpg,1,,1,0,0,0,0,0,0,0.39999999992,0.5020147557469605,0.18017723361509558,0.22372613477337785,0.3395837544128356,0.19819405539404522,0.22222222214814816,0.7768041972901693,0.5342261417765245,0.0,3,0.6063012973258397,72
SNE_12264368.jpg,1,,1,0,0,0,0,0,0,0.59999999988,0.7081046292707708,0.01318076934457589,0.20451737149860752,0.41631296871731427,0.14848019204582658,0.1777343749407552,0.7948272181510779,0.4656391204858006,0.03443389609191321,4,0.32240730789895977,128
SNE_12264369.jpg,1,,1,0,0,0,0,0,0,0.39999999992,0.5030463344689808,0.02444349868109205,0.20248290394044746,0.47433102897704726,0.1327958146236701,0.2433035713474702,0.711736461941979,0.4472826414023369,0.006312257439162156,3,0.34155394778229997,112
SNE_12264370.jpg,1,,1,0,0,0,0,0,0,0.59999999988,0.9301929286842219,0.0,0.20046601930416608,0.4563788738868432,0.06400922495381316,0.26740506320200425,0.7642414887707758,0.4133457698407793,0.049285119175292796,4,0.1592560383762965,158
SNE_12264371.jpg,1,,1,0,0,0,0,0,0,0.9999999998,0.6691419137685644,0.20475085739648458,0.19967494564092345,0.35371505032036177,0.28164835020110685,0.14523809518968253,0.7650678913663556,0.5284390058890107,0.0,6,0.6480764577787747,105
SNE_12264375.jpg,1,,1,0,0,0,0,0,0,0.19999999996,0.30239393556390115,0.16033559697421013,0.20868619787860604,0.3316869298703442,0.25689523564903977,0.20388349507766987,0.8086027681814918,0.520488274448429,0.0,2,0.5725705150164928,103
SNE_12264377.jpg,1,,1,0,0,0,0,0,0,0.59999999988,0.7181360363492587,0.0,0.18528573010027888,0.2979646711073075,0.10408347605323025,0.2637795274711286,0.7719066763731987,0.45680523936321615,0.0,4,0.2708899934352307,127
SNE_12264378.jpg,1,,1,0,0,0,0,0,0,0.79999999984,0.8251489615869632,0.0384622498543579,0.19074997927219245,0.26200167547111874,0.15755050160616824,0.17322834639895013,0.7536872612374346,0.4508966149427122,0.0,5,0.3653858247908707,127
SNE_12264379.jpg,1,,1,0,0,0,0,0,0,0.79999999984,0.7720251063267692,0.13999359022149735,0.19867375526555864,0.29325756403995484,0.1871953285602483,0.18206521733061595,0.7544263555711758,0.5225524714664802,0.0,5,0.5379891035165391,92
SNE_12264383.jpg,1,,1,0,0,0,0,0,0,0.59999999988,0.8658458372282608,0.07711478239538348,0.19923184232273233,0.2194495655331825,0.17570052699271324,0.20270270263513512,0.7730258300036069,0.49477386557209535,0.0,4,0.4310951301492667,111
SNE_12264384.jpg,1,,1,0,0,0,0,0,0,0.79999999984,0.8257444697157266,0.11520988899223768,0.19372414658329232,0.3162783767056528,0.23521099730087283,0.18560606054419193,0.7587268135092539,0.5267354716535418,0.0,5,0.49585681140201393,132
SNE_12264385.jpg,1,,1,0,0,0,0,0,0,0.9999999998,0.8396002701537093,0.05141180229860566,0.18838576950701366,0.25402693874357785,0.2318179522757081,0.21005917152761341,0.6861720584896931,0.4919932222077305,0.0,6,0.3874000639590414,169
SNE_12264386.jpg,1,,1,0,0,0,0,0,0,0.59999999988,0.8187791845760017,0.020432857562979037,0.17104884010848168,0.39432703499991356,0.15159567922663902,0.25150602401255023,0.8033130665533152,0.442580242087265,0.0,4,0.3347358578774972,166
SNE_12264388.jpg,1,,1,0,0,0,0,0,0,0.39999999992,0.5524778128589405,0.0,0.19188251029022207,0.3977486904347043,0.08365981666833931,0.29449152532556494,0.8158949939442126,0.41757896793914545,0.0,3,0.25228230337077545,118
SNE_12264389.jpg,1,,1,0,0,0,0,0,0,0.59999999988,0.6103204464019845,0.022826489072760647,0.19804132299811433,0.2908918230990439,0.12115193643076781,0.18809523803253966,0.7584561593120409,0.4847593064904468,0.0,4,0.3388050314465196,105
SNE_12264391.jpg,1,,1,0,0,0,0,0,0,0.39999999992,0.686194749813566,0.034616380202868814,0.20093129880526264,0.30774588311573636,0.18248748953953253,0.2070895521697761,0.8621520793083164,0.5175230578346692,0.0,3,0.35884784637949335,134
SNE_12264392.jpg,1,,1,0,0,0,0,0,0,0.59999999988,0.8468562315142787,0.07908597880664178,0.18642115918177068,0.28487409335722325,0.17233942692342963,0.21767241372054594,0.7911633525961987,0.4548872337816761,0.0,4,0.434446164050377,116
SNE_12264393.jpg,1,,1,0,0,0,0,0,0,0.79999999984,0.9582062221613787,0.0,0.20525975619817047,0.21548484710716065,0.11750477610723692,0.24999999991666666,0.797337065766123,0.4636150595082029,0.0,5,0.20743106402865683,166
SNE_12264394.jpg,1,,1,0,0,0,0,0,0,0.39999999992,0.423335907100529,0.0,0.20449714778177372,0.4225632693634108,0.11925705643819982,0.23951048943065267,0.8433289853202081,0.4185627545422829,0.0,3,0.24199515826975554,143
SNE_12264395.jpg,1,,1,0,0,0,0,0,0,0.39999999992,0.6609663448561389,0.0,0.2075649946886913,0.2508103748961894,0.08628787221263996,0.26199999991266665,0.8494786793331858,0.4373397141724642,0.0,3,0.22108197136702473,125
SNE_12264396.jpg,1,,1,0,0,0,0,0,0,0.79999999984,0.7760270821116948,0.16212281074854845,0.18788276831313663,0.3106717281681558,0.25591109747765484,0.16452991447507123,0.8375214959975334,0.5166963432202847,0.0,5,0.5756087784346552,117
SNE_12264397.jpg,1,,1,0,0,0,0,0,0,0.59999999988,0.8270592012415541,0.0,0.19000019539764673,0.26344078995393516,0.07239944726394297,0.24074074066049386,0.8014104875753508,0.40089435575427346,0.0,4,0.20190751038219884,135
SNE_12264398.jpg,1,,1,0,0,0,0,0,0,0.59999999988,0.8713312359689465,0.1327134799720847,0.20297277990335377,0.22953302897783845,0.2804464819207564,0.21653543299868763,0.7763771321958024,0.5450176360919701,0.0,4,0.5256129160852575,127
SNE_12264400.jpg,1,,1,0,0,0,0,0,0,0.59999999988,0.5973248976732826,0.0,0.19523674854141157,0.3512311955432308,0.1522181773171712,0.2289156625742972,0.837341190346657,0.4801048463258615,0.0,4,0.26935521688158176,166
SNE_12264401.jpg,1,,1,0,0,0,0,0,0,0.79999999984,0.7524696042320478,0.0,0.20959552710407403,0.19196275546678973,0.10162592824070911,0.2039473683530702,0.7938171569737954,0.4285686139300551,0.0,5,0.27570958453309974,114
SNE_12264404.jpg,1,,1,0,0,0,0,0,0,0.59999999988,0.8183660851508321,0.1826774196816578,0.21418324483511159,0.4151076460368917,0.26057992310001393,0.12980769226442307,0.7576895748395056,0.5231704482204373,0.0,4,0.6105516136414957,104
SNE_12264406.jpg,1,,1,0,0,0,0,0,0,0.19999999996,0.4632265856845022,0.1906778177133169,0.1992936823966241,0.34799192905043164,0.18532202006762938,0.21052631571929822,0.8723077494022893,0.5206298800898144,0.0,2,0.6241522903033165,76
SNE_12264407.jpg,1,,1,0,0,0,0,0,0,0.39999999992,0.825930802489375,0.120220061868461,0.1911221944480567,0.15810453161905624,0.26548516986717235,0.1874999999375,0.6851242161133196,0.5280043754450583,0.0,3,0.5043741052966038,152
SNE_12264408.jpg,1,,1,0,0,0,0,0,0,0.79999999984,0.7817906552641942,0.1506974559573806,0.20211743541000204,0.3417901113086996,0.279010380351156,0.22083333325972224,0.8046977138689135,0.5366772219735815,0.0,5,0.5561856752782445,120
SNE_12264410.jpg,1,,1,0,0,0,0,0,0,0.39999999992,0.8639964779632482,0.13845331424497215,0.1859477929525359,0.23505298771906935,0.29436920879954137,0.2094594593896396,0.8125218262929493,0.5442970098443958,0.0,3,0.535370634354906,148
SNE_12264411.jpg,1,,1,0,0,0,0,0,0,0.39999999992,0.5279818268568746,0.11356178138199935,0.18434188851481254,0.1678995657955332,0.17507240585047573,0.19078947362061405,0.8101157849289209,0.5169301037897064,0.0,3,0.4930550284629607,114
SNE_12264413.jpg,1,,1,0,0,0,0,0,0,0.79999999984,0.8935912532710624,0.0,0.1684273068580191,0.3435751423734457,0.14060375304929026,0.25694444435879626,0.7869260186502121,0.43221332376098826,0.0,5,0.24459477835190901,216
SNE_12264415.jpg,1,,1,0,0,0,0,0,0,0.79999999984,0.9598686493210943,0.11963452410861278,0.20574897184147567,0.30427325385847875,0.3249438508361268,0.20483870960913977,0.7917826434621639,0.5465161823665007,0.0,5,0.5033786911042762,155
SNE_12264416.jpg,1,,1,0,0,0,0,0,0,0.19999999996,0.39649400413996183,0.006315887085303,0.19347633244248919,0.24867941772096114,0.08960792272987739,0.3151041665616319,0.8741550027438202,0.4760347635764804,0.0,2,0.310737008051331,96
SNE_12264417.jpg,1,,1,0,0,0,0,0,0,0.59999999988,0.8037009568215745,0.0,0.19836173555231432,0.3032991396611489,0.164483454370756,0.23166666658944446,0.8825695460774364,0.5095306622019289,0.0,4,0.28903800671028607,150
SNE_12264418.jpg,1,,1,0,0,0,0,0,0,0.59999999988,0.753746846078795,0.16399567691445804,0.19699134195530868,0.12278608424903642,0.27061748856233986,0.1944444443796296,0.7981726590985833,0.5252327571393146,0.0,4,0.5787926509185743,117
SNE_12264419.jpg,1,,1,0,0,0,0,0,0,0.79999999984,0.8408354913758904,0.08121301573066071,0.1945959527183282,0.13848127892555526,0.2297992354204583,0.24471830977758213,0.6978791420242143,0.5224263199540216,0.0,5,0.43806212682333623,142
SNE_12264420.jpg,1,,1,0,0,0,0,0,0,0.39999999992,0.7115676035491949,0.10128761407898242,0.19378159826562383,0.32656439307320007,0.2288568417148478,0.2119999999293333,0.8150646296240791,0.5082755736232012,0.0,3,0.4721889440355577,125
SNE_12264422.jpg,1,,1,0,0,0,0,0,0,0.79999999984,0.8445670933665053,0.305290098009954,0.19425581597026279,0.2683662270140325,0.33636210167709923,0.17924528295911948,0.8219284941495764,0.5301979470857694,0.0,5,0.8189931669222118,106
SNE_12264423.jpg,1,,1,0,0,0,0,0,0,0.59999999988,0.8247472948079224,0.0,0.19406647201888738,0.33245680440625164,0.11158893196571665,0.23499999992166667,0.7793226982359545,0.43092598172068775,0.0,4,0.23363980530015252,150
SNE_12264424.jpg,1,,1,0,0,0,0,0,0,0.59999999988,0.8092362916551077,0.006066631622696797,0.19979044537505755,0.4725234132823104,0.15701083906419683,0.20608108101238737,0.8381579540742493,0.4683750835808664,0.0,4,0.3103132737646512,148
SNE_12264425.jpg,1,,1,0,0,0,0,0,0,0.59999999988,0.8384560391824517,0.1867527787161943,0.20880291396678263,0.3185726312972113,0.2627374027161409,0.18181818175757575,0.7849753777266651,0.5245669798830075,0.0,4,0.6174797240042831,99
SNE_12264427.jpg,1,,1,0,0,0,0,0,0,0.59999999988,0.6189832692174955,0.07155449684243674,0.20395990284356158,0.4604547723956013,0.14604630999075874,0.17171717165993264,0.7753741746898172,0.4704156283449499,0.0,4,0.42164264470369694,99
SNE_12264428.jpg,1,,1,0,0,0,0,0,0,0.59999999988,0.867251076152241,0.13057730824587255,0.18774444495220405,0.3559482863469406,0.23834353682871687,0.24199999991933333,0.8606761603357064,0.5345666457162173,0.0,4,0.5219814241485606,125
SNE_12264430.jpg,1,,1,0,0,0,0,0,0,0.59999999988,0.6932598726075737,0.0,0.1881199592525674,0.2582924216808674,0.11860396331289799,0.2518939393099747,0.8120125639654349,0.43278937834462694,0.0,4,0.29483387557920265,132
SNE_12264431.jpg,1,,1,0,0,0,0,0,0,0.59999999988,0.8486580599789049,0.21352382951392346,0.21320368365072484,0.3902050854181884,0.3388318191657854,0.19181034476364944,0.7718877650341277,0.5400843116223812,0.0,4,0.6629905103871937,116
SNE_12264432.jpg,1,,1,0,0,0,0,0,0,0.19999999996,0.3835756410160527,0.0,0.18070219947248686,0.44611922329666687,0.08747783982944832,0.29761904751984125,0.7915786854328338,0.4121124123507037,0.0,2,0.24498370155739785,147
SNE_12264436.jpg,1,,1,0,0,0,0,0,0,0.19999999996,0.5747678114977108,0.18982875214615816,0.21277533765834653,0.5216729818767626,0.235520364784924,0.17934782602717392,0.8122026028029352,0.5234222126579244,0.0,2,0.6227088788382976,92
SNE_12264437.jpg,1,,1,0,0,0,0,0,0,0.59999999988,0.8715380801789688,0.08204368083268493,0.19718880540011924,0.15803102625818088,0.27032016171283907,0.2144970413486193,0.7757064032223672,0.5270135842079079,0.0,4,0.43947425749760805,169
SNE_12264438.jpg,1,,0,0,0,0,1,0,0,0.79999999984,0.9231942108530404,0.17871821207053282,0.20188334155642348,0.2771882827006762,0.309354171407179,0.2519841269001323,0.8034059874354926,0.5516891911595446,0.0,5,0.603820960698624,126
SNE_12264440.jpg,1,,1,0,0,0,0,0,0,0.79999999984,0.8709177918654983,0.12473096231257728,0.2196933558482815,0.36697679607982164,0.2359601473347914,0.21028037376168224,0.7742316307877416,0.5427019355192949,0.0,5,0.5120426360561123,107
SNE_12264441.jpg,1,,1,0,0,0,0,0,0,0.59999999988,0.41378472314316705,0.17462017909474756,0.21760757619098325,0.4973857307116703,0.2616889906445843,0.2524752474405941,0.6140483941578312,0.5411988490287566,0.0,4,0.596854304635691,101
SNE_12264442.jpg,1,,1,0,0,0,0,0,0,0.19999999996,0.3857752422190955,0.11676613731098573,0.20685091307965905,0.3218960984047655,0.3119076237532146,0.2111486485782658,0.8156778863074889,0.5531300937266685,0.0,2,0.4985024335454419,148
SNE_12264443.jpg,1,,1,0,0,0,0,0,0,0.59999999988,0.7924437972599181,0.14445378778367884,0.16442610042528105,0.3109390159130293,0.253898303705419,0.2581168830308441,0.8312071164989548,0.5301064968413521,0.0,4,0.5455714393767078,154
SNE_12264444.jpg,1,,1,0,0,0,0,0,0,0.39999999992,0.8091791971637102,0.0,0.196560102937535,0.27664435871016707,0.1569764540168934,0.24999999991666666,0.8664675762973475,0.4727076943916781,0.0,3,0.26208989190213056,168
SNE_12264445.jpg,1,,1,0,0,0,0,0,0,0.39999999992,0.6013937631269725,0.0,0.174951192655034,0.30170341280764457,0.13550161230918092,0.2675233643968068,0.8266575176037421,0.4171487978015528,0.0,3,0.2219883744237248,214
SNE_12264446.jpg,1,,1,0,0,0,0,0,0,0.79999999984,0.7970741054060219,0.035599730158972526,0.19513524042976813,0.44337224697249283,0.1352063753903815,0.16803278682923495,0.7368445109780176,0.4644993796556926,0.0,5,0.360519541305853,122
SNE_12264453.jpg,1,,1,0,0,0,0,0,0,0.59999999988,0.7634698269275322,0.03258311418391181,0.18432252366907176,0.2502796021495467,0.12027516872515137,0.2522321427730655,0.7002409875291646,0.47508205976271567,0.0,4,0.3553912941452332,112
SNE_12264455.jpg,1,,1,0,0,0,0,0,0,0.59999999988,0.6476216508064516,0.13572710757790027,0.18744737159688052,0.2271486307360176,0.22045461906122207,0.23305084737994347,0.7645654483383717,0.5261099295137849,0.0,4,0.5307360830181576,118
SNE_12264456.jpg,1,,1,0,0,0,0,0,0,0.39999999992,0.6096750400349129,0.0,0.188422472409288,0.32511378563203885,0.05720059748171455,0.32083333322638885,0.8240809430161405,0.40747498071161214,0.0,3,0.20036867000555786,120
SNE_12264461.jpg,1,,1,0,0,0,0,0,0,0.59999999988,0.4484325377366742,0.2256271865648331,0.19329369682299988,0.3033152011573232,0.25650654392097255,0.2710526314885965,0.8184742122111073,0.5355317551418689,0.0,4,0.6835662173858434,95
SNE_12264462.jpg,1,,1,0,0,0,0,0,0,0.59999999988,0.6250817667705733,0.17824986897284853,0.1858074631982018,0.30355695847827413,0.1929410568906255,0.16379310339367817,0.8257140318716543,0.5084627909857538,0.0,4,0.6030247774320924,87
SNE_12264463.jpg,1,,1,0,0,0,0,0,0,0.59999999988,0.8752060147191749,0.03314818259254505,0.186878738119558,0.11931565897179365,0.17632667698057136,0.18181818175757575,0.8370098425393304,0.46524817912008926,0.0,4,0.35635191044047476,143
SNE_12264464.jpg,1,,1,0,0,0,0,0,0,0.59999999988,0.670911014723858,0.0,0.189973281055122,0.3473177071081923,0.09250411754510014,0.28148148138765433,0.8364295563583137,0.40256059400064,0.0,4,0.22914453795243772,135
SNE_12264465.jpg,1,,1,0,0,0,0,0,0,0.59999999988,0.7138937668226168,0.11186896824968924,0.1968843823231344,0.1961182110611317,0.2162016846592899,0.17094017088319086,0.7293635128703839,0.47776487246337124,0.0,4,0.49017724613634067,117
SNE_12264467.jpg,1,,1,0,0,0,0,0,0,0.79999999984,0.9097154062377331,0.15204382314686593,0.18009782808120509,0.3047263840204,0.21674827522365891,0.2433628317772861,0.7772543380602844,0.49337922511410487,0.0,5,0.5584744995017159,113
SNE_12264471.jpg,1,,1,0,0,0,0,0,0,0.59999999988,0.7330332138013775,0.17803132797156296,0.19553147015381817,0.4385748366147721,0.2655115910689859,0.14601769906637166,0.827654392825975,0.5127024618171631,0.0,4,0.6026532577296884,113
SNE_12264472.jpg,1,,1,0,0,0,0,0,0,0.9999999998,0.8871136549859161,0.11338148683409591,0.19389426858833222,0.2872740448552292,0.23650208404380543,0.18199999993933333,0.8376505276182562,0.5189615094935173,0.0,6,0.49274852773134453,125
SNE_12264473.jpg,1,,1,0,0,0,0,0,0,0.59999999988,0.8412689520180257,0.09166405588037624,0.20166686093680627,0.33499705366209426,0.23880205201779023,0.23282442740330792,0.8241438397714028,0.5347154619640803,0.0,4,0.45582889508830365,131
SNE_12264474.jpg,1,,1,0,0,0,0,0,0,0.79999999984,0.7879456793963759,0.0,0.16806928130963325,0.3425174905025523,0.09927684089697364,0.31481481470987654,0.7936593820838771,0.4054319010623474,0.0,5,0.24536773090078942,162
SNE_12264475.jpg,1,,1,0,0,0,0,0,0,0.39999999992,0.7125408403473947,0.0,0.18894943308383658,0.2525833330116048,0.12061259137552241,0.22333333325888885,0.8668742690453879,0.4141099268000648,0.0,3,0.25718674566599703,150
SNE_12264477.jpg,1,,1,0,0,0,0,0,0,0.39999999992,0.47722809223586987,0.0023607766569706413,0.19415245410422,0.2405243414535025,0.11659207729825187,0.22991071420907735,0.7323760176578125,0.4894641570620786,0.0,3,0.30401332031921086,112
SNE_12264478.jpg,1,,1,0,0,0,0,0,0,0.59999999988,0.7503807243559333,0.0,0.1891620270106501,0.2640789586843493,0.082165095481608,0.3016129031252688,0.7889045295813375,0.4062284866305923,0.0,4,0.1915069398545872,155
SNE_12264479.jpg,1,,1,0,0,0,0,0,0,0.79999999984,0.5829894134355522,0.16451719336508164,0.1620642092759975,0.4460978204301661,0.20934120080711613,0.23809523801587298,0.8471645006455356,0.5104734419922194,0.0,5,0.579679228885156,126
SNE_12264484.jpg,1,,1,0,0,0,0,0,0,0.39999999992,0.8345686629478073,0.0,0.19110330966179484,0.24442644730296417,0.09872457215756646,0.287037036941358,0.845004309585603,0.43827213168785656,0.0,3,0.2267808452624307,135
SNE_12264485.jpg,1,,1,0,0,0,0,0,0,0.39999999992,0.5627166484292419,0.17229043534211627,0.19929714745666008,0.24239229762015524,0.2463448663587812,0.17647058817647054,0.8314171850810632,0.5251601998534304,0.0,3,0.5928937402538881,102
SNE_12264486.jpg,1,,1,0,0,0,0,0,0,0.79999999984,0.7106998105609336,0.0,0.19404717789980683,0.4741817941138118,0.11391697609412253,0.2718120804463087,0.7698763103719459,0.42154142562906605,0.0,5,0.24567812088517837,149
SNE_12264487.jpg,1,,1,0,0,0,0,0,0,0.59999999988,0.4489731515803439,0.03154592670731015,0.18829963517440731,0.3769045369582391,0.15442408943105532,0.23412698404894178,0.87144459175737,0.4631242501518962,0.0,4,0.3536280754339732,126
SNE_12264489.jpg,1,,1,0,0,0,0,0,0,0.39999999992,0.6667442991992854,0.11653081108954588,0.19689894243520628,0.41979834340125166,0.21288920715885543,0.18348623847094803,0.7986643481191755,0.5062350470667564,0.0,3,0.4981023789687588,109
SNE_12264490.jpg,1,,1,0,0,0,0,0,0,0.79999999984,0.8371136270898236,0.21296615955379433,0.18826325470247068,0.4005708742043914,0.26188858119280106,0.22767857135267852,0.7889678472284447,0.5322065926207584,0.0,5,0.6620424714544165,112
SNE_12264491.jpg,1,,1,0,0,0,0,0,0,0.79999999984,0.8728433965463254,0.014824216798078903,0.18339522417755086,0.35337578415089566,0.18070508132741248,0.24710982650722543,0.7902083109397681,0.4889068082970043,0.0,5,0.32520116857155834,173
SNE_12264492.jpg,1,,1,0,0,0,0,0,0,0.19999999996,0.4811043894130972,0.1337351197101191,0.18424015408381555,0.0644424679265059,0.2504122286766945,0.25735294109068624,0.8374479562270033,0.5352313620143865,0.0,2,0.5273497036409376,136
SNE_12264494.jpg,1,,1,0,0,0,0,0,0,0.9999999998,0.8421708334324252,0.12499802386055482,0.1949139364831041,0.2928302328697766,0.19018185073020857,0.16262135916909382,0.8196612117253602,0.5131705235481705,0.0,6,0.5124966406879412,103
SNE_12264496.jpg,1,,1,0,0,0,0,0,0,0.9999999998,0.9052859397257195,0.1265319748539239,0.2010933594250013,0.15217208695186077,0.2894447763105842,0.1654929576913145,0.7704459770450728,0.5244939210696788,0.0,6,0.5151043573782026,142
SNE_12264497.jpg,1,,1,0,0,0,0,0,0,0.19999999996,0.32068047341045325,0.18516282849092888,0.19460079032862676,0.4613157511945696,0.21471199802259888,0.15404040398905725,0.8377605594848665,0.5200072384869775,0.0,2,0.6147768086197419,99
SNE_12264500.jpg,1,,1,0,0,0,0,0,0,0.79999999984,0.8492922076663023,0.0,0.1745124543989432,0.05753788075898061,0.16267091584449833,0.25966183566223827,0.856643064574802,0.4567265999276188,0.0,5,0.2741788862100204,207
SNE_12264503.jpg,1,,1,0,0,0,0,0,0,0.59999999988,0.5616236874155628,0.2613125103313678,0.20427531614390704,0.43563134108110557,0.31580311935770705,0.22685185177623457,0.7122773195570454,0.5379217477864633,0.0,4,0.7442312678246378,108
SNE_12264505.jpg,1,,1,0,0,0,0,0,0,0.39999999992,0.846682159880439,0.12106065216892771,0.21494993416840574,0.3750644216632204,0.24461412595130666,0.19724770635626906,0.7648698177144944,0.5303839042350552,0.0,3,0.5058031088082378,109
SNE_12264506.jpg,1,,1,0,0,0,0,0,0,0.59999999988,0.8222115144919899,0.17719375767985054,0.1881831565457001,0.39053828062858587,0.24007990506497778,0.23245614027339181,0.8195491460799353,0.5311060340778729,0.0,4,0.6012293882329397,114
SNE_12264507.jpg,1,,1,0,0,0,0,0,0,0.79999999984,1.0,0.09278143361195124,0.19515939638649002,0.3079171658907539,0.2722042665536551,0.19339622635062895,0.834527081014947,0.5227800272819662,0.0,5,0.45772843723309853,159
SNE_12264508.jpg,1,,1,0,0,0,0,0,0,0.59999999988,0.5163679991448846,0.21740993257552169,0.1964520737357373,0.344856980571977,0.27453948189779487,0.24999999991666666,0.8338538708093609,0.5365223012365435,0.0,4,0.6695968855957968,99
SNE_12264510.jpg,1,,1,0,0,0,0,0,0,0.59999999988,0.8245192299579326,0.18201246350330805,0.17926447381217803,0.2843559352509792,0.27860559184677586,0.22916666659027776,0.8122195440918059,0.5391104686487754,0.0,4,0.6094211881376361,132
SNE_12264512.jpg,1,,1,0,0,0,0,0,0,0.19999999996,0.30315856652424134,0.0,0.1752096184193086,0.3431143253307729,0.09849651917045177,0.2983870966747312,0.8638671185248435,0.41504249070511157,0.0,2,0.24683216005927205,155
SNE_12264515.jpg,1,,1,0,0,0,0,0,0,0.59999999988,0.8881443911580948,0.22186305380645638,0.19852011200278827,0.14313487885076392,0.36186282992572166,0.1666666666111111,0.8028462169220878,0.5249896352110117,0.0,4,0.6771671916928389,135
SNE_12264516.jpg,1,,1,0,0,0,0,0,0,0.79999999984,0.964590656799347,0.15093931720369996,0.1918243988529203,0.2926183762743805,0.3124625234112981,0.173841059544702,0.7867461419782429,0.5398357377688818,0.0,5,0.5565968393972293,151
SNE_12264517.jpg,1,,1,0,0,0,0,0,0,0.19999999996,0.5511934402864584,0.2254614454426219,0.19751637050375676,0.2732248888156792,0.33323043673783437,0.16086956516376816,0.8478742740651527,0.4696632196954655,0.0,2,0.6832844574779187,115
SNE_12264521.jpg,1,,1,0,0,0,0,0,0,0.59999999988,0.6366497314254521,0.0,0.19200212269172198,0.44137096482851695,0.12786905760659117,0.2883333332372222,0.8258446070184814,0.427471230471308,0.0,4,0.27143445059215,150
SNE_12264524.jpg,1,,1,0,0,0,0,0,0,0.79999999984,0.864218292162916,0.04665596179465146,0.21026633174389045,0.37477212564514994,0.17950742659946398,0.27952755896194226,0.7537170012600511,0.5297538502041068,0.0,5,0.3793151350975634,127
SNE_12264525.jpg,1,,1,0,0,0,0,0,0,0.79999999984,0.7366217011576304,0.0,0.2003436083653939,0.47812580155221746,0.11343501836085466,0.21701388881655095,0.8560442146541213,0.4382140245229726,0.0,5,0.2396686971383391,144
SNE_12264527.jpg,1,,1,0,0,0,0,0,0,0.59999999988,0.5486171123530301,0.2404318107424738,0.2027749261520757,0.41448775078749944,0.2757172368947826,0.1874999999375,0.833915165024653,0.5268553849552892,0.0,4,0.7087340785026373,96
SNE_12264532.jpg,1,,1,0,0,0,0,0,0,0.59999999988,0.7750918781925882,0.13958458590284545,0.19469749372607273,0.30089006148288316,0.3175632127123154,0.18165467619844122,0.8478478557596654,0.5422157090813641,0.0,4,0.5372937961744219,139
SNE_12264533.jpg,1,,1,0,0,0,0,0,0,0.19999999996,0.29369986979756996,0.0,0.17471808300381245,0.378267435324132,0.11513039751694817,0.2687793426334115,0.8218554503192408,0.4362872409570912,0.0,2,0.1969950915838562,213
SNE_12264537.jpg,1,,1,0,0,0,0,0,0,0.39999999992,0.6945340619478704,0.0,0.18180548445431333,0.365127020185789,0.0584233340816861,0.28668478251313406,0.8445054851859021,0.3862864693303609,0.0,3,0.14467558083529863,184
SNE_12264539.jpg,1,,1,0,0,0,0,0,0,0.19999999996,0.38894486874974754,0.0,0.17779707894856023,0.42259134069625065,0.05567035736005045,0.2901459853047445,0.8032629691097195,0.394151433651853,0.0,2,0.19787317131784682,137
SNE_12264540.jpg,1,,1,0,0,0,0,0,0,0.39999999992,0.2713756556833978,0.0,0.15954294784496018,0.5563756628172353,0.054957836576577365,0.3418918917779279,0.7743590097611112,0.3860052181690762,0.0,3,0.17451933701657074,185
SNE_12264544.jpg,1,,1,0,0,0,0,0,0,1.0,0.9090423899502516,0.0,0.18128628506881572,0.3968108361480449,0.11757161991458492,0.2104651162089147,0.7671333523374858,0.43455416421882237,0.0,7,0.20272546778171585,215
SNE_12264545.jpg,1,,1,0,0,0,0,0,0,0.19999999996,0.39381317379855574,0.0,0.18337302605329708,0.4982853971234442,0.07693566644791745,0.2703349281395534,0.7298461739498207,0.4525665057087111,0.0,2,0.1682489575726126,209
SNE_12264546.jpg,1,,1,0,0,0,0,0,0,0.79999999984,0.9376297893533485,0.08905094845917504,0.18429428977634935,0.3251150253457571,0.219963630944536,0.2721518986434599,0.7678158342818407,0.5276439460980392,0.0,5,0.4513866124696485,158
SNE_12264548.jpg,1,,1,0,0,0,0,0,0,0.79999999984,0.6652877504702027,0.0,0.1769390696012344,0.4167682085977049,0.12228939424665916,0.2742346937861394,0.8467319755252309,0.4848358277909291,0.0,5,0.24685454607114163,196
SNE_12264549.jpg,1,,1,0,0,0,0,0,0,0.59999999988,0.8458431495897845,0.0,0.182961840210586,0.40888840181863106,0.13689659460234466,0.2096354165967882,0.828414429490983,0.4313285556475107,0.0,4,0.24183202670766937,192
SNE_12264550.jpg,1,,1,0,0,0,0,0,0,0.39999999992,0.5797599091002088,0.18796870706730723,0.19929039597328152,0.485927511755117,0.33190664075841253,0.18478260863405796,0.7516917883523277,0.5338163796095712,0.0,3,0.619546802202391,138
SNE_12264553.jpg,1,,1,0,0,0,0,0,0,0.79999999984,0.679388785727197,0.2100624495137817,0.19341105682944415,0.4176146749279678,0.3078586877687476,0.2519531249160156,0.7397537625091959,0.5395616265906709,0.0,5,0.6571061643834913,128
SNE_12264555.jpg,1,,1,0,0,0,0,0,0,0.39999999992,0.7998401535989168,0.1701040634193519,0.20202238839305617,0.26615051914853083,0.3033911847229094,0.24618320602480914,0.7786429222384041,0.5482181885490051,0.0,3,0.5891769079830023,131
SNE_12264556.jpg,1,,1,0,0,0,0,0,0,0.39999999992,0.675712836226724,0.14832466043825204,0.2043353519517177,0.43733457400459086,0.26881331581701806,0.1874999999375,0.8247330810256367,0.547626865288675,0.0,3,0.5521519228933531,128
SNE_12264559.jpg,1,,1,0,0,0,0,0,0,0.59999999988,0.5069938926685461,0.021622131986137452,0.1980839182160373,0.40019777393464817,0.15575455491139403,0.22635135127590086,0.7758587734204544,0.5105158078656356,0.0,4,0.3367576243980558,148
SNE_12264560.jpg,1,,1,0,0,0,0,0,0,0.79999999984,0.778764856550974,0.22782162927643299,0.20175727653871195,0.5187473220579485,0.2839458281076089,0.19279661010522595,0.7101890077185871,0.5379997039786549,0.0,5,0.6872967699977577,118
SNE_12264562.jpg,1,,1,0,0,0,0,0,0,0.59999999988,0.8812334367727656,0.1651023861714247,0.21233390179119022,0.3267765419559414,0.3304221251303649,0.20192307685576924,0.7314193988691042,0.5480760838675313,0.0,4,0.5806740566565244,130
SNE_12264563.jpg,1,,1,0,0,0,0,0,0,0.59999999988,0.8060551551101619,0.2065612543132056,0.20660367446325567,0.21631414113761505,0.34906140998132923,0.19512195115447156,0.8396128680340861,0.5454142352223722,0.0,4,0.6511541325390108,123
SNE_12264566.jpg,1,,1,0,0,0,0,0,0,0.79999999984,0.8709554309025838,0.19769930981342468,0.20908293443537412,0.26366413346735473,0.3451189885567685,0.22115384608012822,0.7826673944238758,0.5456607634524803,0.0,5,0.6360888268805213,130
SNE_12264567.jpg,1,,1,0,0,0,0,0,0,0.59999999988,0.8007889161853967,0.2203364454157074,0.1996389423164876,0.3598854336966262,0.3279183613297468,0.2079999999306667,0.7182400494156078,0.5473542012638741,0.0,4,0.674571957427039,125
SNE_12264570.jpg,1,,1,0,0,0,0,0,0,0.59999999988,0.8467843623108449,0.17626911852270372,0.19229025906740954,0.41268418184914757,0.30538934144977264,0.2027972027296037,0.7736918205097824,0.5260439379618964,0.0,4,0.5996575016648654,143
SNE_12264572.jpg,1,,1,0,0,0,0,0,0,0.79999999984,0.9188707441230162,0.006970244002019479,0.19613136332091755,0.271715925399593,0.19717042455958458,0.2159090908371212,0.8018854761496276,0.5155013631819885,0.0,5,0.31184941481040335,176
SNE_12264573.jpg,1,,1,0,0,0,0,0,0,0.39999999992,0.6285238044873291,0.0,0.19113756788450584,0.3455513443154101,0.1417189763272878,0.26552795022204967,0.6449064542919183,0.5094470236308744,0.0,3,0.2721559633027398,161
SNE_12264575.jpg,1,,1,0,0,0,0,0,0,0.59999999988,0.6610380242379319,0.13523684848460227,0.1938339178987222,0.3037236750082545,0.2352926822988099,0.20762711857485872,0.7360734365381275,0.5282821853706108,0.0,4,0.5299026425590607,118
SNE_12264576.jpg,1,,1,0,0,0,0,0,0,0.79999999984,0.7794836231787341,0.21148490795141575,0.19608619818140774,0.38005536291873354,0.3075351604913983,0.2684426228613388,0.7987442256637308,0.5538726642752202,0.0,5,0.6595243437288917,122
SNE_12264581.jpg,1,,1,0,0,0,0,0,0,0.39999999992,0.4381604687718192,0.24290346045390557,0.19164707706289077,0.46856547459079656,0.2641051447090643,0.2172897195537383,0.8143277646938413,0.5339505618531085,0.0,3,0.7129358830145429,107
SNE_12264582.jpg,1,,1,0,0,0,0,0,0,0.59999999988,0.645335742543581,0.03255912790851692,0.17344753314938116,0.4112713904091517,0.21587066668898833,0.23564593293580546,0.7927931650816153,0.533314213821046,0.0,4,0.3553505174770379,209
SNE_12264584.jpg,1,,1,0,0,0,0,0,0,0.39999999992,0.6685110659771126,0.11505081218658524,0.1831132356459507,0.1806661324608196,0.22456166375764597,0.267605633713615,0.8220497142004695,0.531104240740211,0.0,3,0.4955863808322457,142
SNE_12264585.jpg,1,,1,0,0,0,0,0,0,0.79999999984,0.5625771893287885,0.10261654105414032,0.17804879047162359,0.39574957724874205,0.1943065656904108,0.285971222926259,0.774304211260355,0.54050214804516,0.0,5,0.4744481198946551,139
SNE_12264587.jpg,1,,1,0,0,0,0,0,0,0.39999999992,0.9200182314681868,0.13431322341824992,0.1930024176152558,0.3423947997519587,0.23931693028741577,0.24999999991666666,0.7955965036163435,0.5477307690142935,0.0,3,0.528332479945338,130
SNE_12264592.jpg,1,,1,0,0,0,0,0,0,0.9999999998,0.8000941992228503,0.27987845760665153,0.20705913956065441,0.4892975690066821,0.3703588548934228,0.19658119651566947,0.8085718673435509,0.5477896665551938,0.0,6,0.7757933782111861,117
SNE_12264595.jpg,1,,0,0,0,0,1,0,0,0.59999999988,0.6973794163598099,0.2363188211747766,0.1966637754656218,0.35155328617801335,0.33454752695523865,0.191999999936,0.829738811745784,0.5498027588900551,0.0,4,0.701741996233439,125
SNE_12264598.jpg,1,,1,0,0,0,0,0,0,0.79999999984,0.7403634758757144,0.27234080657638743,0.20887940677428998,0.4158778909810415,0.3189883194166821,0.20588235287254902,0.7468817970430048,0.5393171488444548,0.0,5,0.7629793714521994,102
SNE_12264599.jpg,1,,1,0,0,0,0,0,0,0.79999999984,0.7316298645043218,0.21615842746812727,0.20157859532269884,0.4999237593308853,0.3728387014423159,0.19680851057269505,0.7299779067872896,0.5486984633103476,0.0,5,0.6674693269119748,141
SNE_12264601.jpg,1,,1,0,0,0,0,0,0,0.59999999988,0.7459905548429233,0.19691280756038526,0.22035136209109463,0.46386287371411794,0.22088787629133308,0.12352941172352941,0.7798385369258138,0.5240279964352833,0.0,4,0.6347517730495678,85
SNE_12264604.jpg,1,,1,0,0,0,0,0,0,0.39999999992,0.7476098361217838,0.15246052593054515,0.20147171200055447,0.07216223263642366,0.2663933602245893,0.27952755896194226,0.7653958187030605,0.5576760691635085,0.0,3,0.5591828942343873,127
SNE_12264605.jpg,1,,1,0,0,0,0,0,0,0.59999999988,0.5994231699891326,0.24876305647813807,0.19550925011480996,0.4022771187976125,0.3224299064897555,0.22745901631762294,0.7257390684668195,0.5424858993219934,0.0,4,0.7228971962615978,122
SNE_12264607.jpg,1,,1,0,0,0,0,0,0,0.59999999988,0.6509685670988502,0.24491449691574546,0.19545124621371132,0.47509828151019284,0.33778281799344184,0.22817460309854498,0.8316308927714686,0.5462010380914039,0.0,4,0.7163546450016818,126
SNE_12264609.jpg,1,,1,0,0,0,0,0,0,0.39999999992,0.7151688330565997,0.15919881569660047,0.20279976446858686,0.26456934716825853,0.2963404647755341,0.167322834589895,0.8213810666770562,0.5339105704384801,0.0,3,0.5706379868434196,127
SNE_12264610.jpg,1,,1,0,0,0,0,0,0,0.59999999988,0.815179846758501,0.1869227028554934,0.1918897449995905,0.4733738712555299,0.3253795645682606,0.14897260269006848,0.8306150857202419,0.5188982094443779,0.0,4,0.6177685950412615,146
SNE_12264615.jpg,1,,1,0,0,0,0,0,0,0.19999999996,0.45657653090922434,0.0,0.1879327639233991,0.4335898453760957,0.16094847720618624,0.2406914892814716,0.8105581886895616,0.4956240645112836,0.0,2,0.2853565878086563,188
SNE_12264618.jpg,1,,1,0,0,0,0,0,0,0.79999999984,0.9124046647383917,0.0,0.171473026804625,0.3711608576486232,0.0927765434459211,0.34533898293573445,0.7318896375526251,0.4430232494248519,0.0,5,0.1748495703682851,236
SNE_12264620.jpg,1,,1,0,0,0,0,0,0,0.39999999992,0.5416277449562588,0.0,0.1935270788721533,0.223728288413706,0.04737338681258121,0.32931034471781606,0.714257266591918,0.4423189229671398,0.0,3,0.15030401509591806,145
SNE_12264621.jpg,1,,1,0,0,0,0,0,0,0.39999999992,0.6651756261654541,0.2429909429499582,0.20469909361873878,0.40222059775144325,0.33802583172892514,0.1526548672057522,0.8069440080157524,0.5258097605730839,0.0,3,0.7130846032579199,113
SNE_12264622.jpg,1,,1,0,0,0,0,0,0,0.39999999992,0.473991477072617,0.0,0.1810980505463893,0.36640496875462714,0.10233482717780124,0.22557471256848657,0.8149191565239421,0.4259265461769697,0.05968142152273087,3,0.2136185190198926,174
SNE_12264624.jpg,1,,1,0,0,0,0,0,0,0.59999999988,0.43753778795873516,0.2175576747063195,0.2053521691682503,0.34835660962443576,0.29767278923018325,0.2240566036988994,0.8318713589481681,0.5420581602813792,0.0,4,0.6698480472183008,106
SNE_12264627.jpg,1,,1,0,0,0,0,0,0,0.59999999988,0.9434749245792979,0.08707793652321681,0.18398260914658082,0.2911119083093254,0.2049369044598499,0.17517006796882084,0.7472341277045313,0.4627107212371329,0.0,4,0.4480324921765465,147
SNE_12264628.jpg,1,,1,0,0,0,0,0,0,0.59999999988,0.7198574273382794,0.228328173240249,0.20771439857969115,0.3266723103842343,0.35595567860723143,0.20338983044067793,0.7984520936234656,0.5483382534104293,0.0,4,0.6881578947367515,118
SNE_12264632.jpg,1,,1,0,0,0,0,0,0,0.59999999988,0.7534621878238842,0.03672392514044389,0.19010229535452078,0.2962343637053312,0.174228675117855,0.2622377621503496,0.8328797673866453,0.5193040624506108,0.0,4,0.3624306727754785,143
SNE_12264636.jpg,1,,1,0,0,0,0,0,0,0.59999999988,0.6211815195152739,0.008467023167916863,0.16738640648772043,0.3716894779511949,0.12954407962348297,0.22641509426415096,0.760694262701304,0.4233872443572029,0.0,4,0.3143939393939257,159
SNE_12264638.jpg,1,,1,0,0,0,0,0,0,0.39999999992,0.8715821670105393,0.0,0.18303367121991684,0.32599027911025874,0.10228641585664934,0.2464953270206386,0.7586840779319425,0.4320018363546901,0.018060445768581405,3,0.17861465669013596,214
SNE_12264640.jpg,1,,1,0,0,0,0,0,0,0.59999999988,0.9355258862443014,0.0,0.19156136388868153,0.33557347387666253,0.10619966285089655,0.24528301878616354,0.839871340079883,0.4502273723651121,0.0,4,0.17352313167259295,212
SNE_12264641.jpg,1,,1,0,0,0,0,0,0,0.59999999988,0.8650532028810288,0.17521804570087907,0.18763877075336977,0.3005930275043619,0.2609576294337194,0.16393442617486342,0.872565562313552,0.5143315373797339,0.0,4,0.5978706778667124,122
SNE_12264643.jpg,1,,1,0,0,0,0,0,0,0.59999999988,0.8549319017127528,0.0,0.1665023184937315,0.38591564132263223,0.1136918418280657,0.2867647057867647,0.7617882132832862,0.43732221847926506,0.0,4,0.23794032902685386,204
SNE_12264644.jpg,1,,1,0,0,0,0,0,0,0.39999999992,0.7192484895238243,0.0,0.16993933138058218,0.2784509872763706,0.18274199984276698,0.21521739123260866,0.7869236349705009,0.4691124715817936,0.0,3,0.28240326657591747,230
SNE_12264645.jpg,1,,1,0,0,0,0,0,0,0.59999999988,0.8185286927323717,0.0,0.18889419709599076,0.4522365354574591,0.07604626786870818,0.24999999991666666,0.8020111375112882,0.41882910929312517,0.12023075546978008,4,0.1808617828354617,165
SNE_12264650.jpg,1,,1,0,0,0,0,0,0,0.39999999992,0.8362314466206796,0.04053228003444932,0.21143227952038532,0.4842424793257161,0.22959877709381357,0.19254658378674952,0.685086218111155,0.5123954518228088,0.0,3,0.3689048760990961,161
SNE_12264655.jpg,1,,1,0,0,0,0,0,0,0.59999999988,0.8529507124768969,0.14434812852086176,0.20692855460705079,0.3967892894436265,0.2482685273690621,0.1874999999375,0.756689624541251,0.534233979585371,0.0,4,0.5453918186298131,116
SNE_12264656.jpg,1,,1,0,0,0,0,0,0,0.19999999996,0.5236662601633417,0.2246868002743714,0.191298702070202,0.3816016313459703,0.307247233908469,0.22674418597093027,0.8103569189127433,0.5501343199031099,0.0,2,0.6819675606911182,129
SNE_12264657.jpg,1,,1,0,0,0,0,0,0,0.79999999984,0.8705136129351021,0.0017397846418410509,0.2031205294677222,0.3717663892447709,0.1423001949176411,0.2553956833681055,0.8827330611898594,0.5052129289165488,0.0,5,0.30295763389286956,139
SNE_12264658.jpg,1,,1,0,0,0,0,0,0,0.79999999984,0.8527270617481801,0.23943171609215502,0.19413257098879516,0.4680666216015495,0.35771023273049285,0.15693430651703164,0.8180305840081316,0.5303868799559839,0.0,5,0.7070339175960952,137
SNE_12264659.jpg,1,,1,0,0,0,0,0,0,0.59999999988,0.7483853038478103,0.0,0.16993074297169358,0.3233713228999062,0.13502140906967142,0.2610837437553366,0.8320930816962894,0.4703940986671284,0.02747412262557239,4,0.2512294506112038,203
SNE_12264660.jpg,1,,0,0,0,0,1,0,0,0.9999999998,0.7353309226597261,0.07058823525257768,0.19196287562523312,0.2861344081959471,0.24121257203909388,0.1930379746191983,0.7846244966967935,0.5129095779320568,0.0,6,0.4199999999999703,158
SNE_12264661.jpg,1,,1,0,0,0,0,0,0,0.59999999988,0.6609093589127546,0.2421368094062802,0.19638049458889517,0.37721742981282014,0.3535476285796533,0.1930894308299458,0.7215598493251065,0.5357252351203632,0.0,4,0.7116325762328132,123
SNE_12264662.jpg,1,,1,0,0,0,0,0,0,0.59999999988,0.35535286243382813,0.0,0.16026095136324603,0.4542260111940486,0.09708705955643893,0.31707317062601625,0.7405511732036729,0.41895148009375954,0.0,4,0.18712273641850674,246
SNE_12264664.jpg,1,,1,0,0,0,0,0,0,0.59999999988,0.6783152015721523,1.0,0.1676298438013923,0.3257164632925396,0.8882063198638008,0.1323529411323529,0.8110662830071179,0.5339224302622054,0.0,4,2.4886084822984618,102
SNE_12264666.jpg,1,,1,0,0,0,0,0,0,0.59999999988,0.6489895329985313,0.2579518027371554,0.1925909219138221,0.47843764932824395,0.3599123343584126,0.19140624993619793,0.7569574362629022,0.5299650253136678,0.0,4,0.7385180649111159,128
SNE_12264667.jpg,1,,1,0,0,0,0,0,0,0.59999999988,0.661205729887723,0.0,0.1768287370729335,0.3941857335283042,0.138595510567056,0.25404858291126853,0.8318105550152678,0.4383065796444136,0.4134604202861663,4,0.19249213026977166,247
SNE_12264668.jpg,1,,1,0,0,0,0,0,0,0.19999999996,0.36279670112804113,0.47762888911253987,0.1712675021007688,0.5798055481526854,0.3537898800360057,0.19711538454967945,0.8315388413456388,0.5277145143530199,0.0,2,1.1119691119689468,104
SNE_12264669.jpg,1,,1,0,0,0,0,0,0,0.19999999996,0.3895177753721819,0.04371219779534076,0.19424736897298364,0.1524846033662804,0.17954145823174592,0.26286764697120096,0.7855797589951485,0.5198234886276025,0.0,2,0.3743107362957915,136
SNE_12264674.jpg,1,,1,0,0,0,0,0,0,0.19999999996,0.43117691245104256,0.02644279831766849,0.1808063189452721,0.40176510950600863,0.1861814360633464,0.19558823522892155,0.8370678783726531,0.5008049898434703,0.0,2,0.3449527571664792,170
SNE_12264675.jpg,1,,1,0,0,0,0,0,0,0.19999999996,0.8349176163997147,0.26249020324852923,0.20403866486174443,0.24397189215690598,0.3569654430580465,0.25999999991333334,0.6930520615829816,0.5772485213465133,0.0,2,0.7462333457849899,125
SNE_12264676.jpg,1,,1,0,0,0,0,0,0,0.0,0.3128779227798434,0.321623500454037,0.18913359667228835,0.4016023190261766,0.326321509460234,0.20283018861163518,0.8400580843000783,0.5412988747401881,0.0,1,0.8467599510934863,106
SNE_12264677.jpg,1,,1,0,0,0,0,0,0,0.59999999988,0.7843021758071029,0.21262293489996592,0.2163474113355116,0.569372219153413,0.3485540737982284,0.17148760324862258,0.8369253628697728,0.5483190041553268,0.0,4,0.661458989542565,121
SNE_12264680.jpg,1,,1,0,0,0,0,0,0,0.79999999984,0.8371453771943294,0.2380834962922657,0.20702325806216912,0.3272500748614423,0.22659018514009274,0.2592592591728395,0.7738442567811352,0.54567032428374,0.0,5,0.7047419439349352,81
SNE_12264681.jpg,1,,1,0,0,0,0,0,0,0.79999999984,0.8840521822134584,0.1885113449078162,0.18519070836295978,0.35393984235032905,0.26866001321556227,0.20507812493164063,0.8438857986017667,0.5244918556991355,0.0,5,0.6204692865317989,128
SNE_12264684.jpg,1,,1,0,0,0,0,0,0,0.79999999984,0.9447860675114329,0.06389066701983676,0.1848337249641435,0.31655445307193686,0.22684645267491452,0.23302469128034983,0.7311854831689983,0.5221838920393207,0.0,5,0.40861413399761315,162
SNE_12264687.jpg,1,,1,0,0,0,0,0,0,0.59999999988,0.7960488642655077,0.2120672096511725,0.20945797041837275,0.329331583237804,0.3191928394769104,0.19144144137762764,0.7792867135876638,0.5500524843825452,0.0,4,0.6605142566190605,111
SNE_12264689.jpg,1,,1,0,0,0,0,0,0,0.39999999992,0.8484848476136364,0.003097988218163343,0.20554498190185527,0.3678835669803432,0.2353934250232568,0.24009900982095708,0.7990311671914248,0.5477730485679599,0.0,3,0.30526657997397566,202
SNE_12264691.jpg,1,,1,0,0,0,0,0,0,0.39999999992,0.6035217990611552,0.0,0.17635353485940583,0.3267790881083179,0.17740518528553023,0.23868778272586724,0.6600438070528651,0.5196704521322588,0.0,3,0.275017799224734,221
SNE_12264693.jpg,1,,0,0,0,0,1,0,0,0.9999999998,0.9920966815029593,0.2987952221384461,0.20477490638533496,0.3065152010171539,0.35662218920657907,0.16981132069811325,0.8163771338226995,0.5388613177093928,0.0,6,0.8079518779341537,106
SNE_12264694.jpg,1,,1,0,0,0,0,0,0,0.79999999984,0.6086224927951838,0.3202531878649222,0.21040873969301782,0.3804297810379933,0.32520635757411853,0.23901098893131864,0.718848981150423,0.543993221681479,0.0,5,0.8444304196906209,91
SNE_12264695.jpg,1,,1,0,0,0,0,0,0,0.39999999992,0.7290405922150056,0.16667184779761707,0.20710784745704808,0.44765238097531646,0.30618216607643645,0.20155038752971574,0.7827535844862816,0.5471331472887703,0.0,3,0.5833421414226209,129
SNE_12264697.jpg,1,,1,0,0,0,0,0,0,0.39999999992,0.679977443016072,0.20875562942778564,0.2176156886586319,0.33043495400341966,0.29746761577099246,0.17156862739379083,0.7230560941984615,0.5403762026413992,0.0,3,0.6548845702359912,102
SNE_12264700.jpg,1,,1,0,0,0,0,0,0,0.59999999988,0.7175230743955596,0.19010034207887538,0.2127213241313338,0.3775514634230896,0.30985377594426183,0.20089285707589283,0.750053333445964,0.5413473459728957,0.0,4,0.6231705817241885,112
SNE_12264702.jpg,1,,1,0,0,0,0,0,0,0.59999999988,0.8673469378571428,0.23212560536000024,0.20024210522861519,0.17120886003131944,0.3312096135067677,0.20078740150787402,0.7809387970539121,0.543132318159004,0.0,4,0.694613529344126,127
SNE_12264703.jpg,1,,1,0,0,0,0,0,0,0.39999999992,0.397990371119426,0.23785751105152336,0.2044301085030583,0.37128159440492425,0.23489959808231722,0.16860465110658915,0.8340971096106292,0.5220898106361586,0.0,3,0.7043577690254472,86
SNE_12264704.jpg,1,,1,0,0,0,0,0,0,0.79999999984,0.8856076231709815,0.13342473496533727,0.19926781898869073,0.34688004142797263,0.30759195431729325,0.20608108101238737,0.7203857862006834,0.5446879161283059,0.0,5,0.5268220495744981,148
SNE_12280205.jpg,1,,0,0,0,0,1,0,0,0.9999999998,0.6944362865375817,0.07835552011166508,0.1788941468228302,0.39513744529242073,0.11194814888867906,0.19329896900773194,0.7008163627279929,0.3988043439789769,0.0,6,0.43320438426818614,97
SNE_12280249.jpg,1,,0,0,0,0,1,0,0,0.39999999992,0.5493920745824257,0.05782019388444924,0.16178228061524277,0.38057731654141275,0.13840136153052704,0.3076923075897436,0.7945091901926514,0.4626291126124494,0.0,3,0.3982943296613839,143
SNE_12280308.jpg,1,,0,0,0,0,1,0,0,0.59999999988,0.6792977822311119,0.4938533613399068,0.21924447807949912,0.44550601204649565,0.31162146337038604,0.14344262290300544,0.6014154190019997,0.5233822172237521,0.0,4,1.139550714771695,61
SNE_12282248.jpg,1,,0,1,0,0,0,0,0,0.19999999996,0.366149943885443,0.19222041307727564,0.13886798973963713,0.42278330566004557,0.13229222488079576,0.26020408154591834,0.8033567437724486,0.3768676719342198,0.0,2,0.626774702423589,98
SNE_12282259.jpg,1,,0,1,0,0,0,0,0,0.39999999992,0.765747824314438,0.0,0.13928204368188551,0.1881806041132072,0.04323022556814166,0.2733812948729017,0.8186295330063177,0.3471628337240999,0.005314743888461878,3,0.2177787095759679,139
SNE_12282267.jpg,1,,0,1,0,0,0,0,0,0.59999999988,0.5041770420758999,0.005183163914070673,0.12280259519655914,0.27261699010641094,0.1368470751858773,0.2694672130249317,0.8969170934484513,0.39236141153647885,0.11510859147748916,4,0.3088113786591033,244
SNE_12282284.jpg,1,,0,1,0,0,0,0,0,0.39999999992,0.26143319585211666,0.7869863190309094,0.15836603668425275,0.5306844539734175,0.42680588098044253,0.1944444443796296,0.858458203773392,0.5222276831287084,0.0,3,1.6378767431395325,81
SNE_12282287.jpg,1,,0,1,0,0,0,0,0,0.59999999988,0.5757820751611469,0.8736963388954938,0.1591108285266986,0.3848443142270571,0.5223241426952324,0.16379310339367817,0.8342787916388761,0.5350180453275577,0.0,4,1.785283776996036,87
SNE_12282297.jpg,1,,0,1,0,0,0,0,0,0.59999999988,0.6364555200229509,0.6079394899346915,0.14391046756501302,0.42371204781502536,0.36117936110207416,0.2317708332560764,0.8743602518602321,0.5133769322449082,0.0,4,1.333497133496915,96
SNE_12283592.jpg,1,,0,0,0,0,0,0,1,0.0,0.07102240500264405,0.0,0.18719923202964522,0.5804118715790316,0.043038747552141286,0.32303370775749063,0.7120350620256749,0.3877807450191644,0.0,1,0.23348719415055622,89
SNE_12283595.jpg,1,,0,0,0,0,0,0,1,0.0,0.045866595062931906,0.09948096879959482,0.16062755599234066,0.5164066245298751,0.04939487756013236,0.314655172308908,0.8443673172416297,0.4454131700947209,0.0,1,0.46911764705879216,58
SNE_12283596.jpg,1,,0,0,0,0,0,0,1,0.0,0.0569855504978138,0.0,0.17306463670171632,0.5055499052176535,0.02581226479713611,0.3986486485157658,0.689518610651778,0.3827851865233845,0.0,1,0.25703927492446094,74
SNE_12283620.jpg,1,,0,0,0,0,0,0,1,0.0,0.055017046093993445,0.029553417399072794,0.17671373291584486,0.5016637029090008,0.06769300865104476,0.3833333332055555,0.8108877750308887,0.4009711200043051,0.0,1,0.35024080960797715,75
SNE_12283627.jpg,1,,0,0,0,0,0,0,1,0.0,0.058333194095869054,0.0,0.17042219359484795,0.5333932413278728,0.0271728673587935,0.3390410957773972,0.7876121729368968,0.3756218538731488,0.8976625558831253,1,0.2624626121634986,73
SNE_12283634.jpg,1,,0,0,0,0,0,0,1,0.0,0.10750106028584266,0.0,0.1788681442301687,0.4665714987430427,0.05430552350699738,0.454724409297244,0.6727158004718623,0.3522795846976305,0.13896692398888694,1,0.2109877451764563,127
SNE_12283638.jpg,1,,0,0,0,0,0,0,1,0.0,0.05377945101661796,0.5910475740604213,0.16312045984244927,0.5522089927824485,0.16229817567109422,0.12195121947154475,0.8633321625248436,0.47983911365838816,0.0,1,1.3047808764937638,41
SNE_12283659.jpg,1,,0,0,0,0,0,0,1,0.0,0.0720408062632389,0.2575460160667465,0.1786644402057091,0.5685077594536221,0.10212484162074068,0.1511627906472868,0.8210386396620475,0.44604902550567627,0.0,1,0.7378282275710151,43
SNE_12283660.jpg,1,,0,0,0,0,0,0,1,0.39999999992,0.23436934529671555,0.0,0.19557293725034336,0.372945149377111,0.017797658700705803,0.4256756755337838,0.6588975123982848,0.352359184010411,0.08523206637411547,3,0.16650994575044606,74
SNE_12283668.jpg,1,,0,0,0,0,0,0,1,0.0,0.0499686826762545,0.07585660522373144,0.16841651775653246,0.523570411876145,0.057239057230152254,0.45161290307526886,0.7454652998080024,0.41993527545747433,0.4065095344227142,1,0.42895622895620006,62
SNE_12283691.jpg,1,,0,0,0,0,0,0,1,0.0,0.05837102700890489,0.0,0.18169852793415409,0.5303323405734233,0.007421568085659001,0.4583333331805555,0.6784383884606322,0.35081536511918554,0.2722554980444535,1,0.16699946118981437,72
SNE_12283704.jpg,1,,0,0,0,0,0,0,1,0.0,0.07999346930265369,0.07363048681256028,0.18657290327893444,0.43894234241951235,0.015438233446791683,0.3071428570404762,0.748847135101139,0.3935733485065778,0.09690833265707988,1,0.42517182765498296,35
SNE_12283705.jpg,1,,0,0,0,0,0,0,1,0.0,0.07636618993320589,0.3134408841906886,0.17946958926435405,0.5658523137364945,0.11623979732548792,0.09523809520634924,0.7938366994943816,0.4454876638846136,0.0,1,0.8328495034376114,42
SNE_12283706.jpg,1,,0,0,0,0,0,0,1,0.0,0.05317118561918219,0.0,0.17388061771976063,0.5658571357139959,0.015060451031012471,0.3219696968623737,0.7290596573748976,0.3386870518776315,0.2617559140924687,1,0.2227375477433852,66
SNE_12283711.jpg,1,,0,0,0,0,0,0,1,0.0,0.05829563745527445,0.0,0.17021652505436768,0.5609035969482996,0.01090146327417158,0.3095238094206349,0.6609282446282501,0.34315661786049034,0.7355304238647371,1,0.21923740180110293,63
SNE_12283720.jpg,1,,0,0,0,0,0,0,1,0.39999999992,0.3891702913647843,0.04385958202357334,0.17536515476447714,0.19194720303806573,0.08761895639232374,0.38109756084857715,0.15500116785719975,0.5421247383143265,0.0,3,0.37456128948393425,164
SNE_12283722.jpg,1,,0,0,0,0,0,0,1,0.0,0.06970772384098274,0.10693806244419732,0.14777558681031772,0.5140142007591075,0.054398423422734925,0.349206349089947,0.7022674462405769,0.44842966381391314,0.0,1,0.4817947062620735,63
SNE_12283726.jpg,1,,0,0,0,0,0,0,1,0.0,0.10146839644431245,0.011235955049561033,0.16179953708282596,0.479286090031645,0.018332347719214492,0.3796296295030864,0.6697222306752705,0.3584762887700207,0.8109030270572458,1,0.3191011235954897,54
SNE_12283727.jpg,1,,0,0,0,0,0,0,1,0.0,0.07541112012531526,0.04082759733046404,0.13481500632096605,0.5804799468707466,0.0389644824167724,0.4078947367061404,0.8904928370933899,0.3573967708782947,1.0,1,0.36940691550261645,76
SNE_12283729.jpg,1,,0,0,0,0,0,0,1,0.0,0.7376616461565416,0.0,0.12538919437105406,0.2955227035120205,0.0508641896646424,0.46153846138461535,0.7018938536774957,0.3419644157484039,0.6556143713320762,1,0.19240659506882107,208
SNE_12283730.jpg,1,,0,0,0,0,0,0,1,0.0,0.05105755889174731,0.14873792429793334,0.18219528861427386,0.5497307028321302,0.03420965789296828,0.016666666661111124,0.873377650563554,0.4444060694411824,0.0,1,0.5528544714552246,30
SNE_12283737.jpg,1,,0,0,0,0,0,0,1,0.0,0.17402114396792934,0.012775681189029066,0.12988197289258338,0.3250014359784304,0.03204155178584497,0.4298780486371951,0.8456851372532689,0.3884450723304197,1.0,1,0.3217186580341251,82
SNE_12283740.jpg,1,,0,0,0,0,0,0,1,0.0,0.08778520448707754,0.0,0.17207051824973635,0.44814577762283253,0.005538252720856647,0.3072916665642361,0.721304722209679,0.336266803530082,1.0,1,0.2767211604881291,48
SNE_12283742.jpg,1,,0,0,0,0,0,0,1,0.19999999996,0.12926450437084133,0.0,0.17660211889904043,0.5783722023985753,0.0047134252992786195,0.5194174755550162,0.538554636309849,0.339606003824229,1.0,2,0.13248143525080644,103
SNE_12283750.jpg,1,,0,0,0,0,0,0,1,0.0,0.06490982053493517,0.0,0.15444062755922874,0.5235570983863924,0.05447830101050525,0.36206896539655176,0.7922251418840713,0.3723727873068349,1.0,1,0.23933333333332493,116
SNE_12283757.jpg,1,,0,0,0,0,0,0,1,0.0,0.04953584351943812,0.0,0.1622429782973094,0.5421783750659959,0.016931702766937392,0.3821428570154762,0.7143342684924359,0.3586482362671306,0.7706632325526499,1,0.2238208526868236,70
SNE_12283762.jpg,1,,0,0,0,0,0,0,1,0.0,0.07801682446046808,0.0,0.17929761485531676,0.43230949602759405,0.010822303744264275,0.4076923075564103,0.6589306984871989,0.34885288392642866,0.11930852680628955,1,0.2145639351559812,65
SNE_12283767.jpg,1,,0,0,0,0,0,0,1,0.0,0.2596192766716526,0.32259378521441373,0.1442721741575106,0.40061827775592573,0.04418045762455388,0.3235294116568628,0.8137892517987264,0.5170389555121532,0.0,1,0.8484094351870971,34
SNE_12283768.jpg,1,,0,0,0,0,0,0,1,0.0,0.04757772682804973,0.0,0.16211338858560806,0.5487483853012263,0.0431560955902658,0.39782608682391307,0.8132868687752939,0.35133976499170433,1.0,1,0.1900044312211119,115
SNE_12283770.jpg,1,,0,0,0,0,0,0,1,0.0,0.09332113421644672,0.2231284456699522,0.1598493549336694,0.5018994946571961,0.05511260722121241,0.11486486482657655,0.8367315258509708,0.4530873560606209,0.0,1,0.6793183578620472,37
SNE_12283792.jpg,1,,0,0,0,0,0,0,1,0.0,0.06215828536120485,1.0,0.18463401987270753,0.3189177372522962,0.37246963545422807,0.14285714280952383,0.7927059263640317,0.5355776811835146,0.0,1,2.05576923076844,42
SNE_12283794.jpg,1,,0,0,0,0,0,0,1,0.0,0.07180647657065763,0.13614127184447655,0.18300533917781453,0.5351725994133865,0.12618768013227466,0.21268656709328357,0.825960917596138,0.5228057124777988,0.0,1,0.5314401622717514,67
SNE_12283796.jpg,1,,0,0,0,0,0,0,1,0.0,0.0758818873726527,0.38043457281871335,0.17646852921633366,0.509441849184644,0.09831116628570565,0.0785714285452381,0.7880553798843143,0.4298459520850063,0.0,1,0.9467387741722473,35
SNE_12283797.jpg,1,,0,0,0,0,0,0,1,0.19999999996,0.14798149505583488,0.0,0.18914357981273455,0.4986803946169709,0.0035087719280688188,0.430555555412037,0.5986377055787655,0.33396533994306354,0.8253827050442537,2,0.16017777777777303,72
SNE_12283799.jpg,1,,0,0,0,0,0,0,1,0.0,0.06656110633278119,0.06008577756019232,0.1866166608171119,0.5337580705188072,0.07720589749450836,0.26190476181746036,0.7070124205448209,0.39615281827025334,0.0,1,0.4021458219124127,63
SNE_12285451.jpg,1,,0,0,1,0,0,0,0,0.39999999992,0.6113285077138979,0.0,0.1730246903717636,0.5191064587413405,0.02768655224259957,0.29166666656944445,0.620028895822922,0.38707421419418264,0.0,3,0.23219614758545062,90
SNE_12285455.jpg,1,,0,0,0,0,1,0,0,0.59999999988,0.6863493369217275,0.18089179866080804,0.17235923316564314,0.4833966913297614,0.12901321463792587,0.25694444435879626,0.7098860849801472,0.41962116944241923,0.0,4,0.6075160579042654,72
SNE_12285462.jpg,1,,0,0,1,0,0,0,0,0.79999999984,0.5635791419369046,0.19972504735838992,0.17702547084512527,0.49039438966381754,0.1376093233453765,0.36301369850913245,0.7065909092881575,0.4579345309250165,0.0,5,0.6395325807089879,73
SNE_12285465.jpg,1,,0,0,0,0,1,0,0,0.79999999984,0.7924999992687499,0.42422473334103333,0.17178077364991556,0.45683219573176986,0.2709072339609595,0.21987951799899597,0.7177256787778749,0.5154032636095188,0.0,5,1.0211820471039814,83
SNE_12285498.jpg,1,,0,0,0,0,1,0,0,0.59999999988,0.8239585585305245,0.27403894646371446,0.1596143466970271,0.27586478337158427,0.28872889767179477,0.21280991728443527,0.7439675876327109,0.5037821311743663,0.0,4,0.7658662092623535,121
SNE_12285502.jpg,1,,0,0,1,0,0,0,0,0.59999999988,0.6685425125526239,0.0,0.18922233852232098,0.42881520315071125,0.0495837050199599,0.3888888887592592,0.6566422887050505,0.40638263557439386,0.0,4,0.22151600753294798,99
SNE_12285554.jpg,1,,0,0,0,0,1,0,0,0.79999999984,0.7980347842453266,0.3799465693210478,0.1909304640236279,0.49044545775958415,0.3905157517876499,0.2020202019528619,0.64332841480692,0.5227513999258632,0.0,5,0.9459091682257278,99
SNE_12286384.jpg,1,,0,0,0,0,0,0,1,0.0,0.18989221500661008,0.054976188344039396,0.218331614786156,0.45744201568770454,0.20875088768405192,0.2665094338734277,0.7710821890826332,0.5390105803745631,0.0,1,0.39345952023984315,106
SNE_12286958.jpg,1,,0,0,1,0,0,0,0,0.39999999992,0.6295230320329108,0.055425162551117624,0.21831367828254683,0.32124033743785246,0.1424217234518455,0.2546728971113707,0.699119441365882,0.5362012990340848,0.0,3,0.3942227763923251,107
SNE_12286964.jpg,1,,0,0,0,0,0,0,1,0.0,0.183280121762736,0.1970528402006478,0.19746380828299845,0.18106128662143753,0.16915217421961706,0.29885057461302683,0.6853436271294745,0.541761481978405,0.0,1,0.6349898285381541,87
SNE_12286966.jpg,1,,0,0,1,0,0,0,0,0.59999999988,0.8799146767857142,0.15202167538643013,0.21133641706359446,0.2668616184521371,0.25039727795554134,0.22047244087139106,0.7060643862018865,0.5386011212370558,0.0,4,0.5584368483089529,127
SNE_12287002.jpg,1,,0,0,0,0,0,0,1,0.19999999996,0.3750496138778695,0.18488503569972867,0.20185453063849765,0.5284062160109849,0.1259150514608066,0.2152777777060185,0.7996990875443295,0.5388957162384331,0.0,2,0.6143045608744238,72
SNE_12287010.jpg,1,,0,0,1,0,0,0,0,0.19999999996,0.43970243887141414,0.20529024832859266,0.20723383861883196,0.24311603905851664,0.1702946822640393,0.2794117646127451,0.6404294948428171,0.5479274236768281,0.0,2,0.6489934223638978,85
SNE_12287027.jpg,1,,0,0,1,0,0,0,1,0.19999999996,0.27851969216705996,0.13070156646402134,0.18972328126373972,0.2657451510398087,0.1389703606367339,0.33894230757932686,0.5532111274393172,0.5510293965692458,0.0,2,0.5221926631195378,104
SNE_12287039.jpg,1,,0,0,1,0,0,0,0,0.39999999992,0.38298361090488026,0.23238543499837688,0.2007784044553726,0.384691328480933,0.15060094726362394,0.3611111109907408,0.6610749856731895,0.534134074893698,0.0,3,0.6950552397296261,72
SNE_12287056.jpg,1,,0,0,0,1,0,0,0,0.19999999996,0.6327359442554585,0.20595783211349775,0.21531816084450184,0.3718562021976525,0.2681554184449775,0.23464912272880117,0.5485173177729544,0.5502725522205006,0.0,2,0.650128314798904,114
SNE_12287098.jpg,1,,0,0,1,0,0,0,0,0.39999999992,0.8537646743860599,0.21597455979414332,0.21031929866248153,0.25132882632386383,0.20332384905914327,0.16860465110658915,0.7291653372088519,0.5212948080666818,0.0,3,0.6671567518660182,86
SNE_12287104.jpg,1,,0,0,0,0,0,0,1,0.19999999996,0.1483779841070354,0.15127834564417733,0.20782796638533862,0.46135409530115745,0.0857185426248606,0.3269230768141026,0.3867304954329882,0.44228214040821473,0.0,2,0.5571731877463798,52
SNE_12288112.jpg,1,,0,0,0,0,0,1,0,0.39999999992,0.3810351662062965,0.0,0.16387073208059427,0.3337983901458615,0.03270225086969703,0.27840909081628784,0.7389271125916308,0.39172898510322063,0.0,3,0.2530768663866072,88
SNE_12288117.jpg,1,,0,0,0,0,0,1,0,0.39999999992,0.22669088633428197,0.1025070370719074,0.20922289053649626,0.38346205120312304,0.0651626401468288,0.14285714280952383,0.8099590621605515,0.5129586991520176,0.0,3,0.4742619631247496,42
SNE_12288223.jpg,1,,0,0,0,0,0,1,0,0.19999999996,0.36254857277100466,0.28482823738191165,0.17569442373354113,0.5520988268679863,0.13024833828989466,0.12931034478448278,0.7966375493465361,0.5126362192304532,0.0,2,0.7842080038340781,58
SNE_12288421.jpg,1,,0,0,1,0,0,0,0,0.79999999984,0.6578008102038504,0.12887989196195446,0.1578336474897377,0.3281886966542852,0.1711059023882417,0.27976190466865075,0.8379859013630153,0.5273834160533744,0.0,5,0.5190958164642024,126
SNE_12288427.jpg,1,,0,0,0,0,1,0,0,0.9999999998,0.784213709035116,0.22417330360203963,0.16162704285825502,0.441052021220411,0.20859652257797023,0.22747747740165164,0.8002019985421693,0.5115670271222269,0.0,6,0.6810946163476407,111
SNE_12288436.jpg,1,,0,0,0,0,0,1,0,0.39999999992,0.7039601868254544,0.3052285039698165,0.17622466895170308,0.40953751656989035,0.15192177876550103,0.17499999994166662,0.791132064324819,0.5114226026893636,0.0,3,0.8188884570539164,60
SNE_12288437.jpg,1,,0,0,0,0,1,0,0,0.39999999992,0.37715703052329463,0.17410746439066038,0.16560249149786488,0.43922679526256336,0.17728509235149312,0.28271028027959505,0.8102686664854375,0.528861374304068,0.0,3,0.5959826896382301,107
SNE_12288446.jpg,1,,0,0,0,0,1,1,0,1.0,0.932857141775,0.2973204299919536,0.17621262939538956,0.3736848472518699,0.2716066156491691,0.18333333327222223,0.8250016578057481,0.5293371544458941,0.0,7,0.8054447312836417,105
SNE_12288458.jpg,1,,0,0,0,0,0,1,0,0.39999999992,0.5405623851632526,0.13678384258570597,0.1973989038984521,0.39121488647886415,0.1173949068500293,0.19014084500704223,0.8179567206661501,0.5198233998599997,0.0,3,0.532532532532484,71
SNE_12288463.jpg,1,,0,0,0,0,0,1,0,0.59999999988,0.672332448624097,0.2967823180893217,0.1616259089502208,0.4083827686248346,0.21953503053038464,0.2324999999225,0.8556805032552277,0.5207653327121851,0.0,4,0.8045299410486292,100
SNE_12288476.jpg,1,,0,0,0,0,0,1,0,0.39999999992,0.7993764892570603,0.11749097296965244,0.16002613084046147,0.19093398089915317,0.10254142342113709,0.2274999999241667,0.894421934907769,0.5220376670780845,0.0,3,0.4997346541659001,100
SNE_12288483.jpg,1,,0,0,0,0,1,0,0,0.39999999992,0.8911643772704794,0.1743711625038618,0.15358672516043248,0.3825764080138369,0.22381711852945468,0.2131410255699786,0.790535456167848,0.5251893843993748,0.0,3,0.5964309764309362,156
SNE_12288489.jpg,1,,0,0,0,0,0,1,0,0.59999999988,0.8805267865412143,0.27425599446991167,0.17562887747184658,0.3286028072144232,0.19274381650804454,0.17352941170686273,0.8474791873188404,0.5285934405007273,0.0,4,0.7662351908731059,85
SNE_12288517.jpg,1,,0,0,1,0,0,0,0,0.39999999992,0.28103315966035264,0.08723016509042264,0.17697198692451016,0.34902545218595526,0.14236245354664148,0.34698275850502874,0.7826461390179832,0.5382821125814543,0.0,3,0.44829128074094865,116
SNE_12288548.jpg,1,,0,0,0,0,0,1,0,0.59999999988,0.981262959199726,0.2426015936144791,0.17170233052925873,0.3473530903769236,0.19292328626062208,0.08433734936947793,0.7457987508247801,0.5143847741303071,0.0,4,0.7124227093872161,83
SNE_12288550.jpg,1,,0,0,0,0,1,0,0,0.79999999984,1.0,0.1565556870597018,0.16186873498035645,0.31137552780231836,0.25154048429111875,0.2338709676639785,0.8027791919553797,0.5235382118054274,0.0,5,0.5661446681580488,155
SNE_12288551.jpg,1,,0,0,1,0,0,1,0,0.39999999992,0.6035830534870659,0.15515779874041594,0.18968220395568808,0.34483247083074187,0.13310872512907412,0.17013888883217596,0.8157189625234889,0.5180895440004754,0.0,3,0.5637682580138649,72
SNE_12288555.jpg,1,,0,0,1,0,0,0,0,0.59999999988,0.8087583098778621,0.13987509221403263,0.1647049269192165,0.40464732111150825,0.16586379650194089,0.26968503928018367,0.8296339802690175,0.5289608294137231,0.0,4,0.5377876569037305,127
SNE_12292467.jpg,1,,0,0,0,0,0,1,0,0.59999999988,0.531664883210526,0.0,0.19602403302479562,0.41751848145983483,0.0056332501873951404,0.15822784804852325,0.6957558851584169,0.3618068787818047,0.0,4,0.15784310977830898,79
SNE_12292486.jpg,1,,0,0,0,0,0,1,0,0.0,0.22713915949919425,0.0,0.18656124054746995,0.3838655610297804,0.042015915918227585,0.34999999988333325,0.6420212075404007,0.430979046408839,0.0,1,0.19421665947345007,100
SNE_12292528.jpg,1,,0,0,0,0,0,1,0,0.19999999996,0.2000196289280379,0.0,0.2054670695686977,0.3469395442166562,0.02379042852684719,0.3623595504410112,0.6924720995742593,0.39009709414854066,0.0316572580371293,2,0.16546480895356264,89
SNE_12292531.jpg,1,,0,0,0,0,0,1,0,0.59999999988,0.5894750722624105,0.0,0.1441771598122769,0.20210001039037692,0.04881769641072519,0.33082706755889724,0.6227186858792033,0.40899629297764517,0.0,4,0.26681159420289086,133
SNE_12292551.jpg,1,,0,0,0,0,0,1,0,0.39999999992,0.6205718704948396,0.0,0.1734810317630239,0.3179170180856783,0.02765849762637706,0.22991071420907735,0.7965222372238983,0.35047688862404686,0.07680405247780811,3,0.16388351630389922,112
SNE_12292568.jpg,1,,0,0,0,0,0,1,0,0.59999999988,0.6536322436654955,0.07220547195391407,0.1817139316602194,0.31698993117496316,0.1077598534301305,0.10240963852008034,0.7031293530194329,0.42020504280285786,0.0,4,0.4227493023938594,83
SNE_12292588.jpg,1,,0,0,0,0,0,1,0,0.39999999992,0.8108081292055336,0.0,0.17786983058477998,0.35222141144700136,0.03914271096903646,0.22340425524468085,0.6430689293025895,0.3702982502892236,0.0,3,0.24207909772203598,94
SNE_12292593.jpg,1,,0,0,0,0,0,1,0,0.59999999988,0.6000513086698827,0.1954833050281038,0.2056900259028875,0.4104315222767803,0.1645647665157164,0.12096774189516125,0.8504937381644991,0.5202346927183741,0.0,4,0.6323216187432598,62
SNE_12292602.jpg,1,,0,0,0,0,0,1,0,0.19999999996,0.5894142393365583,0.059289997146861284,0.20765604797106965,0.35295028767153264,0.10605441406324408,0.0753424657283105,0.7858946784274063,0.38570308410226645,0.0,2,0.4007929952089542,73
SNE_12292620.jpg,1,,0,0,0,0,0,1,0,0.39999999992,0.6159219134722225,0.0,0.18619268763113844,0.4832572053413832,0.04427647048661798,0.22590361438253012,0.7164264580010966,0.393147477442469,0.016152742438101143,3,0.25569013709568944,83
SNE_12292633.jpg,1,,0,0,0,0,0,1,0,0.39999999992,0.6134528268362951,0.0,0.18085714456873894,0.37909873249819914,0.021082117055029683,0.36324786312678065,0.6167347955742404,0.35959401084057546,0.0,3,0.1477890301419678,117
SNE_12292646.jpg,1,,0,0,0,0,0,1,0,0.19999999996,0.48015593754096214,0.0,0.16930625996325452,0.41041769643524906,0.01642740605587938,0.3567708332144097,0.7600194077827174,0.3746744888863947,0.03356477640082585,2,0.18558307364277007,96
SNE_12292650.jpg,1,,0,0,0,0,0,1,0,0.39999999992,0.6983407315839232,0.0,0.2080868783165699,0.296802595751443,0.024109264512488994,0.19999999993333337,0.6732328431534899,0.39119884587711945,0.0,3,0.16155482365856452,85
SNE_12292651.jpg,1,,0,0,0,0,0,1,0,0.0,0.19571434876730923,0.0317614648978509,0.17272372271886913,0.6114006464894038,0.03938167095470735,0.20075757569065655,0.7752395874867167,0.3596517509841163,0.0,1,0.353994490358108,66
SNE_12292675.jpg,1,,0,0,0,0,0,1,0,0.0,0.1756889296965666,0.0,0.2113480171702378,0.5117267586015138,0.03863066078971267,0.3156565655513468,0.7069946305141133,0.4090907209848374,0.0,1,0.17129645847198754,99
SNE_12292682.jpg,1,,0,0,0,0,0,1,0,0.39999999992,0.5220840774196285,0.9460157705500217,0.1926258575709606,0.5000175918079227,0.5425141021557147,0.01086956521376809,0.703207268985916,0.45960768523404893,0.0,3,1.9082268108810527,69
SNE_12292683.jpg,1,,0,0,0,0,0,1,0,0.39999999992,0.6995273925280963,0.08775966191769512,0.1834759234452959,0.4004835351528179,0.11957403850253648,0.11781609191475095,0.800281723910547,0.43455696260241733,0.0,3,0.44919142534784134,87
SNE_12294728.jpg,1,,0,0,0,0,0,1,0,0.59999999988,0.7375306652407012,0.0,0.18212315069269513,0.3334592096507061,0.023102049414072217,0.05072463766425121,0.857646636938941,0.35040347656774173,0.1652318963621303,4,0.22852018685351067,69
SNE_12294742.jpg,1,,0,0,0,0,0,1,0,0.59999999988,0.8308465174007769,0.0,0.17660722445578153,0.3744487191921925,0.01611395259009189,0.03928571427261905,0.8585555223518395,0.3413078283336551,0.05822759538225804,4,0.22910135841169468,70
SNE_12294792.jpg,1,,0,0,0,0,0,1,0,0.39999999992,0.6514401862839452,0.2261266284906679,0.1818065499960379,0.35181951774867426,0.12331887338061429,0.00909090908787881,0.8540162483568388,0.42073960441392383,0.0,3,0.684415268660262,55
SNE_12294820.jpg,1,,0,0,0,0,0,1,0,0.39999999992,0.4198887552791525,0.0,0.16430516945249965,0.40624837586548157,0.03749504895980013,0.10526315785964915,0.8568670671551284,0.39277966804593895,0.0,3,0.29714749222656495,76
SNE_12294884.jpg,1,,0,0,0,0,0,1,0,0.9999999998,0.7373514166574595,0.0,0.13395421523739437,0.18007246636558355,0.026110096929518694,0.09693877547789116,0.8935912703025259,0.33520150767880913,0.0,6,0.2489313629701927,98
SNE_12294907.jpg,1,,0,0,0,0,0,1,0,0.9999999998,0.9350014722451747,0.0,0.16292723643641258,0.35727876258415425,0.03331080248812416,0.08783783780855858,0.9084253706054247,0.37757644373153526,0.0,6,0.292952027891774,74
SNE_12294923.jpg,1,,0,0,0,0,0,1,0,0.59999999988,0.5155315105494875,0.14424237168675408,0.17754092496430962,0.528133885574483,0.04903921102402675,0.07142857140476187,0.9140105721857757,0.4530701519705352,0.0,4,0.5452120320117243,42
SNE_12295964.jpg,1,,0,0,0,0,0,0,1,0.19999999996,0.14897189071929173,0.07309832471781051,0.16276029256201344,0.33504949787058935,0.0993395861637564,0.27717391295108695,0.8444787243764651,0.43753970920609325,0.0,2,0.4242671520933762,92
SNE_12295993.jpg,1,,0,0,0,0,0,0,1,0.0,0.11754696393199643,0.0,0.19645127906182935,0.38515647823100885,0.11235362433707725,0.26181102353477687,0.7639722207955824,0.4208807454735335,0.0,1,0.2548748580737397,127
SNE_12296001.jpg,1,,0,0,0,0,0,0,1,0.19999999996,0.16183970259636787,0.0,0.19546305577148185,0.2736226084279557,0.04057430690058833,0.2819148935230496,0.7228300333630651,0.38854622495578617,0.0,2,0.19577995478522245,94
SNE_12296030.jpg,1,,0,0,0,0,0,0,1,0.19999999996,0.15794589809553988,0.0,0.15464732036030968,0.3973260213946628,0.09902312178558534,0.3551829267108739,0.7940505035698172,0.4102565994407173,0.0,2,0.2557101693723995,164
SNE_12296031.jpg,1,,0,0,0,0,0,0,1,0.0,0.09586700628064553,0.0,0.2054061178703879,0.49391110012573813,0.07038390353760117,0.27258064507043006,0.688588078299009,0.382719064109306,0.0,1,0.14813921225646456,155
SNE_12296033.jpg,1,,0,0,0,0,0,0,1,0.19999999996,0.13416478111235602,0.0,0.18701240234544847,0.5433400445856953,0.08684491925391324,0.27631578938157897,0.8722279526530576,0.40485425650729556,0.0,2,0.25459110139940233,114
SNE_12296069.jpg,1,,0,0,0,0,0,0,1,0.0,0.12407899276273145,0.0,0.19197970679344664,0.31777982409792327,0.12765873241630032,0.310975609652439,0.6483030313620106,0.4386713476533745,0.0,1,0.22336870248140098,164
SNE_12296074.jpg,1,,0,0,0,0,0,0,1,0.0,0.07867728537082824,0.0,0.19556057975917226,0.4609544849478737,0.05573509797475807,0.3402366862771203,0.7948593402155113,0.3736518667267545,0.00708252102317343,1,0.1323830409356693,169
SNE_12296100.jpg,1,,0,0,0,0,0,0,1,0.19999999996,0.20836304642094308,0.04646327601243737,0.1964538209242025,0.31275319954618735,0.10304817005885891,0.20886075942405063,0.7611736922715959,0.43431356501062623,0.0,2,0.3789875692676068,79
SNE_12296102.jpg,1,,0,0,0,0,0,0,1,0.19999999996,0.2326022347035963,0.0,0.1917799601350065,0.5220687790912062,0.07149632135667354,0.3342391303233695,0.6856306750545098,0.3786933814217582,0.0,2,0.13881411981849986,184
SNE_12296106.jpg,1,,0,0,0,0,0,0,1,0.19999999996,0.19556223179404936,0.0,0.1829681564334202,0.34733666487093934,0.0745884513511899,0.3333333332222222,0.8195032286241889,0.38274151234888476,0.0,2,0.1761752765812335,156
SNE_12296107.jpg,1,,0,0,0,0,0,0,1,0.0,0.09920916867927615,0.0,0.1840374651180005,0.2956889254556028,0.03100156889262622,0.3912037035733025,0.8124239674038456,0.3446502708035573,0.0,1,0.16743665950621878,108
SNE_12296127.jpg,1,,0,0,0,0,0,0,1,0.0,0.08895032356627385,0.0,0.16806251926654142,0.40902930453802055,0.072225773140219,0.3471502589516408,0.463514356104222,0.41644187191503607,0.0,1,0.16399528000392932,193
SNE_12296132.jpg,1,,0,0,0,0,0,0,1,0.19999999996,0.23629662857515676,0.01685800926312183,0.1931826218527727,0.36623753235756906,0.15923427577672175,0.2520161289482527,0.6699944597600405,0.5111214335443803,0.0,2,0.3286586157641651,124
SNE_12296145.jpg,1,,0,0,0,0,0,0,1,0.19999999996,0.1695362169235478,0.0,0.16402448526167185,0.21763380956399603,0.05612573388927431,0.3259999998913333,0.7670733411983622,0.38492703381450044,0.0,2,0.21077167228723762,125
SNE_12296149.jpg,1,,0,0,0,0,0,0,1,0.0,0.14201064178096204,0.0,0.20277931228649707,0.3206595903977139,0.06088388950783464,0.36337209290213174,0.7515106674375991,0.4181234181320326,0.0,1,0.23448863921351082,86
SNE_12296151.jpg,1,,0,0,0,0,0,0,1,0.19999999996,0.24325519652715935,0.0,0.19042182178807518,0.359047128252775,0.10757728593129362,0.2175925925200617,0.8611476553185,0.39664027384720124,0.0,2,0.2891206313415846,108
SNE_12296153.jpg,1,,0,0,0,0,0,0,1,0.19999999996,0.12993923036176605,0.0,0.18137794128802703,0.4516734163040904,0.07632660531531141,0.2838709676473118,0.768094596933635,0.38259431284820056,0.0,2,0.1840657603540884,155
SNE_12296162.jpg,1,,0,0,0,0,0,0,1,0.39999999992,0.42646734059903535,0.0001465077079951658,0.16802094188922487,0.10829533835153865,0.11765750821030725,0.3039568344310552,0.7344915781273176,0.4213596529701642,0.0,3,0.3002490631037383,278
SNE_12296170.jpg,1,,0,0,0,0,0,0,1,0.0,0.10624348939394274,0.2098893375350471,0.18421380709029678,0.4049634682669633,0.2268168913501214,0.20454545447727268,0.8467892450603405,0.5055058845986574,0.0,1,0.6568118740194694,88
SNE_12296415.jpg,1,,0,0,0,0,1,0,0,0.59999999988,0.8146282625505463,0.053845146044557146,0.18967399288411388,0.3449586043599211,0.1427343414032225,0.16499999994500003,0.7789252189148693,0.4360917071333983,0.0,4,0.3915367483295923,100
SNE_12297858.jpg,1,,0,0,1,0,0,0,0,0.79999999984,0.7587711235264741,0.0,0.1445760700212416,0.3772448026361961,0.02076208346939329,0.11340206181786938,0.9159954595780048,0.31682185539654995,0.09166187341843521,5,0.20330649798734324,97
SNE_12297905.jpg,1,,0,0,0,0,0,1,0,0.39999999992,0.4043968100521253,0.0,0.16758081884636192,0.37321174547736274,0.006235268857153134,0.08333333330555555,0.8916616436215323,0.38317251776438443,0.04854306410705619,3,0.2593534804157963,51
SNE_12297908.jpg,1,,0,0,0,0,0,1,0,0.79999999984,0.5904781020674692,0.26189044769048864,0.1835124693792231,0.30456018697338294,0.17465320126881678,0.0499999999833333,0.8500024582289227,0.418169505507642,0.0,5,0.7452137613357211,60
SNE_12297912.jpg,1,,0,0,0,0,0,1,0,0.39999999992,0.740838167345879,0.34492571975211794,0.1704738692756482,0.35758198340291214,0.1887619625666799,0.08064516126344086,0.8660452423518469,0.4728650715697396,0.0,3,0.8863737239235262,62
SNE_12297932.jpg,1,,0,0,0,0,1,0,0,0.39999999992,0.79678823278647,0.2481452038815593,0.12567788027133675,0.1810129291650249,0.10850817921766649,0.19540229878544063,0.8906635719207828,0.41755520096318055,0.0,3,0.721846846846796,87
SNE_12298368.jpg,1,,0,0,0,0,1,0,0,0.79999999984,0.7043695724845563,0.11686703515904599,0.182500146828371,0.4196205326732209,0.18727699405162787,0.14545454540606056,0.8487491336959168,0.4861025313830656,0.0,5,0.4986739598872452,110
SNE_12298374.jpg,1,,0,0,0,0,1,0,0,0.59999999988,0.8934124869624669,0.10436371088148987,0.18658300676154743,0.2999653128236487,0.18635069793199335,0.10491071425074402,0.7951100612976996,0.47256502270610745,0.0,4,0.47741830860289647,112
SNE_12298376.jpg,1,,0,0,0,0,1,0,0,0.39999999992,0.7989774278596146,0.20592936150093719,0.17852879363983606,0.47653411437295234,0.2193589994885615,0.1984536081812715,0.7905483667857707,0.4973915752858154,0.0,3,0.6500799147575226,97
SNE_12298388.jpg,1,,0,0,0,0,1,0,0,0.59999999988,0.7374606774909341,0.1842166509428094,0.17786202025378803,0.4723641467720245,0.20366504164353735,0.10416666663194445,0.8644970720356149,0.4558913187573546,0.0,4,0.6131683067869926,96
SNE_12298435.jpg,1,,0,0,0,0,1,0,0,0.9999999998,0.8317157586386079,0.03140931991830455,0.19943906960218707,0.3371385484980059,0.15243951234728237,0.15447154466395663,0.7526037566555396,0.45572625011594536,0.0,6,0.35339584389252704,123
SNE_12298476.jpg,1,,0,0,0,0,1,0,0,0.79999999984,0.739345369089674,0.07618737500817545,0.17765224223438944,0.32451104071876913,0.18620250418049672,0.2375886524030733,0.8070477672623653,0.44174724378156555,0.0,5,0.4295185375900856,141
SNE_12298516.jpg,1,,0,0,0,0,1,0,0,0.9999999998,0.8770753502705939,0.18598947343521144,0.19849665944355466,0.4833141730726862,0.2706072144090826,0.16513761462385318,0.7761259593956706,0.509386160291074,0.0,6,0.6161821050258489,109
SNE_12298517.jpg,1,,0,0,0,0,1,0,0,0.79999999984,0.9334666211533655,0.0,0.18475690252004145,0.38163622939126995,0.07767471032277336,0.35999999988000003,0.7214225474106517,0.39360603127172733,0.0,5,0.19413725943286586,150
SNE_12298763.jpg,1,,0,1,0,0,0,0,0,0.59999999988,0.7941625909516351,0.06379137601116798,0.15548153786434596,0.4696463638988816,0.1406878735577201,0.1851851851234568,0.7817022195037082,0.39110642633513487,0.10746403876230816,4,0.40844533928277693,135
SNE_12298772.jpg,1,,0,1,0,0,0,0,0,0.79999999984,0.6896826127567304,0.07725712007473205,0.14826986372432827,0.4295857013688702,0.11770212163899206,0.23648648640765765,0.7820866574044474,0.37586694747949734,0.0,5,0.4313371042043016,111
SNE_12298808.jpg,1,,0,1,0,0,0,0,0,0.39999999992,0.6035073821194865,0.0,0.14833462847250578,0.3988515779434363,0.027162696897978945,0.2556818180965909,0.7893643707226434,0.34911869228353054,0.25217191219600893,3,0.268141409964845,88
SNE_12298810.jpg,1,,0,1,0,0,0,0,0,0.9999999998,0.7486411465970857,0.0,0.16180969139251605,0.5874084904790119,0.03354766429962514,0.1874999999375,0.7891766307142688,0.3547694056305432,0.7253524873721828,6,0.21004275448011736,108
SNE_12298906.jpg,1,,0,1,0,0,0,0,0,0.39999999992,0.653110085206734,1.0,0.15484423212505863,0.5067607590893151,0.9389778789775638,0.06410256408119658,0.7386473801872154,0.5025018859668097,0.0,3,3.400483091785797,78
SNE_12299140.jpg,1,,0,0,0,1,0,0,0,0.39999999992,0.6581897754126771,0.0,0.17912061731170112,0.27512586172059805,0.09246632854657841,0.3402777776643519,0.6347816267815967,0.41481128212664226,0.0,3,0.14871729419272117,216
SNE_12299169.jpg,1,,0,0,0,1,0,0,0,0.39999999992,0.9354864171045877,0.04267653064346465,0.17966438305990295,0.20186012366873263,0.30041522951114324,0.19753086413168722,0.5065431775711358,0.5351344236748536,0.0,3,0.3725501021365664,243
SNE_12299170.jpg,1,,0,0,0,1,0,0,0,0.79999999984,0.7960036838061538,0.014271572485485247,0.14669408901176853,0.26114738590330844,0.11136181060591135,0.309178743858293,0.6760970062770431,0.39095320900644315,0.0,5,0.3242616732395965,207
SNE_12299196.jpg,1,,0,0,0,1,0,0,0,0.59999999988,1.0,0.12331471965246234,0.19231785263220008,0.2697734992741696,0.37735734411595456,0.23369565209601445,0.5065192394063538,0.5522050358876711,0.0,4,0.5096350235325007,184
SNE_12302366.jpg,1,,0,0,1,0,0,0,0,0.9999999998,0.7241310276327195,0.1868399983651416,0.18471264042473545,0.4174052395923818,0.14065786628734409,0.23529411756862742,0.7755046409929105,0.5138929641378918,0.0,6,0.6176279974075807,68
SNE_12302388.jpg,1,,0,0,1,0,0,0,0,0.39999999992,0.48935117219183744,0.03673522241077045,0.20578817206081496,0.37366063821313467,0.050819122645818955,0.12999999995666664,0.8390914164295785,0.4496949735993629,0.0,3,0.362449878135045,50
SNE_12321652.jpg,1,,0,0,0,0,1,0,0,0.9999999998,0.7551131412247063,0.056974346866210765,0.23444913746233004,0.3123316698919386,0.18373009549303582,0.1630434782065217,0.5746319782091737,0.5106899301583572,0.0,6,0.39685638972953263,92
SNE_12323565.jpg,1,,0,0,0,1,0,0,0,0.19999999996,0.8305644754581738,0.0,0.15719325919427388,0.3142250548776003,0.09348926362152007,0.26746724881914113,0.616438655447853,0.39477027105184925,0.0,2,0.28878327918141,229
SNE_12323569.jpg,1,,0,0,0,1,0,0,0,1.0,0.864696704936466,0.2781513814439223,0.1647776979814746,0.13451605861606225,0.22367527117547212,0.2269607842380719,0.5007350646755385,0.5305495290499578,0.0,9,0.7728573487328193,510
SNE_12323593.jpg,1,,0,0,0,1,0,0,0,0.19999999996,0.6528098129960421,0.08052645711083055,0.1393519966407814,0.3363236190574329,0.06478525079345986,0.36988304081237816,0.5313383593691253,0.3733135124158474,0.0,2,0.4368949771689384,171
SNE_12323608.jpg,1,,0,0,0,1,0,0,0,0.39999999992,0.6890748467019066,0.21032962092416527,0.16424156462178705,0.3058706573613188,0.109999209632478,0.2920560746690031,0.6043974834673453,0.4108637411405673,0.0,3,0.6575603557814106,107
SNE_12323645.jpg,1,,0,0,0,1,0,0,0,0.0,0.7985029203832461,0.04141610789196215,0.1494262319659776,0.2766313490534762,0.07499481758908227,0.31515151504646466,0.5917406602875042,0.3854339420752922,0.0,1,0.37040738345775176,165
SNE_12323703.jpg,1,,0,0,0,1,0,0,0,0.39999999992,0.5941231927250943,0.7711141743829019,0.15821353593941995,0.13243247195598754,0.20150310669226812,0.1460674156816479,0.650896998312513,0.4455383181436205,0.2848958295346841,3,1.6108940972220473,89
SNE_12323769.jpg,1,,0,0,0,1,0,0,0,0.0,0.21179681692564184,1.0,0.1770529070987371,0.3209149424312059,0.5510933207789281,0.1164383561255708,0.34932094203620623,0.5230714766084915,0.0,1,4.033312382148324,73
SNE_12323776.jpg,1,,0,0,0,1,0,0,0,0.19999999996,0.5073035299975046,1.0,0.15877257695257624,0.4163175020181623,0.5478850296591673,0.22260273965182645,0.3909852608208294,0.5350989854189261,0.0,2,4.381056580179937,73
SNE_12323808.jpg,1,,0,0,0,1,0,0,0,0.19999999996,0.6774484109550032,1.0,0.1609961917900405,0.35934404697380695,0.7164712727477962,0.20720720713813817,0.49726051565921026,0.5515065234913119,0.0,2,3.4486571879927728,111
SNE_12323816.jpg,1,,0,0,0,1,0,0,0,0.19999999996,0.8676470579044117,0.6369302684214414,0.20004728095067975,0.2892230017928529,0.38554996754126114,0.3039772726259469,0.23664982244533062,0.5681344191528079,0.0,2,1.3827814569533807,88
SNE_12324385.jpg,1,,0,0,0,1,0,0,0,0.39999999992,0.5506322395266149,0.17099834202071268,0.1979217741146938,0.305197371179475,0.29032689793842215,0.2906504064071816,0.3686087294781224,0.5544024251406124,0.0,3,0.5906971816062099,123
SNE_12324391.jpg,1,,0,0,0,0,1,0,0,1.0,0.7629006097967737,0.5063818975493465,0.21348542176381785,0.37104333786976457,0.29458406717154934,0.25681818173257576,0.44816019148323927,0.551768596322336,0.0,7,1.160849226340271,110
SNE_12324396.jpg,1,,0,0,1,0,0,0,0,0.59999999988,0.8399408275525146,0.23347591190855474,0.19921735718060055,0.3671203674455814,0.26044263422913744,0.2616822429034268,0.6507249120143312,0.541427663073965,0.0,4,0.696909050478019,107
SNE_12324442.jpg,1,,0,0,0,1,0,0,0,0.9999999998,0.7939774885997208,0.8065660214120939,0.17795724079955735,0.31350503787466555,0.41710682884844624,0.28611111101574077,0.36425086444157795,0.5535998114790743,0.0,6,1.6711622372071258,90
SNE_12324464.jpg,1,,0,0,0,1,0,0,0,0.59999999988,0.9128491860692871,0.2806045399019158,0.17373987653199538,0.2652719992858503,0.41839871227857595,0.20714285707380953,0.4765601610778365,0.5531617597809038,0.0,4,0.7770277181138614,175
SNE_12324467.jpg,1,,0,0,0,1,0,0,0,0.59999999988,0.8470831238193226,0.22360772598423082,0.19590818381704883,0.17731261906132872,0.37926993536664266,0.25874125865501163,0.4186560642309498,0.5589851398554744,0.0,4,0.6801331343968001,143
SNE_12324468.jpg,1,,0,0,1,0,0,0,0,0.19999999996,0.4612512140007244,0.13330170770144562,0.19563321256188979,0.4217967377389053,0.1525183927336875,0.3419540228745211,0.6418557192191028,0.5463741395864008,0.0,2,0.5266129032257593,87
SNE_12324474.jpg,1,,0,0,0,1,0,0,0,0.39999999992,0.9407902491340961,0.4474119110925349,0.14505055524561417,0.20802260372371145,0.4747440082942015,0.1877990429996013,0.5840848653899078,0.54197368099855,0.0,3,1.0606002493047213,209
SNE_12324503.jpg,1,,0,0,1,0,0,0,0,0.59999999988,0.9011972749196782,0.23841481815439675,0.19973350233960466,0.2650550418788421,0.2506079802632489,0.2698019801080858,0.5798448438931103,0.540004636662844,0.0,4,0.7053051911008893,101
SNE_12324527.jpg,1,,0,0,1,0,0,0,0,0.39999999992,0.6967402771714828,0.24575365230817423,0.2081237464396357,0.4516736638912668,0.16929751623877498,0.2816901407511737,0.7114255605673505,0.5438756035368798,0.0,3,0.7177812091696498,71
SNE_12324551.jpg,1,,0,0,0,0,0,1,0,0.59999999988,0.9299855131693626,0.0,0.16956248310828195,0.2950838664535669,0.051383399203806336,0.31842105252543856,0.8019753180948667,0.3903046798909473,0.0,4,0.2826294986477935,95
SNE_12324572.jpg,1,,0,0,0,0,0,1,0,0.39999999992,0.716701614438702,0.0,0.20001102722020894,0.21736187646873797,0.04448756961953041,0.30180180170120124,0.7439520307980871,0.40365058507752183,0.09868670281024819,3,0.185889550154597,111
SNE_12324575.jpg,1,,0,0,0,0,0,1,0,0.0,0.21072048242840397,0.0,0.20551458818016446,0.08760859125792218,0.021310914424923375,0.322674418497093,0.7210118534734724,0.4360732055624026,0.0,1,0.18423889959812512,86
SNE_12324577.jpg,1,,0,0,0,0,0,1,0,0.19999999996,0.44067469298668865,0.20536740742849569,0.181985153425039,0.32714297204976284,0.05987484997840022,0.10119047615674603,0.9113442688028169,0.5228374318388667,0.0,2,0.6491245928338101,42
SNE_12324579.jpg,1,,0,0,0,0,0,1,0,0.19999999996,0.30882276275867426,0.0,0.16801050438273082,0.3753220714879507,0.020564146419942968,0.43640350862646193,0.8000428959191516,0.38493928947933437,0.29052846926344716,2,0.18594154101400026,114
SNE_12324594.jpg,1,,0,0,0,0,0,1,0,0.19999999996,0.3864128264487773,0.0,0.17486030871660893,0.4721240227884061,0.00679092572454117,0.506410256241453,0.7269600125354747,0.40507304819175566,0.028287448116978673,2,0.21882870625017461,78
SNE_12324602.jpg,1,,0,0,0,0,0,1,0,0.39999999992,0.5400270283211653,0.029050205862266063,0.17092585435105773,0.36643554378264825,0.034258917633188085,0.22307692300256413,0.7815872987593541,0.38401643450151735,0.0,3,0.3493853499949025,65
SNE_12324618.jpg,1,,0,0,0,0,0,1,0,0.19999999996,0.3330259778637369,0.09881133794856194,0.17770742456221378,0.4134507900954211,0.05826743022442035,0.11885245897677596,0.8478178255284425,0.46252376008799717,0.0,2,0.4679792746113666,61
SNE_12324630.jpg,1,,0,0,0,0,0,1,0,0.19999999996,0.2756690324058669,0.05323784916240131,0.1808885177652352,0.5603323724614075,0.050561369632761005,0.19999999993333337,0.8185663275606203,0.4364228033704819,0.0,2,0.39050434362932007,65
SNE_12324664.jpg,1,,0,0,0,0,0,1,0,0.19999999996,0.4027413730662799,0.0,0.16135177579477614,0.39483360648667265,0.02283775748985229,0.2682926828373984,0.7779882075669012,0.39462975891981833,0.03732148844489159,2,0.2864687161193199,82
SNE_12324668.jpg,1,,0,0,0,0,0,1,0,0.19999999996,0.3932339107790008,0.1920800202046399,0.16955952184905568,0.4404284786653395,0.050062053163607775,0.24999999991666666,0.6698212125374667,0.42552615579023473,0.0,2,0.6265360345399679,47
SNE_12324671.jpg,1,,0,0,0,0,0,1,0,0.0,0.22552980123187272,0.0,0.1817207276306809,0.5510059238455406,0.026258662054374524,0.29022988496072794,0.7191568322375141,0.4205475169537048,0.0,1,0.21653285551841023,87
SNE_12324675.jpg,1,,0,0,0,0,0,1,0,0.39999999992,0.4304477597287633,0.18541451657476657,0.17279154343682493,0.4138730861178822,0.042072116854733124,0.09999999996666668,0.9102035479907279,0.5213656073100522,0.0,3,0.6152046783625177,40
SNE_12324679.jpg,1,,0,0,0,0,0,1,0,0.19999999996,0.6044508130262203,0.0,0.16100755335362507,0.3406801290388004,0.0030502047193371237,0.42532467518290035,0.6536252727649636,0.3997855365325859,0.0,2,0.21552032095847284,77
SNE_12324697.jpg,1,,0,0,0,0,0,1,0,0.39999999992,0.5754992470656225,0.0,0.1643680675515493,0.48085098448697416,0.005853794450554987,0.30617977517883893,0.7683605098713608,0.3771869225035683,0.5536199962808396,3,0.19724816461069278,89
SNE_12324888.jpg,1,,0,0,0,1,0,0,0,0.19999999996,0.6331587836122415,0.8754904560980186,0.1443701056179673,0.2890656267062489,0.3040267423254084,0.18627450974183007,0.619362239708681,0.45408968443648334,0.0,2,1.788333776242122,102
SNE_12325529.jpg,1,,0,0,0,1,0,0,0,0.9999999998,0.7735213582958067,0.2703016239708776,0.1803157849629871,0.33274806110128163,0.2923433874232842,0.22787610611873155,0.5576036641694995,0.5314145284397629,0.0,6,0.7595127610207936,113
SNE_12325665.jpg,1,,0,0,0,0,0,1,0,0.0,0.11703129609044616,0.01823359400490122,0.2193595951034326,0.4233723920770983,0.08427137205968852,0.17708333327430556,0.7807746403396114,0.5105563584253389,0.0,1,0.33099710982656566,72
SNE_12325909.jpg,1,,0,0,0,0,0,0,1,0.19999999996,0.30967273246875326,0.0,0.24878358588853405,0.35946106222717783,0.042285605804649004,0.3263888887800926,0.5817839531551705,0.43900413361680335,0.0,2,0.09608255685802705,108
SNE_12325918.jpg,1,,0,0,0,0,0,0,1,0.19999999996,0.34316804886681956,0.14103012748993968,0.2095939845555726,0.42633637106355315,0.31171899457252245,0.2207031249264323,0.6361358339197831,0.5475165983510556,0.0,2,0.5397512168739276,128
SNE_12325921.jpg,1,,0,0,0,0,0,0,1,0.19999999996,0.3924276516455867,0.123254862945167,0.210805915493255,0.41088509139620005,0.3472011707032615,0.2271241829308279,0.5541510355291869,0.5693552588502652,0.0,2,0.5095332671300388,153
SNE_12325974.jpg,1,,0,0,0,0,0,0,1,0.39999999992,0.2791598368137964,0.10055973744323314,0.2181248635808969,0.4416498942445407,0.28768069561882786,0.26305970140485074,0.6222179992846691,0.5570925627085794,0.0,3,0.47095155375405606,134
SNE_12325977.jpg,1,,0,0,0,0,0,0,1,0.0,0.15728674723614938,0.16825936140731781,0.223066212034031,0.4308364928775903,0.21654316292346532,0.3529411763529411,0.5509206682829335,0.5735398700164109,0.0,1,0.5860409145606996,85
SNE_12326004.jpg,1,,0,0,0,0,0,0,1,0.0,0.3105672319002414,0.14209911489054747,0.19297601239741796,0.40359364536350717,0.22859572354381108,0.301181102261811,0.5362776608050319,0.5556501802816145,0.0,1,0.5415684954560298,127
SNE_12326022.jpg,1,,0,0,0,0,0,0,1,0.0,0.11254516596352754,0.11112025771384763,0.2242399041297072,0.4817521066281937,0.2130516214245162,0.24504950486881186,0.6892371901361403,0.5318219196827717,0.0,1,0.48890443822466123,101
SNE_12326057.jpg,1,,0,0,0,0,0,0,1,0.19999999996,0.2922953957114281,0.0,0.22416018356959239,0.40509416146188393,0.16532539297494953,0.2423076922269231,0.5804992552332655,0.49689525511797916,0.0,2,0.287780326197739,130
SNE_12326193.jpg,1,,0,0,0,0,1,0,0,0.79999999984,0.7093329653526063,0.22282678535365313,0.18457223585892682,0.46613882744459034,0.3224868434267919,0.23357664225790756,0.6251642016460932,0.5275482810013602,0.0,5,0.6788055353240371,137
SNE_12326244.jpg,1,,0,0,0,0,1,0,0,0.9999999998,0.8334307658275221,0.0,0.1950352295541944,0.4081766177603217,0.09551869320977886,0.1693548386532258,0.7689702700009144,0.43730242784393414,0.0,6,0.29387996004720357,124
SNE_12326246.jpg,1,,0,0,0,0,1,0,0,0.79999999984,0.9496329515675979,0.0,0.1834409362908187,0.3471516000098163,0.1040844228055394,0.1978527606702454,0.7314144220946934,0.4598966565767977,0.0,5,0.2867998977019368,163
SNE_12326247.jpg,1,,0,0,0,0,1,0,0,1.0,0.7787624371140391,0.0,0.2044431017811681,0.4895951358044174,0.09224418511555174,0.2773972601815069,0.671073732981994,0.4659025208674148,0.0,7,0.2355580693815899,146
SNE_12326258.jpg,1,,0,0,0,0,1,0,0,0.9999999998,0.8308422422451178,0.0,0.20170546392325694,0.397320757869691,0.13211872988598405,0.2921686746014056,0.5076031459345987,0.5350043972141142,0.0,6,0.28504969338125247,166
SNE_12326260.jpg,1,,0,0,0,0,1,0,0,0.39999999992,0.5778035184067262,0.0976091020254724,0.20884354253348142,0.40791822855559173,0.19386168565200995,0.22649572642022792,0.7331121673758683,0.5361041917761757,0.0,3,0.4659354735409122,117
SNE_12326271.jpg,1,,0,0,0,0,1,0,0,0.9999999998,0.838259318922657,0.0,0.1726378918581853,0.31106533656790364,0.1050933003248221,0.3115384614346154,0.7533334305867092,0.42807973573512637,0.0,6,0.23187336714306955,195
SNE_12326273.jpg,1,,0,0,0,0,1,0,0,0.79999999984,0.870735770361418,0.0,0.17429234311604302,0.35626961982072314,0.06593672786710433,0.42204301061200716,0.7050709357348603,0.4322057561464101,0.015047720355536363,5,0.19429775689161877,186
SNE_12326274.jpg,1,,0,0,0,0,1,0,0,0.59999999988,0.910848239019042,0.0,0.20075502975914222,0.3640251807292918,0.05291422703299334,0.2012711863735876,0.7383416350140077,0.3700701305450807,0.0,4,0.19771591720199186,118
SNE_12326304.jpg,1,,0,0,0,0,1,0,0,1.0,0.851818066558804,0.13979404703299186,0.19287283095997357,0.4733434607685897,0.2713197862432068,0.2889610388647186,0.6855110230610668,0.5440929482000708,0.0,7,0.5376498800958802,154
SNE_12326307.jpg,1,,0,0,0,0,1,0,0,0.9999999998,0.7143109119759818,0.0018148820315929417,0.1897245517282729,0.23282969142788046,0.12104134282868242,0.23281249992239583,0.6292218722224728,0.4674013976316812,0.0,6,0.30308529945552287,160
SNE_12326343.jpg,1,,0,0,0,0,1,0,0,1.0,0.8444627919967229,0.0,0.1889076650886157,0.4925649924473351,0.09182983397372545,0.3035714284702381,0.508592668200782,0.42803698877178337,0.0,7,0.21170899438981086,182
SNE_12326344.jpg,1,,0,0,0,0,1,0,0,0.59999999988,0.44106481242310314,0.0,0.1947551052737829,0.47681778938457015,0.09905675492911838,0.26232394357453054,0.6466103324408041,0.5229787938973856,0.0,4,0.2838238278871409,142
SNE_12326352.jpg,1,,0,0,0,0,1,0,0,0.59999999988,0.6007644168172741,0.0,0.18021465005458462,0.4915947163788038,0.04924037479475026,0.35833333321388894,0.5834159080819095,0.43397036971750286,0.3442470597998966,4,0.15789926448449057,180
SNE_12326374.jpg,1,,0,0,0,0,1,0,0,0.9999999998,0.8120294212053313,0.023581293066138913,0.1915989647852533,0.32872746219543225,0.1034837197883691,0.23230088487831854,0.7653101329958043,0.4870270459270605,0.0,6,0.34008819823601744,113
SNE_12326376.jpg,1,,0,0,0,0,1,0,0,1.0,0.8041808365797614,0.0894739227937638,0.19748374768766366,0.457232129965431,0.19999704956969408,0.2718978101283455,0.5637722768998299,0.5468046498495651,0.0,7,0.4521056688388724,137
SNE_12326406.jpg,1,,0,0,0,0,1,0,0,0.79999999984,0.5923130613286319,0.12233479502857225,0.18757709886304788,0.3633648045162855,0.2066928245788427,0.24999999991666666,0.8203398809610969,0.5284588215441646,0.0,5,0.5079691516709076,115
SNE_12326421.jpg,1,,0,0,0,0,1,0,0,0.9999999998,0.7067796016006891,0.17261483853063175,0.2129192026070127,0.44332165266494733,0.21297346333465345,0.2219101122855805,0.7879204931253134,0.5192345886504535,0.0,6,0.5934452256746888,89
SNE_12326439.jpg,1,,0,0,0,0,1,0,0,0.59999999988,0.9546428177559707,0.15468698604617728,0.19178192804025151,0.2666553030687644,0.2615719151583234,0.1904761904126984,0.7933496971766747,0.5171695157501973,0.0,4,0.5629678764331884,126
SNE_12326452.jpg,1,,0,0,0,0,1,0,0,0.9999999998,0.899363696255442,0.2823168160178692,0.19111353801716738,0.43251266495863383,0.33119646603063185,0.22149122799634502,0.7233080586559744,0.5331909942313733,0.0,6,0.7799385875126944,114
SNE_12326453.jpg,1,,0,0,0,0,1,0,0,0.59999999988,0.6047011041468972,0.12307319481541948,0.19881809825094027,0.4301380185737272,0.24667929896648605,0.24409448810761156,0.8301656935687567,0.534236349929098,0.0,4,0.5092244313092863,127
SNE_12326459.jpg,1,,0,0,0,0,1,0,0,0.79999999984,0.8255572972705696,0.19744905460680434,0.1883382475426643,0.48659384064577493,0.33503603023753886,0.24509803913398695,0.6900683526770167,0.5460661725718978,0.0,5,0.6356633930290164,153
SNE_12326463.jpg,1,,0,0,0,0,1,0,0,1.0,0.9067014827786386,0.15713306485188444,0.17246485373610143,0.3362031935924652,0.27561394867312805,0.25822368412445174,0.7648177413640463,0.5313184146988832,0.0,7,0.5671262104053366,152
SNE_12326486.jpg,1,,0,0,0,0,1,0,0,0.79999999984,0.8180862242310725,0.20834891254068377,0.17696752597971754,0.2902524028193203,0.24953865077237827,0.270089285624256,0.8116391494741677,0.5321400561055353,0.0,5,0.6541931515275113,112
SNE_12326492.jpg,1,,0,0,0,0,1,0,0,0.79999999984,0.829692339737675,0.215724211585418,0.17723732018882002,0.44174656834824055,0.23249644859488353,0.18080357136830352,0.7831717990530154,0.49222463216883783,0.0,5,0.6667311599109348,112
SNE_12326508.jpg,1,,0,0,0,0,1,0,0,0.9999999998,0.7777138907500575,0.2705418056883396,0.18521996328484366,0.3634587069836669,0.3108621146775048,0.24999999991666666,0.6949021285611774,0.5384160409475968,0.0,6,0.7599210699407191,126
SNE_12326509.jpg,1,,0,0,0,0,1,0,0,0.9999999998,0.8803320015707081,0.17910167251254258,0.18361263366756506,0.3725400570357126,0.2548463810937664,0.234374999921875,0.7367926257638658,0.5185210010622043,0.0,6,0.6044728434504241,128
SNE_12327380.jpg,1,,0,0,1,0,0,0,0,0.59999999988,0.5801314586084422,0.0,0.156278581104852,0.41865151359917974,0.057653805690379985,0.18629807686097757,0.7516190564920029,0.37989589953416747,1.0,4,0.16908446163764973,208
SNE_12327435.jpg,1,,0,0,1,0,0,0,0,0.39999999992,0.4600302099458605,0.0,0.16182748953325457,0.3522167989571986,0.038665840375974814,0.22424242416767673,0.7973401424735401,0.4057306027855294,0.5924306060622235,3,0.16223717409587549,165
SNE_12327460.jpg,1,,0,0,1,0,0,0,0,0.19999999996,0.8777104722363049,0.0,0.1725548768098235,0.18561420936471437,0.0770028519526649,0.26310043659352256,0.6745635070201232,0.45940779734540793,0.06354894832126266,2,0.18473981973454548,229
SNE_12328388.jpg,1,,0,0,0,1,0,0,0,0.39999999992,0.5957504738651991,0.13999071516271444,0.12540581463472789,0.23204368792840055,0.08291875540385785,0.30701754375730994,0.7619478150453582,0.37063627066135896,0.009241520450305976,3,0.5379842159166053,171
SNE_12328438.jpg,1,,0,0,0,1,0,0,0,0.19999999996,0.8707130511334196,0.23534764210314524,0.15522154573355082,0.24846904752920274,0.27621601772416776,0.2135922329385113,0.6271085617064176,0.4975230194490556,0.0,2,0.7000909918106946,206
SNE_12328511.jpg,1,,0,0,0,1,0,0,0,0.59999999988,0.7480308113803863,0.0,0.19432777957686553,0.3488224091625533,0.1414874582107017,0.283967391209692,0.555228544685433,0.4652606266965915,0.0,4,0.28824567030146375,184
SNE_12329118.jpg,1,,0,1,0,0,0,0,0,0.59999999988,0.6804368900412479,0.10379140943634974,0.1505061523897734,0.3018237530781838,0.2036300601426855,0.23560209416230363,0.8625971628999906,0.505871542059391,0.0,4,0.47644539614558595,191
SNE_12329139.jpg,1,,0,1,0,0,0,0,0,0.59999999988,0.9108328393068428,0.0,0.13648472531639153,0.3392830958762843,0.12529654686812497,0.29012345669341566,0.9137234404195471,0.4349891358115377,0.0,4,0.28416805787422694,243
SNE_12329987.jpg,1,,0,0,0,0,1,0,0,0.9999999998,0.6654244213188139,0.0,0.185189595825248,0.2516979990650823,0.08984284561207698,0.24553571420386902,0.7708988959465028,0.4018713464588103,0.0,6,0.2859767003431969,112
SNE_12330061.jpg,1,,0,0,0,0,0,0,1,0.19999999996,0.31547924327102506,0.1038106437200305,0.204847011905032,0.504888870762384,0.14885043316526886,0.21111111104074073,0.7343298107226717,0.5238358831377223,0.0,2,0.4764780944278625,90
SNE_12330063.jpg,1,,0,0,0,0,0,0,1,0.19999999996,0.276121431235694,0.14655679803029126,0.2247547038675234,0.4958680928514114,0.10535609179734666,0.07843137252287584,0.8026672999103445,0.4624037311464344,0.0,2,0.5491465567980519,51
SNE_12330073.jpg,1,,0,0,0,0,0,0,1,0.0,0.11177266350177945,0.0,0.2366198470558379,0.503031345305772,0.01113222746787487,0.2439024389430894,0.6943626044922873,0.5252203410003361,0.0,1,0.25418119496482156,41
SNE_12330103.jpg,1,,0,0,0,0,0,0,1,0.0,0.2244965075380596,0.11707607323362185,0.22568759839114538,0.4301344928051072,0.130210321940968,0.12867647054534312,0.8117125868035875,0.49560394543959396,0.0,1,0.4990293246142332,68
SNE_12330104.jpg,1,,0,0,0,0,0,0,1,0.0,0.3106211522900727,0.1930031188203148,0.21770009778615237,0.4297678434377231,0.21407151542042568,0.18902439018089431,0.6514465703851303,0.5306028213698367,0.0,1,0.6281053021875382,82
SNE_12330116.jpg,1,,0,0,0,0,0,0,1,0.0,0.16562724378311797,0.0,0.2011194586451061,0.4260321914277631,0.0761676703285702,0.31122448969217686,0.785757653473583,0.46757770826496836,0.0,1,0.25525645507664907,98
SNE_12330120.jpg,1,,0,0,0,0,0,0,1,0.0,0.2215346445359328,0.12528175663390118,0.21056941519041558,0.43690871846266166,0.11543382558197494,0.1370967741478495,0.8328123031248753,0.47400621859434383,0.0,1,0.5129789864029137,62
SNE_12330124.jpg,1,,0,0,0,0,0,0,1,0.19999999996,0.2028803673984688,0.22294843850350538,0.233726945372204,0.4883742443118562,0.10981156592395866,0.09999999996666668,0.7340767372427633,0.5103765056810449,0.0,2,0.6790123456789076,40
SNE_12330126.jpg,1,,0,0,0,0,0,0,1,0.0,0.09988968758585107,0.1426446855471594,0.24408426413819412,0.6235367505330274,0.02876475749799357,0.01086956521376809,0.7499529089781052,0.5263278697390952,0.0,1,0.5424959655728157,23
SNE_12330139.jpg,1,,0,0,0,0,0,0,1,0.19999999996,0.16287698663194147,0.09805153985429887,0.23301560588826073,0.5228579112324365,0.08244842147738903,0.13265306118027215,0.7816297661765643,0.49611532600137564,0.0,2,0.4666876178503596,49
SNE_12330147.jpg,1,,0,0,0,0,0,0,1,0.19999999996,0.2501121799714986,0.0,0.22948963375527667,0.14871677021993884,0.058160422509457126,0.3567961163859223,0.5091074121647807,0.45880108642621437,0.0,2,0.2565706110770384,103
SNE_12330150.jpg,1,,0,0,0,0,0,0,1,0.0,0.08318461143868522,0.2268564675006263,0.2413510622263279,0.5330435833453799,0.087785376788684,0.0,0.7743715750195407,0.521371125460835,0.0,1,0.6856559949779212,34
SNE_12330153.jpg,1,,0,0,0,0,0,0,1,0.19999999996,0.197311066489288,0.09476228842126734,0.21088716232598292,0.41400173951228514,0.04830569573572564,0.04761904760317458,0.8522372828403795,0.4741281861223857,0.0,2,0.46109589041091675,42
SNE_12330154.jpg,1,,0,0,0,0,0,0,1,0.0,0.15058534709813337,0.10588715284046142,0.2135649761242933,0.3614843595466255,0.12720908756876598,0.1902985073992537,0.8393370890931087,0.5060010294468305,0.0,1,0.48000815993467155,67
SNE_12330158.jpg,1,,0,0,0,0,0,0,1,0.19999999996,0.21073094612657095,0.19497686703661626,0.21131891624827148,0.397115088579075,0.11820750375373308,0.062499999979166665,0.8104991457950312,0.4847130720317091,0.0,2,0.6314606741572245,52
SNE_12330172.jpg,1,,0,0,0,0,0,0,1,0.0,0.17862658040199522,0.11208038551423814,0.24505320236601796,0.5254773623873319,0.06085289888274401,0.3055555554537037,0.448155754104673,0.5319112086271149,0.0,1,0.4905366554862852,36
SNE_12330178.jpg,1,,0,0,0,0,0,0,1,0.0,0.11756685940216977,0.0,0.23035624559500528,0.44944907692920916,0.062121892339113936,0.3179824560343567,0.6197423295282131,0.44704444151726563,0.0,1,0.1719006999961683,114
SNE_12330185.jpg,1,,0,0,0,0,0,0,1,0.0,0.13794027567508538,0.12375197049994509,0.24369371011139082,0.4890340736179368,0.03379705173430611,0.0,0.7246923774987688,0.5197732756069882,0.0,1,0.5103783499736586,25
SNE_12330186.jpg,1,,0,0,0,0,0,0,1,0.19999999996,0.24628543739138492,0.18891031811446726,0.2562763674216337,0.5570483957914419,0.07679033647374266,0.008333333330555526,0.7606793226035753,0.522784970363796,0.0,2,0.6211475409835047,30
SNE_12330202.jpg,1,,0,0,0,0,0,0,1,0.0,0.14711436672580108,0.21428571415959738,0.24574744206980131,0.5379966801635488,0.06820622983801966,0.1574074073549383,0.7109911481136872,0.525004420126119,0.0,1,0.6642857142856012,27
SNE_12330207.jpg,1,,0,0,0,1,0,0,0,0.0,0.08806922865939437,0.10170340951294675,0.22153918499742542,0.5124406778216324,0.23809617665014918,0.24576271178248588,0.5521104606106694,0.5401706838800056,0.0,1,0.47289579627371287,118
SNE_12330208.jpg,1,,0,0,0,0,0,0,1,0.0,0.06875971838417384,0.18062825063525756,0.242357363770455,0.5238798888771864,0.1568948911966343,0.24999999991666666,0.6466856290309688,0.5508252897207203,0.0,1,0.6070680262605661,57
SNE_12330223.jpg,1,,0,0,0,0,0,0,1,0.0,0.2538848559940204,0.0004619471067742905,0.22275125418126396,0.1738283675689639,0.11452033477742196,0.277272727180303,0.39168362287226455,0.4682521812893625,0.0,1,0.30078531008197823,110
SNE_12330229.jpg,1,,0,0,0,0,0,0,1,0.0,0.145150878137777,0.22372981858183472,0.24435699331540836,0.5548790636869287,0.0525766876581537,0.06521739128260869,0.6281374453717358,0.5283639033421962,0.0,1,0.6803406918128488,23
SNE_12330231.jpg,1,,0,0,0,0,0,0,1,0.0,0.09132314013441237,0.1018152917870342,0.23676315672550574,0.5979770410817564,0.08563495376239388,0.1479591836241497,0.7736205301740058,0.5236540700037784,0.0,1,0.4730859961397734,49
SNE_12330232.jpg,1,,0,0,0,1,0,0,0,0.0,0.7057212985793524,0.18550274062554112,0.1766521244601702,0.3538528632495568,0.14940341115531386,0.23007246369142514,0.3071616473225822,0.4514933776957855,0.0,1,0.6153546592489226,138
SNE_12330246.jpg,1,,0,0,0,0,0,0,1,0.0,0.39537436871024145,0.0,0.20675187433943434,0.24958132594597773,0.10728155730107267,0.24579831924579834,0.37501919661630656,0.473597292025115,0.0,1,0.29244753102178966,119
SNE_12331223.jpg,1,,0,0,0,1,0,0,0,0.39999999992,0.907383353962059,0.0,0.16901600873135875,0.09381476413639354,0.16421275381050193,0.29766536955058365,0.5253648675550804,0.46813952905998507,0.0,3,0.23184456058224912,257
SNE_12331238.jpg,1,,0,0,0,1,0,0,0,0.59999999988,0.8014928833414317,0.05257572369316467,0.1998407916475352,0.3740565406440446,0.21152583028750907,0.21621621614414416,0.4782726674697586,0.5232066898812446,0.0,4,0.38937873033095566,148
SNE_12331272.jpg,1,,0,0,0,1,0,0,0,0.39999999992,0.8530778156097562,0.25593178432790376,0.18264297054504308,0.21219628179402442,0.45599292341975683,0.186141304285779,0.5348030386245937,0.5598323259328812,0.0,3,0.7350840336133682,184
SNE_12331345.jpg,1,,0,0,0,1,0,0,0,0.79999999984,0.9097315145327136,0.1799239359583011,0.15454474473321697,0.17001722770907407,0.28563494812014584,0.22263681584618578,0.6009780754213188,0.5282046132880485,0.0,5,0.6058706913090358,201
SNE_12331756.jpg,1,,0,0,0,1,0,0,0,0.19999999996,0.6365152991378784,0.2408564848010247,0.16485994538519883,0.007350149734592828,0.1162737805229576,0.21534653458168312,0.49293464178937973,0.4046082088498023,0.0,2,0.7094560244025985,101
SNE_12331774.jpg,1,,0,0,0,1,0,0,0,0.9999999998,0.8338692888655064,0.24946487101586878,0.1799547781841199,0.2986112821432225,0.3667725277705674,0.21242774559393063,0.5898583991671302,0.5613748159382814,0.0,6,0.7240902809764418,173
SNE_12331836.jpg,1,,0,0,0,1,0,0,0,0.39999999992,0.8749843877224616,0.026687882605449843,0.21158577377323828,0.31575794531611534,0.22140677342702528,0.2707100590813609,0.6277501593674002,0.5405169829288216,0.0,3,0.3453694004559526,169
SNE_12331906.jpg,1,,0,0,0,1,0,0,0,0.59999999988,0.8163002396764427,0.9098584328731406,0.15685805201256928,0.30859757688652745,0.7362691604404865,0.118715083759311,0.5635414686699961,0.5453425096851169,0.0,4,1.8467593367941975,179
SNE_12331974.jpg,1,,0,0,0,0,0,1,0,0.59999999988,0.6701268427002096,0.0894127357391815,0.20042987047383326,0.4668383238802079,0.16024067595622987,0.16326530606802725,0.8556790803900278,0.5083152006597879,0.0,4,0.4520016508460213,98
SNE_12331993.jpg,1,,0,0,0,1,0,0,0,0.59999999988,0.8628661490994023,0.0,0.20736779498537747,0.386389518984377,0.14098739529108492,0.29100529090828925,0.45344181234155645,0.4540463201199693,0.0,4,0.2103316723761986,189
SNE_12331996.jpg,1,,0,0,0,0,0,1,0,0.79999999984,0.8558840594851447,0.0,0.14075069535490814,0.4443536159600993,0.07703151311229149,0.3060897434877137,0.8097114972352122,0.3850127307563651,0.05798721799229646,5,0.29512649632038485,156
SNE_12331998.jpg,1,,0,0,0,0,0,1,0,0.39999999992,0.5207373524155021,0.0,0.21311714728849143,0.4334325349400579,0.06750071993612547,0.26418439707505914,0.8002748426774726,0.3968694286592216,0.0,3,0.15796289701168265,141
SNE_12332003.jpg,1,,0,0,0,1,0,0,0,0.79999999984,0.997378437311463,0.394118295592002,0.15782254539024057,0.2326430664588619,0.4668926644802865,0.22765363120903168,0.6354926568114736,0.5513336648214557,0.0,5,0.9700011029005217,179
SNE_12332017.jpg,1,,0,0,0,1,0,0,0,0.59999999988,0.9289915955661765,0.1221296276711597,0.19897986412088525,0.33264424859148717,0.3757861921394011,0.22739361694547874,0.5373002905959747,0.564477484648979,0.0,4,0.5076203671631011,188
SNE_12332019.jpg,1,,0,0,0,1,0,0,0,0.59999999988,0.8476348254563242,0.2557502802774534,0.18617147461863445,0.23845672770674967,0.3925299201926744,0.2196969696237374,0.5251765540359747,0.549785806195327,0.0,4,0.734775476727421,165
SNE_12332204.jpg,1,,0,0,0,0,0,1,0,0.79999999984,0.6210718320382548,0.0,0.19607862339114898,0.43861142358495414,0.0547500198025612,0.2233009707993527,0.797497278146667,0.42646668222267564,0.0,5,0.23421281990332643,103
SNE_12332248.jpg,1,,0,0,1,0,0,0,0,0.39999999992,0.6721639418403569,0.0,0.1854441391294328,0.29260067784407734,0.20214650534533707,0.2304687499231771,0.7919856325042953,0.5232306729946593,0.0,3,0.24646395885333006,256
SNE_12332261.jpg,1,,0,0,0,0,0,1,0,0.19999999996,0.3987395740028311,0.15168684648246689,0.20749369102423115,0.2893446300593379,0.15342362123875738,0.2294520547180365,0.8483700574719116,0.5244516912966484,0.0,2,0.5578676391718805,73
SNE_12332312.jpg,1,,0,0,0,0,0,1,0,0.59999999988,0.7563620241119765,0.13701233720555905,0.18179479592375306,0.07607788161888564,0.1401267064268899,0.23333333325555553,0.8277917352055891,0.515423102310005,0.0,4,0.5329209733864627,90
SNE_12332336.jpg,1,,0,0,0,0,0,1,0,0.79999999984,0.9313597919760397,0.14277268688021813,0.1986937020131092,0.3656318959532867,0.13809940388003575,0.12333333329222225,0.860175314397188,0.5157958438088689,0.0,5,0.5427135678391435,75
SNE_12332980.jpg,1,,0,0,0,0,1,0,0,0.79999999984,0.7352436507502574,0.11802052567238104,0.2019499681940574,0.35549078962265157,0.150088885105445,0.3076923075897436,0.6719429393201363,0.5202150937819698,0.0,5,0.5006348937610683,91
SNE_12333030.jpg,1,,0,0,0,0,1,0,0,0.19999999996,0.5841303926929364,0.18499942996066712,0.2146351770422332,0.3222169188457008,0.24433219143236085,0.2626262625387205,0.640747696928724,0.5425849204363744,0.0,2,0.6144990311181335,99
SNE_12333383.jpg,1,,0,0,0,0,0,0,1,0.19999999996,0.24206396687955037,0.0,0.19590320791732543,0.2373456583845847,0.11564182733064364,0.34677419343279575,0.6337025774515953,0.5255127677225817,0.0,2,0.2495874587458643,155
SNE_12333396.jpg,1,,0,0,0,0,0,0,1,0.0,0.16745103625989977,0.0,0.20301849901070643,0.3206970606305344,0.03135274957387032,0.3416666665527777,0.7622096150548956,0.44394415265569553,0.04290488670929856,1,0.1486928539134558,120
SNE_12333439.jpg,1,,0,0,0,1,0,0,0,0.19999999996,0.7342012418410633,0.0033223584391181954,0.14621381098966021,0.29117346112596215,0.11853237605578773,0.22851562492382813,0.6807505173140289,0.4151046608147719,0.0,2,0.3056480093498233,256
SNE_12333487.jpg,1,,0,0,0,1,0,0,0,0.39999999992,0.9107004216421009,0.38140755111777236,0.18073911567553286,0.2163252680446674,0.45079582499697557,0.18313953482267445,0.5558248784462587,0.5641513458920377,0.0,3,0.9483928372816206,172
SNE_12333493.jpg,1,,0,0,0,1,0,0,0,0.19999999996,0.8522339691057725,0.02834298347711311,0.14861126738873223,0.28527362510163917,0.13896161551751837,0.21365638759397942,0.7136132883709825,0.4189398956568547,0.0,2,0.34818307193943526,227
SNE_12333495.jpg,1,,0,0,0,1,0,0,0,0.0,0.835974324704142,0.26554827004863335,0.19012645112208318,0.29268953477703763,0.31310575241255106,0.2533783782939189,0.4709604975343449,0.5575468105617252,0.0,1,0.751432059348225,148
SNE_12333509.jpg,1,,0,0,0,0,0,0,1,0.19999999996,0.4431709609250776,0.175735474189216,0.22123147795644257,0.2631721948255567,0.26656263295146615,0.25757575748989897,0.4593469033279737,0.5387018357156994,0.0,2,0.5987503062974027,99
SNE_12333519.jpg,1,,0,0,0,0,0,0,1,0.19999999996,0.5886918574807107,0.0,0.18527975652951767,0.32501692815645467,0.1344770521549566,0.2097222221523148,0.8164994841909239,0.5015754122751936,0.0,2,0.2628772317901618,180
SNE_12335385.jpg,1,,0,0,0,1,0,0,0,0.59999999988,0.8093505031459967,0.0,0.17851902679954212,0.30420294474556897,0.15522051606345477,0.30412371123883164,0.5843851564414212,0.4932712978547552,0.0,4,0.22785875200173095,291
SNE_12335387.jpg,1,,0,0,0,1,0,0,0,0.0,0.40078528765215815,1.0,0.13685802731585148,0.27274009429677526,0.8744829549739274,0.1456043955558608,0.5769541654723085,0.5228166878342643,0.0,1,6.43515292295531,91
SNE_12335393.jpg,1,,0,0,0,1,0,0,0,0.19999999996,0.780893041873053,0.34182927958771064,0.17815614975035132,0.18035354443688617,0.4323549257160243,0.21739130427536232,0.47814552980737446,0.5578434510110556,0.0,2,0.8811097756409374,184
SNE_12335485.jpg,1,,0,0,0,1,0,0,0,0.19999999996,0.681736511705304,0.011523117751528051,0.2161767483927953,0.22297965769095646,0.18059130531975098,0.26676829259400403,0.060891932144433225,0.5305608805952227,0.0,2,0.3195893001891208,164
SNE_12336029.jpg,1,,0,0,1,0,0,0,0,0.19999999996,0.24189681170849284,0.0,0.2066845283776847,0.28116217345803796,0.049681765632113246,0.2532467531623377,0.7260444412462201,0.45647611564480156,0.0,2,0.15241100732137966,154
SNE_12336048.jpg,1,,0,0,1,0,0,0,0,0.79999999984,0.853497117412633,0.0,0.19458773644538366,0.47941829733004704,0.04780674907175619,0.14858490561084903,0.7288253018646693,0.43549068558476595,0.0,5,0.26435746948474187,106
SNE_12336067.jpg,1,,0,0,0,1,0,0,0,0.0,0.31839408371534755,0.019227944330974887,0.19211617739291123,0.4538796535690923,0.13885074348336793,0.26775147920069037,0.6655991081788271,0.5417958760528089,0.0,1,0.33268750538188524,169
SNE_12336073.jpg,1,,0,0,1,0,0,0,0,0.19999999996,0.6439996855610787,0.17104191063955834,0.18724463855044188,0.2851494361215648,0.05089746741087853,0.18229166660590276,0.817106161160019,0.5292142593195114,0.0,2,0.5907712482582911,48
SNE_12336077.jpg,1,,0,0,0,1,0,0,0,0.59999999988,0.8084006708629577,0.0,0.18632766191038322,0.40011560386637945,0.09005358324982853,0.27209302316511624,0.6540071495886739,0.44065233593924913,0.04227843150111391,4,0.18102035154968904,215
SNE_12336080.jpg,1,,0,0,1,0,0,0,0,0.59999999988,0.7363553966749696,0.2555652538644796,0.1779815122723429,0.3417212242299482,0.22863087985207425,0.16747572809951458,0.8668304552147534,0.5289630451027187,0.0,4,0.7344609318251806,103
SNE_12336090.jpg,1,,0,0,1,0,0,0,0,0.79999999984,0.9743937366631918,0.19794515884350608,0.19689499950786565,0.23678008716419882,0.21530497806170612,0.07989690718986256,0.7739743155609135,0.49778629130714347,0.0,5,0.6365067702319055,97
SNE_12336103.jpg,1,,0,0,1,0,0,0,0,0.39999999992,0.6211393994831699,0.0,0.19065439412909937,0.3068431542716328,0.025615383731044387,0.1829268292073171,0.7932325108158635,0.40842181129661503,0.0,3,0.22166219450285657,82
SNE_12336113.jpg,1,,0,0,1,0,0,0,0,0.59999999988,0.5840354560255703,0.0,0.1577749224262981,0.5982821878503348,0.024375218183137662,0.21666666659444442,0.8209568018367905,0.38834652654767043,0.046296192460023255,4,0.256451702803627,105
SNE_12336119.jpg,1,,0,0,1,0,0,0,0,0.59999999988,0.8098926765577394,0.4254393252358309,0.16831183549203713,0.37468399190812013,0.21099949973751536,0.09935897432585472,0.8572098339407302,0.5153513923323366,0.0,4,1.023246853326352,78
SNE_12336143.jpg,1,,0,0,1,0,0,0,0,0.0,0.16576013281231822,0.027654715595879505,0.2009028333460786,0.4487110167064565,0.0640416194156763,0.26602564093696585,0.7611499074851296,0.5005155302577783,0.0,1,0.34701301654064987,78
SNE_12336175.jpg,1,,0,0,0,1,0,0,0,0.19999999996,0.6867665544366879,0.07047180739124521,0.1775666004215455,0.26080006233165653,0.14514837180342763,0.24999999991666666,0.5117133414192772,0.5315436429361701,0.0,2,0.41980207263558866,161
SNE_12355248.jpg,1,,0,0,0,0,0,1,0,0.19999999996,0.26461222499724124,0.0785535209119036,0.17256451956981453,0.5415360821442963,0.07397247821596985,0.3942307690993589,0.7187994325240163,0.4519566859104902,0.0,2,0.4335409856287896,78
SNE_12355266.jpg,1,,0,0,0,0,0,1,0,0.39999999992,0.4568037247686025,0.0,0.15465601720411856,0.42637540165617377,0.040366741608087724,0.4338235292671568,0.7294662093432718,0.39259187131025985,0.29596599635404325,3,0.29532619616809425,102
SNE_12355273.jpg,1,,0,0,0,0,0,1,0,0.59999999988,0.5307644306875342,0.28540134186633725,0.17208401087063538,0.4238788290007659,0.0995275330448389,0.3262711863319209,0.7494922058047389,0.5132891410773461,0.0,4,0.7851822814581747,59
SNE_12355285.jpg,1,,0,0,0,0,0,1,0,0.19999999996,0.2909701936648964,0.36369686839234655,0.19089176412601228,0.44398005977508803,0.10175634642226122,0.32142857132142855,0.8027383156596234,0.5337393291762248,0.0,2,0.918284676630686,42
SNE_12355309.jpg,1,,0,0,0,0,0,1,0,0.39999999992,0.5271623074401426,0.5273655240681281,0.20280781975321405,0.39829804627107274,0.1893768807732508,0.2282608694891304,0.7400715815664536,0.5482038587903998,0.0,3,1.1965213914431834,46
SNE_12355314.jpg,1,,0,0,0,0,0,1,0,0.19999999996,0.2568985647338831,0.6575864046042441,0.2149420638274809,0.4910145715973126,0.14460236436800525,0.25757575748989897,0.6930383807480607,0.5652136788143787,0.0,2,1.4178968884848016,33
SNE_12355319.jpg,1,,0,0,0,0,0,1,0,0.19999999996,0.1759032277696051,0.09677254441855106,0.20279299553838973,0.4894887294942736,0.04266024271930433,0.42999999985666665,0.6607425462828977,0.4871973538284245,1.0,2,0.4645133256083093,50
SNE_12355327.jpg,1,,0,0,0,0,0,1,0,0.39999999992,0.3961839613792183,0.610357911194726,0.19388245454352462,0.43045414565300916,0.20050030767594126,0.20588235287254902,0.8413160989824209,0.5511860186335671,0.0,3,1.3376084496413922,51
SNE_12355342.jpg,1,,0,0,0,0,0,1,0,0.39999999992,0.39628589490924804,0.050021678461277336,0.1997824777641051,0.5140931808085496,0.07267353040129264,0.3184931505787671,0.7868645711005485,0.444609436322876,0.2977366081232994,3,0.38503685343419314,73
SNE_12355353.jpg,1,,0,0,0,0,0,1,0,0.19999999996,0.33146390083807264,0.7227434985093552,0.19091471274941962,0.384188077538782,0.2566688969156843,0.204081632585034,0.7641016364059443,0.5459261219538435,0.0,2,1.5286639481886473,49
SNE_12355362.jpg,1,,0,0,0,0,0,1,0,0.0,0.16111180659039598,0.6036786392421732,0.187792762257609,0.45337781293083645,0.0819230967989978,0.4807692306089744,0.8286815187635369,0.5410239813664667,0.0,1,1.3262536873153732,26
SNE_12355373.jpg,1,,0,0,0,0,0,1,0,0.39999999992,0.260746181496444,0.035564986787605085,0.18365792325332023,0.4434897456070026,0.03735231392969437,0.30833333323055556,0.755332869979398,0.3946210973900053,0.7395490108645908,3,0.3604604775744936,60
SNE_12355374.jpg,1,,0,0,0,0,0,1,0,0.19999999996,0.25296289160900465,0.02580081536046826,0.17805504854594514,0.45994662170631107,0.06982803542722252,0.39893617007978716,0.8201748556813966,0.4405634176105395,0.9570956968096304,2,0.34386138613859685,94
SNE_12355578.jpg,1,,0,1,0,0,0,0,0,0.19999999996,0.20782885706615845,0.29228167042202985,0.17127524430676674,0.37957660617882166,0.19312905016456072,0.21381578940241228,0.8176010300033723,0.5125808615184246,0.0,2,0.7968788400097324,76
SNE_12355580.jpg,1,,0,1,0,0,0,0,0,0.0,0.15431254376061204,0.0,0.17031281488507702,0.3729772389112648,0.08471317242499218,0.339285714172619,0.667125775672885,0.5030928499770128,0.0,1,0.22374351848713106,154
SNE_12355584.jpg,1,,0,1,0,0,0,0,0,0.0,0.11655716256208601,0.01357424437169565,0.16761178839044188,0.4623095029056133,0.12772133174328615,0.34228187908053687,0.6953476357141054,0.5176842092106135,0.0,1,0.32307621544545684,149
SNE_12355587.jpg,1,,0,1,0,0,0,0,0,0.19999999996,0.6320443575472893,0.029492710963325727,0.1578868079561663,0.07418473982392604,0.11981035984115183,0.35833333321388894,0.6089700178963899,0.46047748231927776,0.0,2,0.35013760866714644,150
SNE_12355590.jpg,1,,0,1,0,0,0,0,0,0.0,0.13248521105109884,0.30446419082391285,0.20054350406984345,0.5078687114142904,0.22844981779965112,0.29870129860173156,0.6594421258219063,0.5377658230705771,0.0,1,0.8175891247051161,77
SNE_12355591.jpg,1,,0,1,0,0,0,0,0,0.19999999996,0.2599495635281746,0.8206249396721269,0.18882504924126917,0.5390476357707072,0.3043378929185351,0.1899999999366667,0.6955441373876853,0.4901575326457168,0.0,2,1.6950623982632407,50
SNE_12355593.jpg,1,,0,1,0,0,0,0,0,0.19999999996,0.2293505513279996,0.0,0.19122371298206772,0.5538326415355543,0.062032373175617245,0.42985611496462833,0.7302529936467396,0.4378246762141257,0.0,2,0.18149901257013318,139
SNE_12355597.jpg,1,,0,1,0,0,0,0,0,0.19999999996,0.19662304625275748,0.21666615081472615,0.21347466202664492,0.6056508589781169,0.1930839723870906,0.18661971824765258,0.7689262610450965,0.5353314460363352,0.0,2,0.6683324566017006,71
SNE_12355600.jpg,1,,0,1,0,0,0,0,0,0.0,0.23189706652389058,0.21229084905617646,0.22473014123354842,0.5085677270525962,0.09002290394590737,0.08333333330555555,0.785173417721143,0.5087602575032818,0.0,1,0.6608944436077908,36
SNE_12355601.jpg,1,,0,1,0,0,0,0,0,0.19999999996,0.3157850342665134,0.3854124791157357,0.17892184635911196,0.40263853535558347,0.1911441473423564,0.31967213104098363,0.7462184320937783,0.5342279511119744,0.0,2,0.9552012148821631,61
SNE_12355604.jpg,1,,0,1,0,0,0,0,0,0.19999999996,0.5368616511488151,0.22745727491100778,0.17739764593917737,0.4227313137742995,0.21207513161544114,0.2180851063102837,0.7635730641060287,0.5193842106759113,0.0,2,0.6866773675761705,94
SNE_12355605.jpg,1,,0,1,0,0,0,0,0,0.19999999996,0.6646397019391999,0.0,0.15434691423475713,0.12520779706916296,0.131410809868641,0.3353909463902606,0.6117096681064169,0.5074495972618607,0.0,2,0.24117884072986126,243
SNE_12355606.jpg,1,,0,1,0,0,0,0,0,0.19999999996,0.2210452939363177,0.24720270273084266,0.18290993473424363,0.4659086329402513,0.11690670220022449,0.12711864402542375,0.8142646675430644,0.50833177432998,0.0,2,0.7202445948896352,59
SNE_12355607.jpg,1,,0,1,0,0,0,0,0,0.19999999996,0.2892217842726268,0.004095939242254733,0.1994806187921724,0.07480513731509289,0.0884360206360696,0.41052631565263153,0.6082226360672935,0.46212880312198285,0.0,2,0.306963096715929,95
SNE_12355608.jpg,1,,0,1,0,0,0,0,0,0.0,0.24555788383656207,0.30259634398308266,0.17454490632644204,0.42833858668608293,0.27520512768834826,0.28271028027959505,0.7582413049659382,0.5244227697359691,0.0,1,0.8144137850738369,107
SNE_12355612.jpg,1,,0,1,0,0,0,0,0,0.0,0.2664086215592451,0.15753011081715154,0.17575238347666944,0.2321958470352789,0.15046936626479596,0.3724999998758334,0.5067033189610884,0.515640422866355,0.0,1,0.5678011885466877,100
SNE_12355615.jpg,1,,0,1,0,0,0,0,0,0.19999999996,0.24022045920808438,0.2765598342158567,0.16450714242285325,0.438296010054959,0.2244053212468245,0.2083333332638889,0.7804730166913083,0.5139021513841118,0.0,2,0.7701517184435163,102
SNE_12355617.jpg,1,,0,1,0,0,0,0,0,0.19999999996,0.4546956523506598,0.0,0.19651882961634853,0.40012208628470486,0.060570420459813236,0.48376623360497834,0.6736671641994775,0.43210775171218324,0.0,2,0.15027932960893436,154
SNE_12355619.jpg,1,,0,1,0,0,0,0,0,0.0,0.2498965873183684,0.5248048454873505,0.1873559027191265,0.4730935176964337,0.32903324292814107,0.2749999999083333,0.6532339044670346,0.5384264564386719,0.0,1,1.1921682378533007,80
SNE_12355623.jpg,1,,0,1,0,0,0,0,0,0.0,0.23435856165206378,0.7610896205856627,0.1870246518423929,0.4461040881763254,0.318667037863348,0.12053571424553569,0.7198260690472014,0.514880766722665,0.0,1,1.5938523557567161,56
SNE_12355625.jpg,1,,0,1,0,0,0,0,0,0.0,0.15467567252172892,0.0,0.14047440446088477,0.16278236547274488,0.07496149624427942,0.4070796458820059,0.6217361018505101,0.4234480585458495,0.0,1,0.19718098343773713,226
SNE_12355630.jpg,1,,0,1,0,0,0,0,0,0.0,0.1529297692964235,0.0,0.18119681227144885,0.46641723951601133,0.07446300285106179,0.3599290778942081,0.6941460998483135,0.471187343124245,0.01142889748990237,1,0.22825826340125951,141
SNE_12355631.jpg,1,,0,1,0,0,0,0,0,0.19999999996,0.5000770228821818,0.009912847688060817,0.19529519117691993,0.2788301738520303,0.10810124023285408,0.41428571414761906,0.6833504657891436,0.5451159829014413,0.0,2,0.3168518410796162,105
SNE_12355632.jpg,1,,0,1,1,0,0,0,0,0.0,0.11947518735701125,0.0,0.17610721469399485,0.3747442362237648,0.05193769292166569,0.44961240295090443,0.7552906381592392,0.45751451668592047,0.0039756858349466245,1,0.19362986692951598,129
SNE_12355636.jpg,1,,0,1,0,0,0,0,0,0.0,0.2156211413650508,0.015227813963064675,0.17271043766155914,0.17196034743118652,0.14214374887289682,0.3087349396561245,0.6091971701661772,0.5188044633403363,0.0,1,0.32588728375243775,166
SNE_12355645.jpg,1,,0,1,0,0,0,0,0,0.0,0.17823894072555185,0.1715537117722058,0.1830507509355165,0.4481432177332678,0.17110208847038294,0.2631578946491228,0.7710943976163336,0.5124468550889592,0.0,1,0.5916413101843035,95
SNE_12355646.jpg,1,,0,1,0,0,0,0,0,0.0,0.7333121262641308,0.0,0.15894450940731694,0.1819671322678429,0.17040887267263097,0.29765886277703457,0.5460695184856552,0.5131517068269053,0.0,1,0.24749135438516223,299
SNE_12355653.jpg,1,,0,1,0,0,0,0,0,0.19999999996,0.39890901942145984,0.41484603279565185,0.19262108123641392,0.37141997262843873,0.2942139057695466,0.19230769224358973,0.6850384089234114,0.5386967991070416,0.0,2,1.0052382561674542,78
SNE_12355654.jpg,1,,0,1,0,0,0,0,0,0.19999999996,0.48308074970050446,0.5699164032087343,0.1996945696049457,0.3421939171232862,0.36428918110923597,0.1791044775522388,0.5615873735979497,0.5343577998910881,0.0,2,1.2688578860247648,67
SNE_12355658.jpg,1,,0,1,0,0,0,0,0,0.39999999992,0.31210064688431827,0.2343167795334834,0.1981918325839169,0.43834015614440247,0.23088484446715188,0.24999999991666666,0.7513780606892633,0.5307092366558498,0.0,3,0.6983385254412385,83
SNE_12355659.jpg,1,,0,1,0,0,0,0,0,0.19999999996,0.28348733763343364,0.2732962149769161,0.2013521002637376,0.29496901429462186,0.23726550753864795,0.29934210516337717,0.683138042890487,0.5401096009230977,0.0,2,0.7646035657340535,76
SNE_12355661.jpg,1,,0,1,0,0,0,0,0,0.0,0.12267249143185269,0.22210953333785804,0.19846475248037884,0.4541098348364915,0.14830178892649837,0.33467741924327954,0.4712848692844406,0.45555760787329674,0.0,1,0.6775862068964682,62
SNE_12355664.jpg,1,,0,1,0,0,0,0,0,0.19999999996,0.4284722653486266,0.46502972566766904,0.17628070633820372,0.4358572471279757,0.20252562379047553,0.14406779656214688,0.7785651370032067,0.48081211277757624,0.0,2,1.0905505341000672,59
SNE_12355665.jpg,1,,0,1,1,0,0,0,0,0.0,0.10777676778356568,0.006706151296641888,0.1802845876853788,0.5666417111055985,0.09253553323754266,0.3198198197132132,0.7283502330807108,0.48480080219485266,0.0,1,0.31140045721099735,111
SNE_12355666.jpg,1,,0,1,0,0,0,0,0,0.19999999996,0.22996066972851975,0.22378223985615034,0.17359023531188753,0.44349889733308556,0.2851195743400754,0.2325581394573643,0.6684506258759024,0.5363262557734627,0.0,2,0.6804298079792378,129
SNE_12355669.jpg,1,,0,1,0,0,0,0,0,0.19999999996,0.5081633940316657,0.3616680190643674,0.20207675634731093,0.18877236582508056,0.27009654943634903,0.27083333324305553,0.6046463756880553,0.5351700833000981,0.0,2,0.9148356327710926,72
SNE_12355670.jpg,1,,0,1,0,0,0,0,0,0.19999999996,0.14905058291522602,0.06832507780329412,0.19470658510813377,0.43939344124056234,0.14367039386959787,0.3557692306506411,0.5615599423145909,0.5202636783345275,0.0,2,0.4161526323339251,104
SNE_12355671.jpg,1,,0,1,0,0,0,0,0,0.19999999996,0.34435831681956475,0.40724510926230667,0.18751364550721217,0.4821865419058322,0.19791126383169882,0.22807017536257307,0.7013718714124262,0.5215051174067638,0.0,2,0.9923166861531664,57
SNE_12355672.jpg,1,,0,1,0,0,0,0,0,0.19999999996,0.34787928209035024,0.0,0.1862033853489588,0.2645632264446457,0.11916675023503379,0.3472972971815316,0.629868593173066,0.49411013621685695,0.0,2,0.21744653821722712,185
SNE_12355673.jpg,1,,0,1,0,0,0,0,0,0.19999999996,0.4683659522081308,0.3463090267923503,0.18447888718819963,0.3572782100899541,0.19913855874796568,0.17692307686410252,0.710642694162154,0.5181162480562992,0.0,2,0.8887253458933045,65
SNE_12355684.jpg,1,,0,1,0,0,0,0,0,0.19999999996,0.397719141417457,0.014738734543648463,0.14336385355622835,0.266026979658884,0.09817279624645114,0.39971751399105465,0.6697707925043161,0.4365083908347449,0.0,2,0.3250558487389411,177
SNE_12355689.jpg,1,,0,1,0,0,0,0,0,0.59999999988,0.5175887478351114,0.032361006861347796,0.1853959812394192,0.25780319037298605,0.12621663851808032,0.30921052621271927,0.6690612918389403,0.4940175342150055,0.0,4,0.35501371169665225,114
SNE_12355690.jpg,1,,0,1,0,0,0,0,0,0.19999999996,0.7365728044870536,0.32758732216133135,0.17546002798534024,0.3277451022073075,0.23680029839482322,0.280555555462037,0.71318977018688,0.5393442619372464,0.0,2,0.8568984480018506,90
SNE_12355694.jpg,1,,0,1,0,0,0,0,0,0.39999999992,0.5508609062735885,0.12407536962960727,0.201381584971486,0.34334415132154616,0.2443138954064749,0.23648648640765765,0.7798224906570741,0.5265681131470207,0.0,3,0.5109281284944077,111
SNE_12355704.jpg,1,,0,1,0,0,0,0,0,0.0,0.19224014846166337,0.3578693157400787,0.2006190270913572,0.44466421704425463,0.276754971478748,0.21999999992666663,0.7258481354071953,0.5362999378426089,0.0,1,0.9083778371160032,75
SNE_12355707.jpg,1,,0,1,0,0,0,0,0,0.19999999996,0.2884007711575085,0.17560491522963873,0.17549638179335597,0.32011922950175825,0.18115011143380808,0.30303030292929295,0.801662230191092,0.5399151333291741,0.0,2,0.5985283560659908,99
SNE_12355710.jpg,1,,0,1,0,0,0,0,0,0.59999999988,0.41107451316298305,0.0,0.21870195769628112,0.391463273661077,0.09961055479007744,0.33266129021169355,0.5238161903575735,0.4684193740915497,0.0,4,0.21423905943826563,124
SNE_12355712.jpg,1,,0,1,0,0,0,0,0,0.0,0.12801820948420178,0.5370560548371747,0.15924387510928142,0.46148026327082003,0.28295765976598153,0.24702380944146826,0.7814328229961016,0.5283494079124538,0.0,1,1.212995293760253,84
SNE_12355714.jpg,1,,0,1,0,0,0,0,0,0.0,0.2675614874527914,0.42455011322064806,0.19946040146831429,0.4343825467156538,0.304855146306125,0.24666666658444444,0.5549190702444544,0.533605409751843,0.0,1,1.0217351928996519,75
SNE_12355718.jpg,1,,0,0,1,0,0,0,0,0.19999999996,0.14311121144408573,0.0,0.19227035453427485,0.3740229492403722,0.0605888209302353,0.4359504130778237,0.6248182364573891,0.44365227165321064,0.05470061084795473,2,0.19826482719384872,121
SNE_12355719.jpg,1,,0,1,0,0,0,0,0,0.19999999996,0.5893365071771148,0.382297261187248,0.18060399743560407,0.34789775943632545,0.3689115755039282,0.24545454537272726,0.7870659401726503,0.5399725396854582,0.0,2,0.9499053444006188,110
SNE_12355720.jpg,1,,0,1,0,0,0,0,0,0.39999999992,0.7623986313094773,0.29113313240724104,0.20778258794950347,0.3081340402969052,0.259176347315834,0.2852564101613248,0.5860613482440653,0.5380785029645808,0.0,3,0.7949263253834429,78
SNE_12355723.jpg,1,,0,1,0,0,0,0,0,0.0,0.22608919097212032,0.013211249772338408,0.15525387517224357,0.3841415865795871,0.08534005407727603,0.45370370355246914,0.5534539667042402,0.48773631768236875,0.0,1,0.32245912462618653,135
SNE_12355728.jpg,1,,0,1,1,0,0,0,0,0.19999999996,0.5099459252990709,0.0,0.20644604344770928,0.23664952100896802,0.0698225599960954,0.3528225805275538,0.6881473678265888,0.4327927453748514,0.0,2,0.2050810567397101,124
SNE_12355731.jpg,1,,0,1,0,0,0,0,0,0.59999999988,0.5178838434908384,0.027207688956377832,0.20257912219970473,0.4350291926171187,0.09284882967955542,0.4166666665277778,0.6980432345177467,0.5077928870486047,0.0,4,0.34625307125305,90
SNE_12355735.jpg,1,,0,1,0,0,0,0,0,0.0,0.15437220502302662,0.0,0.16455818333591002,0.4667655132134264,0.07748357295515862,0.37310606048169187,0.6715397423430101,0.48361617531019035,0.023730506232390605,1,0.27283964490391155,132
SNE_12355741.jpg,1,,0,1,0,0,0,0,0,0.39999999992,0.3009566325188863,0.3522661521552823,0.19102779671579986,0.4754522103001757,0.24935289036671074,0.2714285713380952,0.790429648237007,0.5306131648274035,0.0,3,0.898852459016246,70
SNE_12355742.jpg,1,,0,1,0,0,0,0,0,0.19999999996,0.2969315630732765,0.3235954369483284,0.20357947266878898,0.3862678292796899,0.2063910423113994,0.17982456134356725,0.6922657054274579,0.5121013889166546,0.0,2,0.8501122431357536,57
SNE_12355744.jpg,1,,0,1,0,0,0,0,0,0.39999999992,0.6093319674845447,0.5230439439580113,0.17247012683307278,0.2886505628317183,0.33284443684534254,0.24695121942987808,0.6149447466038673,0.536292393323351,0.0,3,1.1891747052516632,82
SNE_123667.jpg,1,,0,0,0,1,0,0,0,0.39999999992,0.8168916572209242,0.01691766067912383,0.15673010255738068,0.2324694672659487,0.12548681682297416,0.31081081070720723,0.6414221552989308,0.4264019354858664,0.0,3,0.32876002317142816,222
SNE_123680.jpg,1,,0,0,0,1,0,0,0,0.39999999992,0.9398130177537531,0.1222054979420469,0.1779025082571802,0.28991715313980354,0.23047148653972907,0.262711864319209,0.5985342617200858,0.5424186238330926,0.0,3,0.5077493466236852,177
SNE_123705.jpg,1,,0,0,0,1,0,0,0,0.59999999988,0.8284614979135465,0.007131878657399886,0.14426004816042248,0.22655991643453155,0.11538439407130226,0.33989726016067345,0.6639293001219283,0.4149977035377616,0.0,4,0.3121241937247117,292
SNE_123736.jpg,1,,0,0,0,1,0,0,0,0.79999999984,0.8955139680868006,0.00547424319084819,0.160897230452529,0.2973102570382321,0.13580971095009975,0.2918287936770428,0.6347546720661625,0.4169280794330019,0.0,5,0.30930621342991615,257
SNE_123755.jpg,1,,0,0,0,1,0,0,0,1.0,0.8343030207607562,0.10082898529438977,0.14009476525897474,0.26465423832889134,0.15353444393394058,0.3007662834246488,0.616799647170344,0.43584708357991847,0.0,7,0.4714092751012916,261
SNE_123756.jpg,1,,0,0,0,1,0,0,0,0.19999999996,0.7974504241855523,0.09303470336637798,0.16898496242271283,0.25625171174978,0.20855461606370423,0.23284313717728755,0.5421847819632446,0.5070460449232241,0.0,2,0.45815899581587727,204
SNE_123787.jpg,1,,0,0,0,1,0,0,0,0.59999999988,0.8740921380565099,0.05112930279792098,0.15935722357917392,0.3237961997529881,0.16954195392632818,0.27188940083102914,0.5894167917516311,0.4714318502350918,0.0,4,0.38691981480759496,217
SNE_123789.jpg,1,,0,0,0,1,0,0,0,0.59999999988,0.7572050617187795,0.25569937473384,0.2252927330056552,0.4076459571527622,0.30092114813565846,0.23648648640765765,0.3723807198988687,0.5641429173869522,0.0,4,0.7346889373032274,111
SNE_123800.jpg,1,,0,0,0,1,0,0,0,0.19999999996,0.7292721592901001,0.3706175005135711,0.17850841655511132,0.2551331146942237,0.3191935061080459,0.22535211260093896,0.5845709264452572,0.5642261569244768,0.0,2,0.9300497512436885,142
SNE_123802.jpg,1,,0,0,0,1,0,0,0,0.39999999992,0.9548514019901366,0.0,0.21895905718575503,0.3192406226169181,0.14277645823511773,0.282258064422043,0.5465353430155873,0.47502495748890694,0.0,3,0.29428954680462327,155
SNE_123805.jpg,1,,0,0,0,1,0,0,0,0.79999999984,0.8724422190011777,0.6207907214953924,0.1794463923967554,0.234375399160221,0.5536255585772304,0.16715116273498057,0.6744218569120346,0.5813267046513841,0.0,5,1.3553442271629579,172
SNE_12409965.jpg,1,,1,0,0,0,0,0,0,0.39999999992,0.8419981910643822,0.0,0.15346482444182527,0.15539058583308588,0.11779049096552947,0.35288461526698717,0.8276963380092042,0.39270588708879545,0.0,3,0.1666832718939881,260
SNE_12409967.jpg,1,,1,0,0,0,0,0,0,0.9999999998,0.9327324963058385,0.20207391800125785,0.16598479916617437,0.3756563188701957,0.3019265225255124,0.17557251902544532,0.8134559948943596,0.4729601184079056,0.0,6,0.6435256608042123,131
SNE_12409969.jpg,1,,1,0,0,0,0,0,0,0.79999999984,0.7541542234167601,0.0,0.154993023069234,0.28769231156455244,0.07769981125792347,0.37834224586319076,0.8242531477702413,0.3924941334768643,0.0,5,0.19275385348799745,187
SNE_12409970.jpg,1,,1,0,0,0,0,0,0,0.39999999992,0.6071869966154037,0.011016845138813937,0.15330747831828612,0.390861094709814,0.1798379955598486,0.23492462303726966,0.8448673366166874,0.4104371916088278,0.0,3,0.3187286367470005,199
SNE_12409972.jpg,1,,1,0,0,0,0,0,0,0.59999999988,0.8896278976417851,0.0,0.17272205456158646,0.35224326576387893,0.15028864831054067,0.178370786457397,0.88690409992496,0.39000866460425826,0.0,4,0.26074337203256537,178
SNE_12409973.jpg,1,,1,0,0,0,0,0,0,0.39999999992,0.5843927145613086,0.0,0.17688853656994982,0.40140794827406256,0.0944261355417529,0.27564102554914527,0.8496086329773411,0.35689220844463887,0.0,3,0.20579595930648353,156
SNE_12409977.jpg,1,,1,0,0,0,0,0,0,0.79999999984,0.8477042352241548,0.0,0.17509575880735065,0.422695207601371,0.06755154314669537,0.37692307679743586,0.7953655490627047,0.34422876321874085,0.019832310382435884,5,0.14026418099208066,195
SNE_12409978.jpg,1,,1,0,0,0,0,0,0,0.39999999992,0.657356708273513,0.0,0.15792239887340245,0.2779915248002145,0.09437201565759902,0.27554744516362534,0.9114271212658686,0.3708331765803318,0.0,3,0.24966360856268094,137
SNE_12409986.jpg,1,,1,0,0,0,0,0,0,0.59999999988,0.7608867084921866,0.002563951430759145,0.1587161674018338,0.26798051782852694,0.1504060752943815,0.2288961038198052,0.8755756436944792,0.3760873275685465,0.0,4,0.3043587174348545,154
SNE_12409987.jpg,1,,1,0,0,0,0,0,0,0.79999999984,0.7255616629160193,0.0,0.158444327660089,0.27418832346654787,0.09853543035735604,0.26973684201535086,0.9080492435710992,0.3489948823928817,0.0,5,0.18877736122867977,190
SNE_12409989.jpg,1,,1,0,0,0,0,0,0,0.59999999988,0.6623171560176991,0.20402462494435192,0.17370479248907358,0.3855339072736267,0.2931498871184785,0.17543859643274856,0.8796041157103618,0.3887740430240481,0.0,4,0.6468418626094229,114
SNE_12409997.jpg,1,,1,0,0,0,0,0,0,0.59999999988,0.489832309763026,0.056947050631411714,0.16979124680003746,0.34841943411036913,0.25761004450050384,0.23529411756862742,0.9237042413592752,0.424481663729031,0.0,4,0.39680998613034696,170
SNE_12410001.jpg,1,,1,0,0,0,0,0,0,0.39999999992,0.6915820109085018,0.0,0.17942535083822908,0.3850814170896678,0.08380145272184994,0.29338842965427,0.8493944507002306,0.37566709924836317,0.0,3,0.2424696859334058,121
SNE_12410002.jpg,1,,1,0,0,0,0,0,0,0.19999999996,0.3831014329573809,0.0,0.18158942834350705,0.2582080774197921,0.1409342471656997,0.28402366854437866,0.7910240451243248,0.45158242923203823,0.0,2,0.22510445682450272,169
SNE_12410003.jpg,1,,1,0,0,0,0,0,0,0.59999999988,0.6114338119550949,0.12487682611219744,0.16614603852891505,0.2169221999645754,0.22288879515439208,0.1891304347195652,0.8775934585647441,0.4690646981209335,0.0,4,0.5122906045156125,115
SNE_12410011.jpg,1,,1,0,0,0,0,0,0,0.59999999988,0.7653283412941069,0.42619707137561097,0.17828067714728352,0.2740061986420795,0.4264053484454291,0.16847826081340575,0.7936280449158113,0.5102767821202037,0.0,4,1.0245350217647358,92
SNE_12410012.jpg,1,,1,0,0,0,0,0,0,0.59999999988,0.6215596711234512,0.0,0.18884110795994585,0.32853915481152585,0.14762160828462317,0.25699300690734267,0.7807182595977405,0.40768714026380415,0.0,4,0.27666028097061107,143
SNE_12410015.jpg,1,,1,0,0,0,0,0,0,0.39999999992,0.5627053554797963,0.0,0.14160211904809406,0.31579963682875567,0.10287081338853184,0.30448717938568376,0.801064461505984,0.38249562426123485,0.0,3,0.2951136363636252,156
SNE_12410017.jpg,1,,1,0,0,0,0,0,0,0.79999999984,0.7028384822861719,0.0,0.17030776535501285,0.3305669537545721,0.09660042221069894,0.2999999999,0.8125178749498839,0.36192690380505155,0.0,5,0.1705670816044213,205
SNE_12410018.jpg,1,,1,0,0,0,0,0,0,0.59999999988,0.7048447301369918,0.0,0.16363603135065,0.3096529298209121,0.12175061525764412,0.2793478259938406,0.8529994667530661,0.3879331737641053,0.0,4,0.17349966867382602,230
SNE_12410020.jpg,1,,1,0,0,0,0,0,0,0.19999999996,0.3489354608826005,0.06281363977601308,0.17280689166931326,0.3387154278071035,0.16821808994090423,0.23553719000413223,0.8251828020613942,0.4399079305202722,0.0,2,0.40678318768203586,121
SNE_12410023.jpg,1,,1,0,0,0,0,0,0,0.39999999992,0.7268901393946011,0.0,0.16384360202704615,0.3326009042774771,0.09153334572058576,0.3870614033797515,0.8195102938571697,0.36841931394951843,0.0,3,0.15466493668756687,228
SNE_12410024.jpg,1,,0,0,0,0,0,1,0,0.59999999988,0.7172581613318842,0.0,0.16726487214035904,0.25630144751693157,0.07137707281262556,0.3042635657900517,0.8573618254358109,0.3545179746033,0.0,4,0.22063926940638462,129
SNE_12410025.jpg,1,,1,0,0,0,0,0,0,0.59999999988,0.5923535300764611,0.15111793294598116,0.17637300748914367,0.42155395945034246,0.21890747303532399,0.1658653845600961,0.8633716048504531,0.46070315526862116,0.0,4,0.5569004861592859,104
SNE_12410026.jpg,1,,1,0,0,0,0,0,0,0.39999999992,0.6273074582190646,0.0,0.15958270529669363,0.29166136305172186,0.04416581028492258,0.35150375928132827,0.8831849651713497,0.3432500171595519,0.034740121593694016,3,0.1645002489075678,133
SNE_12410027.jpg,1,,1,0,0,0,0,0,0,0.39999999992,0.6608361570426393,0.0,0.1613502234520246,0.3235857659236976,0.1328287889667416,0.2236024843975155,0.8512890821003218,0.37431749157877997,0.0,3,0.27174436419346587,161
SNE_12410029.jpg,1,,1,0,0,0,0,0,0,0.79999999984,0.7599815935734637,0.0,0.181915829188823,0.46994215866331435,0.11285251292860841,0.18076923070897438,0.8650212684785119,0.3762653287799061,0.0,5,0.27059449523531803,130
SNE_12410035.jpg,1,,1,0,0,0,0,0,0,0.59999999988,0.5611421680520521,0.0,0.1657953560953602,0.44623533421968753,0.13167881598736653,0.24449339198898679,0.8789246847537736,0.370854999527199,0.0,4,0.19684674956032838,227
SNE_12410036.jpg,1,,1,0,0,0,0,0,0,0.59999999988,0.9068266554510469,0.0,0.15610532182126363,0.3092968324673063,0.13122314752471567,0.2925101213599865,0.772295943487693,0.3982052463692614,0.0,4,0.1995530915879335,247
SNE_12410037.jpg,1,,1,0,0,0,0,0,0,0.59999999988,0.4488535626673016,0.07760947083170334,0.16334536533738006,0.3583025929959236,0.19708816002835614,0.26618705027098316,0.8465051433698655,0.4750665956048329,0.0,4,0.43193610049150516,139
SNE_12410040.jpg,1,,1,0,0,0,0,0,0,0.39999999992,0.513546602871322,0.09253497311848788,0.17885122058074693,0.29298031349855713,0.25645016327665277,0.20390070915189124,0.8164700740403373,0.5074996514595338,0.0,3,0.45730945439396437,141
SNE_12410042.jpg,1,,1,0,0,0,0,0,0,0.59999999988,0.9418980890927504,0.0,0.1657599767267122,0.250880299872589,0.14973370802582098,0.27051282042264957,0.7813389644684493,0.400272162336248,0.0,4,0.2500985882167265,195
SNE_12410043.jpg,1,,1,0,0,0,0,0,0,0.39999999992,0.7108476506702412,0.0,0.17092584099045718,0.24821735874761564,0.09685406410806749,0.38615023461306724,0.7869967957103825,0.37433054153788126,0.0,3,0.1657199242606031,213
SNE_12410046.jpg,1,,1,0,0,0,0,0,0,0.59999999988,0.7828395633641894,0.0,0.16489856815819498,0.47187955317162666,0.1023951631573828,0.2804878047845529,0.8168568671227415,0.3612235172826193,0.0,4,0.2328388232335848,164
SNE_12410047.jpg,1,,1,0,0,0,0,0,0,0.39999999992,0.41895726509015385,0.16745043028399925,0.17184965923758316,0.47561252706536344,0.22541276048085315,0.16371681410471975,0.7772967402089395,0.4955246655381284,0.0,3,0.5846657316502492,113
SNE_12410049.jpg,1,,1,0,0,0,0,0,0,0.39999999992,0.9306532082678896,0.1428681925578782,0.1704589296995785,0.2615470478121278,0.2835145061475382,0.15441176465441173,0.8457536938447688,0.4873400795596814,0.0,3,0.5428759274912611,136
SNE_12410053.jpg,1,,1,0,0,0,0,0,0,0.59999999988,0.8162489994759731,0.0,0.16650805154018603,0.12594338227578372,0.12879704183763685,0.29081632643367344,0.713061768512322,0.42442678475762163,0.0,4,0.2979551636806914,147
SNE_12410057.jpg,1,,1,0,0,0,0,0,0,0.59999999988,0.5396786349245741,0.0,0.15816105119102616,0.2543179956817827,0.0489737858106397,0.21717171709932662,0.9055550109469912,0.36060232138657633,0.0,4,0.2386022386022293,99
SNE_12410058.jpg,1,,1,0,0,0,0,0,0,0.19999999996,0.37515171890912635,0.0,0.17576375244838321,0.3981151903539428,0.09312220174132246,0.23091603045737916,0.7902188132765661,0.35026520421841373,0.0,2,0.2276763064434201,131
SNE_12410059.jpg,1,,1,0,0,0,0,0,0,0.59999999988,0.7953335015163439,0.13935074136639242,0.14753875477029713,0.4396409355486174,0.262600176983639,0.17467948712126066,0.854992887070934,0.45387443714516074,0.0,4,0.5368962604622178,156
SNE_12410060.jpg,1,,1,0,0,0,0,0,0,0.59999999988,0.7347451864428962,0.006296715460197717,0.16819606046033245,0.3468238661708747,0.11888276924487368,0.22199999992599997,0.9126031614026546,0.3828187713284479,0.0,4,0.3107044162886328,125
SNE_12410061.jpg,1,,1,0,0,0,0,0,0,0.59999999988,0.6694365860922029,0.0,0.1600247016708369,0.195846978350807,0.13781414020094132,0.23499999992166667,0.8894017177033261,0.43055439235673,0.0,4,0.282192309547919,150
SNE_12410062.jpg,1,,1,0,0,0,0,0,0,0.19999999996,0.4990076307794984,0.1504251191882178,0.1947227039445266,0.20660333802774922,0.2904600726583847,0.17307692301923075,0.8174966316306016,0.503761235621013,0.0,2,0.5557227027703954,104
SNE_12410065.jpg,1,,1,0,0,0,0,0,0,0.59999999988,0.7680205297773304,0.11479199112514005,0.16102676310048067,0.3644634273785236,0.19873458591591084,0.1829268292073171,0.8877016456935712,0.4031951865985262,0.0,4,0.49514638502753006,123
SNE_12410071.jpg,1,,1,0,0,0,0,0,0,0.0,0.2137633273242355,0.0,0.14001720180252497,0.34754161854362453,0.08802216762585166,0.3649732619104277,0.8813512205542849,0.3590934166001803,0.0,1,0.209163403549884,187
SNE_12410072.jpg,1,,1,0,0,0,0,0,0,0.39999999992,0.6010740776268084,0.0630122590277073,0.15662802724905478,0.3580213718963272,0.20560979725886422,0.1874999999375,0.8389179517878409,0.4190114817009885,0.0,3,0.40712084041011465,156
SNE_12410075.jpg,1,,1,0,0,0,0,0,0,0.39999999992,0.6380196252331796,0.0,0.15594809192316264,0.1946116176003141,0.0759777924796361,0.35814606729634835,0.8438195929678023,0.356294361049473,0.0,3,0.17330185052989477,178
SNE_12410076.jpg,1,,1,0,0,0,0,0,0,0.59999999988,0.745426792974204,0.14256519812330737,0.1523810275165295,0.4075887021718919,0.26112161569341596,0.1937086092069536,0.8378918109995944,0.47368438670505203,0.0,4,0.5423608369521877,151
SNE_12410079.jpg,1,,1,0,0,0,0,0,0,0.59999999988,0.9026930884241615,0.05609902324291962,0.17216630619949136,0.2237976263965682,0.16296029712512697,0.20669291331692913,0.8119915854106008,0.4218543727439572,0.0,4,0.39536833956906237,127
SNE_12410080.jpg,1,,1,0,0,0,0,0,0,0.79999999984,0.6025100003516639,0.0932227435880548,0.1698874508235983,0.3796567195597707,0.2617908407079862,0.21583850924482403,0.8478275852020981,0.5130446836468994,0.0,5,0.4584786641929159,161
SNE_12410083.jpg,1,,1,0,0,0,0,0,0,0.39999999992,0.5792051300036642,0.0,0.16625307887798912,0.3147322491656831,0.18336767183543679,0.23908730150760577,0.8492716327837907,0.4212794509809481,0.0,3,0.22829181494661108,252
SNE_12410085.jpg,1,,1,0,0,0,0,0,0,0.39999999992,0.48248326548863746,0.0,0.17249771690233612,0.33056956795770576,0.13394641479079156,0.2877777776818518,0.7844853212379388,0.38884987503679347,0.0,3,0.18960138648179645,225
SNE_12410088.jpg,1,,1,0,0,0,0,0,0,0.59999999988,0.7393042024690921,0.0,0.15842342090899714,0.3510903119499873,0.1266768375988466,0.2987288134597457,0.8933157171912526,0.381104569858017,0.0,4,0.19696269777109954,236
SNE_12410090.jpg,1,,1,0,0,0,0,0,0,0.79999999984,0.81249999921875,0.07045919311711776,0.1551394550046877,0.3469288265963749,0.19524596952317816,0.21381578940241228,0.8218681041781861,0.4472694371196874,0.0,5,0.41978062836955937,152
SNE_12410091.jpg,1,,1,0,0,0,0,0,0,0.59999999988,0.6769188298561823,0.0,0.17971277140793201,0.33155632449185224,0.10719561394419218,0.3257575756489899,0.8402298237058526,0.3990379621596393,0.0,4,0.24542191957300794,132
SNE_12410096.jpg,1,,1,0,0,0,0,0,0,0.19999999996,0.3248954833812209,0.15614413295400614,0.17439011543786734,0.3877401848879112,0.2463228603600613,0.1478260869072464,0.8522019948944669,0.47706823718720087,0.0,2,0.5654450261779546,115
SNE_12410098.jpg,1,,1,0,0,0,0,0,0,0.59999999988,0.86149878550402,3.917751328072779e-05,0.1663765343327065,0.29767677323583347,0.13746659798427588,0.2375886524030733,0.8640027003732024,0.3982282678403068,0.0,4,0.3000666017726164,141
SNE_12410100.jpg,1,,1,0,0,0,0,0,0,0.39999999992,0.5855084747756917,0.0386179222442758,0.17024343526059313,0.40549878374198167,0.2365005480564528,0.2431318680508242,0.816580615723725,0.4825300033195677,0.0,3,0.3656504678538868,182
SNE_12410103.jpg,1,,1,0,0,0,0,0,0,0.59999999988,0.7088202361567575,0.05981056504272094,0.16925140596107943,0.3738703010815889,0.20381786991915352,0.2599337747477925,0.7779583091525923,0.45701183704161596,0.0,4,0.40167796063243616,151
SNE_12410104.jpg,1,,1,0,0,0,0,0,0,0.79999999984,0.6835740857743762,0.0,0.15888265984457878,0.2627764242582917,0.13382973871460918,0.2547393364079779,0.8291448488194486,0.3749919010681647,0.0,5,0.208771281775741,211
SNE_12410105.jpg,1,,1,0,0,0,0,0,0,0.59999999988,0.8601376350006507,0.0,0.16050763948047606,0.28497898286343043,0.1753802500153479,0.23989898981902358,0.8231651297508353,0.40980520302007756,0.0,4,0.2693418519166695,198
SNE_12410107.jpg,1,,1,0,0,0,0,0,0,0.39999999992,0.7872562606479042,0.0,0.17625121974332592,0.353657251748141,0.13224148738289793,0.27030456843781725,0.8251293819947157,0.3816345570471188,0.0,3,0.20037800442193138,197
SNE_12410108.jpg,1,,1,0,0,0,0,0,0,0.59999999988,0.7521146291078378,0.20506775091579396,0.1780486276666341,0.33136897069810833,0.2940186538837147,0.17094017088319086,0.8508083825772916,0.49667792906270747,0.0,4,0.6486151767619175,117
SNE_12410109.jpg,1,,1,0,0,0,0,0,0,0.39999999992,0.3843978148795133,0.13048014515619766,0.17584748118539906,0.25968810491128386,0.2017512742201847,0.19724770635626906,0.8866439647183211,0.4604161401887803,0.0,3,0.5218162468960161,109
SNE_12410111.jpg,1,,1,0,0,0,0,0,0,0.59999999988,0.7261720703137404,0.2881318003395321,0.1603969373281888,0.5471337398554874,0.3790825136409328,0.19927536225241546,0.8515979899129175,0.46009022857023546,0.0,4,0.7898240608653364,138
SNE_12410112.jpg,1,,1,0,0,0,0,0,0,0.59999999988,0.8722798652268726,0.0,0.1603625284301099,0.2897970741649857,0.1674515998025332,0.2633744855089163,0.8736262005525433,0.39597760672527255,0.0044603523634336685,4,0.21806167400880305,243
SNE_12410115.jpg,1,,1,0,0,0,0,0,0,0.59999999988,0.6045351605617627,0.0,0.18189402705201363,0.3372958314391703,0.12567291626835125,0.2739726026484018,0.8104250890330901,0.3963498129404844,0.0,4,0.2505568962316572,146
SNE_12410117.jpg,1,,1,0,0,0,0,0,0,0.39999999992,0.5271803905132628,0.1508897998405816,0.15739759642622564,0.3268925698228858,0.23587355229115642,0.1746031745449735,0.8770283866868389,0.48363228073800346,0.0,3,0.5565126598798785,126
SNE_12410118.jpg,1,,1,0,0,0,0,0,0,0.79999999984,0.7606166020355986,0.0,0.164128949124936,0.43000353604808095,0.16268793647731244,0.23671497576650563,0.8171251647287823,0.3780750429616523,0.0,5,0.24463417526383474,207
SNE_12410119.jpg,1,,1,0,0,0,0,0,0,0.39999999992,0.5847141923904562,0.0,0.15861554703379122,0.3794203838899728,0.14240338802651448,0.27777777768518513,0.880559836669808,0.37860459512855554,0.0,3,0.19322392800422938,252
SNE_12410120.jpg,1,,1,0,0,0,0,0,0,0.39999999992,0.9059798260743877,0.08015217005622961,0.14624566553480517,0.3429308065642547,0.24789630478849675,0.2269021738374094,0.8645733677750634,0.39501146847559415,0.0,3,0.4362586891757425,184
SNE_12435712.jpg,1,,0,1,0,0,0,0,0,0.39999999992,0.6041238303171743,0.0,0.19027890299712757,0.32083298986695025,0.06578022275492079,0.34374999988541666,0.6073656048115426,0.3965877704825095,0.0,3,0.2846027654089391,96
SNE_12435869.jpg,1,,0,0,0,1,0,0,0,0.59999999988,0.7958279711499678,0.0,0.1849611077318273,0.40970697399686196,0.14532152212180718,0.3104838708642473,0.4853170595743961,0.5083444009132466,0.0,4,0.2377688131274762,248
SNE_12435880.jpg,1,,0,0,0,1,0,0,0,0.39999999992,0.7260344058958057,0.49485928744367713,0.14007456402649207,0.27871466122676,0.26171393338442406,0.264516128944086,0.6728199978157816,0.47539967698463326,0.0,3,1.1412607891491104,155
SNE_12435908.jpg,1,,0,0,0,1,0,0,0,0.59999999988,0.7532363657086991,0.05322577876752337,0.16506243990286884,0.30413889608205896,0.10652103881696723,0.32831325290261043,0.602359239362521,0.4152806907456879,0.14367045373385678,4,0.3904838239580155,166
SNE_12435933.jpg,1,,0,0,0,1,0,0,0,0.9999999998,0.6783616731193716,1.0,0.13436092994644602,0.2843740037946682,0.7056199819566219,0.14915966381582632,0.6024147678787996,0.5211555076112835,0.0,6,3.711138014526946,119
SNE_12436020.jpg,1,,0,0,0,1,0,0,0,0.39999999992,1.0,0.0056945855231590025,0.2037114134832491,0.17462392073143884,0.2158968850500842,0.2525641024799145,0.5297256707661517,0.5364679777009757,0.0,3,0.3096807953950649,195
SNE_12436025.jpg,1,,0,0,0,1,0,0,0,0.59999999988,0.9711497989483615,0.17438949035360124,0.19573379198310809,0.3076925110674258,0.41772618384101046,0.19587628859450168,0.45996246576291233,0.5631308259191883,0.0,4,0.5964621337755116,194
SNE_12436029.jpg,1,,0,0,0,1,0,0,0,0.0,0.7306394013092465,0.15185932303347666,0.1340001992853287,0.275754187232108,0.1463497971883393,0.29924242414267677,0.521842795227009,0.3965039211598385,0.0,1,0.5581608493087696,198
SNE_12437245.jpg,1,,0,0,0,0,1,0,0,1.0,0.7675569056942738,0.1528739742648493,0.1840003619075514,0.35176197835414014,0.24073589165827566,0.24999999991666666,0.7123022484940376,0.531128770305355,0.0,7,0.5598857564031178,121
SNE_12437328.jpg,1,,0,0,0,0,1,0,0,0.59999999988,0.6645469732239835,0.7761836437326384,0.14989688200898776,0.27161485843172817,0.4700165045729024,0.1929824560760234,0.5038688656476773,0.52232474676286,0.0,4,1.6195121951216689,114
SNE_12437753.jpg,1,,0,0,0,0,0,1,0,0.39999999992,0.8881961692799392,0.07025061676166852,0.21325540632008064,0.3355886537960221,0.1259483021822752,0.1897590360813253,0.5553077205336947,0.4227692347951459,0.0,3,0.4194260485650871,83
SNE_12437767.jpg,1,,0,0,0,0,0,1,0,0.19999999996,0.26339368940685454,0.13496057389144994,0.200038804240519,0.3657106426243068,0.06123823937094905,0.11979166662673611,0.8269395686689791,0.5006885082452983,0.0,2,0.5294329757504255,48
SNE_12437781.jpg,1,,0,0,0,0,0,1,0,0.19999999996,0.533318378350903,0.280932903525109,0.21623577317294282,0.31140845575865045,0.1828102668749371,0.02631578946491229,0.7585383129186952,0.4613379564352757,0.0,2,0.7775859362736183,57
SNE_12437789.jpg,1,,0,0,1,0,0,0,0,0.0,0.3690727219416939,0.006008415051873714,0.21341319604373876,0.38292629122789745,0.15244554468406168,0.30892857132559526,0.5901668196185693,0.5291221364416993,0.0,1,0.3102143055941937,140
SNE_12437794.jpg,1,,0,0,0,0,0,1,0,0.19999999996,0.18126400158059056,0.11934368083346784,0.2015793106204117,0.3371025742038242,0.050202730484870436,0.11309523805753965,0.8487390533328181,0.4474538997738092,0.0,2,0.502884257536239,42
SNE_12437795.jpg,1,,0,0,1,0,0,0,0,0.0,0.15060300633968723,0.044079489579966394,0.19459212955884986,0.4045945495783818,0.12490099143632094,0.26442307683493593,0.7955737644712786,0.5192468452740703,0.0,1,0.37493513233002235,104
SNE_12437803.jpg,1,,0,0,0,0,0,1,0,0.19999999996,0.4011868353622984,0.07711323874927448,0.20770330531683184,0.28487611244287125,0.07049080469001795,0.13596491223538013,0.8211330105354488,0.5231624819422709,0.0,2,0.43109250595087983,57
SNE_12437808.jpg,1,,0,0,1,0,0,0,0,0.19999999996,0.2919516016535598,0.0,0.20093845466099083,0.28197687321408177,0.06349673488024177,0.374999999875,0.6251749210942426,0.4611299990627221,0.0,2,0.17660571255855595,146
SNE_12437810.jpg,1,,0,0,1,0,0,0,0,0.39999999992,0.7016400471154338,0.0,0.21229772199728167,0.3280342255626435,0.08243440857097213,0.24519230761057692,0.6343467421505125,0.41170257059991805,0.0,3,0.24882791294476392,104
SNE_12437815.jpg,1,,0,0,1,0,0,1,0,0.39999999992,0.5884124056250846,0.0,0.20525562894210816,0.25869041425681844,0.058648188383563865,0.24438202239044945,0.7523759637292373,0.4486666243288739,0.0,3,0.25376538223973705,89
SNE_12437826.jpg,1,,0,0,1,0,0,0,0,0.19999999996,0.3882427390366726,0.0,0.20131735751044622,0.3982464771892469,0.05245325316603228,0.31818181807575757,0.6884551856520316,0.4236025566027248,0.0,2,0.24544207808969645,99
SNE_12437829.jpg,1,,0,0,1,0,0,1,0,0.39999999992,0.503532515041277,0.0,0.1886723875111136,0.1648455493395158,0.015145176133334597,0.3209876542139918,0.7114968449771859,0.41321391553492426,0.0,3,0.20298887122415887,81
SNE_12437830.jpg,1,,0,0,1,0,0,0,0,0.19999999996,0.3034740759661958,0.0,0.17504637628700476,0.4135112181188295,0.06252443103027086,0.4346330273780581,0.6738158187519034,0.42400447934648855,0.0,2,0.15287647035207852,218
SNE_12437832.jpg,1,,0,0,1,0,0,1,0,0.39999999992,0.7911046439284184,0.0,0.22601440131114486,0.3960879596146261,0.05481189529609366,0.1707317072601626,0.650313782929103,0.37773044309550696,0.0,3,0.2552778331009632,82
SNE_12437834.jpg,1,,0,0,1,0,0,0,0,0.59999999988,0.41930169754106517,0.08619102932332456,0.21843851583143895,0.4533470791700681,0.19709507158426806,0.25225225216816816,0.737446000648152,0.5283540787184451,0.0,4,0.4465247499358428,111
SNE_12437835.jpg,1,,0,0,1,0,0,0,0,0.0,0.23149767922255657,0.18585463524582788,0.2011340752378671,0.4518937204205258,0.21270681942746403,0.21534653458168312,0.7468255548151803,0.5301075325214996,0.0,1,0.615952880103762,101
SNE_12437836.jpg,1,,0,0,1,0,0,0,0,0.39999999992,0.5244891605802406,0.11807263091217496,0.19044247946509832,0.3249137132271927,0.24352682345937662,0.24107142849107147,0.7666262380694064,0.5328961698959745,0.0,3,0.50072347266877,140
SNE_12437837.jpg,1,,0,0,0,0,0,1,0,0.19999999996,0.2034429386802075,0.06925027392493892,0.2144827226772301,0.34018944684515995,0.06634229191803907,0.30172413783045976,0.7403365416222472,0.5155511659855873,0.0,2,0.41772546574164643,58
SNE_12437846.jpg,1,,0,0,0,0,0,1,0,0.19999999996,0.27442892750082637,0.16353998781673704,0.20298111085315582,0.32100933157321687,0.13887887524621748,0.11397058819730388,0.7756512247098704,0.5040888270465831,0.0,2,0.578017979451993,68
SNE_12437855.jpg,1,,0,0,1,0,0,0,0,0.19999999996,0.4363948278818892,0.0,0.21165025959076175,0.5325271998009009,0.06950168200555541,0.36988304081237816,0.6428402956686724,0.409942107532002,0.03936309713653006,2,0.14664133532364917,171
SNE_12437865.jpg,1,,0,0,1,0,0,0,0,0.19999999996,0.558524366521843,0.030428864195479296,0.20013642523886183,0.2780474691749624,0.16632454770014118,0.3476562498841146,0.6116930757401609,0.5313069593044994,0.0,2,0.35172906916274366,128
SNE_12437873.jpg,1,,0,0,1,0,0,0,0,0.19999999996,0.21850278391936712,0.0,0.19997573278599243,0.5023376398351719,0.08158676523537083,0.41623711326331614,0.6255584766565498,0.4511562381449719,0.0,2,0.15629518626600006,194
SNE_12437882.jpg,1,,0,0,1,0,0,0,0,0.9999999998,0.639528944743196,0.0,0.19323900098235053,0.47661351459664425,0.11650402408789946,0.3188202246128277,0.6198205363068336,0.49646278344153394,0.0,6,0.23253294818558468,178
SNE_12437893.jpg,1,,0,0,0,0,0,1,0,0.0,0.20673130854759875,0.0,0.1775163731986799,0.1958996850505621,0.03138454697569701,0.47115384599679483,0.7078742974438055,0.42905132473935076,0.0,1,0.1814631989980063,130
SNE_12437902.jpg,1,,0,0,1,0,0,0,0,0.59999999988,0.6728054819814602,0.0,0.2072710490570329,0.4186674236639333,0.0561404851580516,0.3287037035941358,0.7346815811420562,0.41388151113039445,0.0,4,0.2147422404225108,108
SNE_12437906.jpg,1,,0,0,0,0,0,1,0,0.19999999996,0.5406977259960667,0.0,0.20525473433491395,0.5503757849299702,0.09135520951971918,0.2142857142142857,0.6712977827160067,0.423670393274967,0.0,2,0.29244598291551044,98
SNE_12439547.jpg,1,,0,0,1,0,0,0,0,0.39999999992,0.6077327070015366,0.0,0.16381414415163673,0.3557935851003847,0.09261723948142521,0.23226950346867614,0.7522352824905444,0.4032775683213251,0.14262898110931094,3,0.2906913019650712,141
SNE_12439626.jpg,1,,0,0,1,0,0,0,0,0.0,0.20498715461633998,0.8071325357007786,0.1549093757646981,0.4468954896011327,0.4438927506447241,0.20283018861163518,0.8187130266685787,0.5325754986306698,0.0,1,1.6721253114984562,106
SNE_12443441.jpg,1,,0,0,0,0,1,0,0,0.79999999984,0.891444030134004,0.0,0.16915687591227327,0.2686368260156763,0.1446561334828567,0.2727272726363636,0.7869284276565547,0.4175108840820002,0.0,5,0.2768412921986334,165
SNE_12443463.jpg,1,,0,0,0,0,1,0,0,1.0,0.9140208630084902,0.0,0.1793847904384416,0.35278108224647997,0.11015588891208748,0.24125874117832166,0.6501349702837673,0.3811218800682834,0.0,7,0.2551369122290844,143
SNE_12443756.jpg,1,,0,0,0,0,0,1,0,0.19999999996,0.5686497493072533,0.025150567170317554,0.1875897741765039,0.2572279556661625,0.0748927487606411,0.14423076918269231,0.8373415974420317,0.4391527041168254,0.0,2,0.3427559642146904,78
SNE_12443757.jpg,1,,0,0,0,0,0,1,0,0.39999999992,0.5624973183816118,0.021174135729651083,0.1624029325925887,0.24678138103289385,0.07793547375402168,0.28499999990499997,0.7135126263133003,0.3861519106107255,0.0,3,0.33599603076158097,100
SNE_12443765.jpg,1,,0,0,0,0,0,1,1,0.39999999992,0.6601195529338812,0.08358776386799031,0.1620740452972859,0.08666568964062708,0.07141498536791208,0.32222222211481477,0.6489520435052876,0.4129775782940427,0.0,3,0.4420991986591713,90
SNE_12443768.jpg,1,,0,0,0,0,0,1,0,0.19999999996,0.36363095824152797,0.04304383584148567,0.16325971028236924,0.3758881050923059,0.07819782495232698,0.25520833324826386,0.8023597681245909,0.3879780778876543,0.1370274450916518,2,0.37317452097356946,96
SNE_12443774.jpg,1,,0,0,0,0,0,1,0,0.0,0.18311843857845866,0.0,0.16985335938483348,0.28835982076606004,0.026813135145615334,0.3835616437077626,0.7775834697772336,0.3799781997115381,0.0,1,0.2582606178404426,73
SNE_12443775.jpg,1,,0,0,0,0,0,1,0,0.39999999992,0.7747089722525391,0.01416917130981821,0.16695853776332295,0.38243656611438154,0.07030349595836052,0.2369791665876736,0.748061498644244,0.3778415702909038,0.0,3,0.3240875912408601,96
SNE_12443778.jpg,1,,0,0,0,0,0,1,0,0.39999999992,0.8387586280509849,0.0,0.17788855950409893,0.4051216417803567,0.06583753190166167,0.1957547169158805,0.7429881832908485,0.33732417068498344,0.0,3,0.26012910897815933,106
SNE_12443780.jpg,1,,0,0,0,0,0,1,0,0.39999999992,0.5171659752413621,0.0,0.16557492265686452,0.3772111619807391,0.04076730235681323,0.36214953258956384,0.7349743583944413,0.35692213071666967,0.11554552939565683,3,0.22253549157488978,107
SNE_12443781.jpg,1,,0,0,0,0,0,1,0,0.59999999988,0.48199004786138144,0.012942315698538391,0.16991074756743252,0.46732577949309784,0.08014774716855709,0.28535353525841745,0.7648537014472454,0.3998403635280039,0.0,4,0.32200193670045757,99
SNE_12443789.jpg,1,,0,0,0,0,0,0,1,0.19999999996,0.204181493111257,0.0,0.14496481495071653,0.4408692974343975,0.10863971807083532,0.3057142856123809,0.7809614830757392,0.41358710665972903,0.48803286457659434,2,0.284388569827697,175
SNE_12443791.jpg,1,,0,0,0,0,0,1,1,0.19999999996,0.46817798778984654,0.039032092214670605,0.18053509146592484,0.3332680426961976,0.0442867468224056,0.2754237287217514,0.7410984866089854,0.42832903221981244,0.0,2,0.3663545568039721,59
SNE_12443792.jpg,1,,0,0,0,0,0,1,0,0.19999999996,0.33254002653098913,0.1379631837179591,0.16572876694027344,0.4302854761395451,0.028847459593211024,0.1904761904126984,0.8739505744427801,0.4187199772683232,0.0,2,0.5345374124584936,42
SNE_12443796.jpg,1,,0,0,0,0,0,1,0,0.19999999996,0.3252284248070141,0.474956897531818,0.1416551804893606,0.3711621699125188,0.13692577192882546,0.06465517239224135,0.872123530854734,0.4571157336886045,0.0,2,1.1074267262790476,58
SNE_12443804.jpg,1,,0,0,0,0,0,1,0,0.59999999988,0.335292404245083,0.0,0.15308220002337053,0.5052462988883597,0.012033141355071525,0.37234042540780143,0.6502305408464544,0.33539517431034216,0.03162370777444078,4,0.21320646206932053,94
SNE_12443805.jpg,1,,0,0,0,0,0,1,0,0.59999999988,0.9126351105444233,0.04135759249949221,0.15052926088639648,0.33787430153113784,0.08685364448627222,0.2727272726363636,0.6921422008414605,0.36622455571131246,0.06696863014837373,4,0.37030790729049434,110
SNE_12443808.jpg,1,,0,0,0,0,0,1,0,0.59999999988,0.6511244859629861,0.008994768727530062,0.15279217109506316,0.27019171883426424,0.06522544364076308,0.24047619039603177,0.679777547320751,0.3555109993498714,0.0,4,0.31529110684579587,105
SNE_12443811.jpg,1,,0,0,0,0,0,1,0,0.19999999996,0.5412598981334455,0.0,0.14547235186283375,0.3452693608838385,0.03760104817864214,0.36301369850913245,0.7894414612824169,0.35633120637978555,0.0,2,0.18471113198684397,146
SNE_12443813.jpg,1,,0,0,0,0,0,1,0,0.79999999984,0.8862166244129335,0.1145324968303038,0.18984681143814056,0.3444903248575424,0.12729794132462358,0.15853658531300813,0.682327372109149,0.4156298501448814,0.0,5,0.49470524472604893,82
SNE_12443816.jpg,1,,0,0,0,0,0,1,0,0.39999999992,0.48965343542925366,0.0,0.1572413151081749,0.47952932738504117,0.03878236624589751,0.3557692306506411,0.7280656546485867,0.368711434546922,0.08653372854103575,3,0.2477036641170297,104
SNE_12443826.jpg,1,,0,0,0,0,0,1,0,0.19999999996,0.20503343338268926,0.0,0.15542604960919398,0.44511849744396237,0.03039504248587937,0.41758241744322344,0.711424226368923,0.3639626437097176,0.0,2,0.25961238428733974,91
SNE_12443830.jpg,1,,0,0,0,0,0,0,1,0.19999999996,0.30504935253734927,0.0,0.17517100957331086,0.3500531247313512,0.05285309676145284,0.3041666665652778,0.6660275669187421,0.3582959353877911,0.0,2,0.20199084744629717,120
SNE_12443836.jpg,1,,0,1,0,0,0,1,0,0.59999999988,0.8660233588805434,0.0,0.15085885851425918,0.35835260065738206,0.052653551491282105,0.30652173902826085,0.7315074594467414,0.3688365202604051,0.0,4,0.2696214862232024,115
SNE_12443851.jpg,1,,0,0,0,0,0,0,1,0.0,0.1522036409683426,0.0,0.18502534599303871,0.41347802870276196,0.07880133184479175,0.2626262625387205,0.7735553505203134,0.37219154795687087,0.0,1,0.27000302693975026,99
SNE_12443866.jpg,1,,0,0,0,0,0,1,0,0.19999999996,0.36039786909628524,0.1792144636502522,0.19362741578284268,0.32040111607187194,0.09625119256166126,0.04081632651700677,0.8866003817215526,0.42795244501567714,0.0,2,0.6046645883846432,49
SNE_12443900.jpg,1,,0,0,0,0,0,1,0,0.59999999988,0.7448452152788421,0.30822211219300005,0.16874793741823363,0.3358578304532597,0.14492112631932647,0.03731343282338308,0.7897336780763939,0.41666798156595436,0.0,4,0.8239775910363222,67
SNE_12443905.jpg,1,,0,0,0,0,0,1,0,0.19999999996,0.26889222186918826,0.16420498320674287,0.16434977534787443,0.4211946429029715,0.08143721748355318,0.27232142848065477,0.6716942286753325,0.4125857241945112,0.007326540416619498,2,0.5791484716156678,56
SNE_12443906.jpg,1,,0,0,0,0,0,1,0,0.39999999992,0.4950949220006485,0.06574188298716481,0.1593193324973761,0.29116961544391223,0.030467613260014025,0.1556603773066038,0.6394356267349617,0.388511980947643,0.0,3,0.41176120114392206,53
SNE_12443909.jpg,1,,0,0,0,0,0,1,0,0.0,0.15682958406471348,0.0,0.1729581681282324,0.38887601106779346,0.031769306952772726,0.35240963843674694,0.7461544518852339,0.3872713434024143,0.16415111132677257,1,0.24116078673827268,83
SNE_12446781.jpg,1,,0,0,1,0,0,0,0,0.39999999992,0.6939463340137367,0.0,0.17242156603170009,0.059892570140469295,0.10417344218638416,0.3232323231245791,0.6776915461867091,0.436439740938555,0.026423775160614824,3,0.1603603242115368,297
SNE_12446799.jpg,1,,0,0,1,0,0,0,0,0.19999999996,0.4107751271144243,0.12197078611730316,0.20533881315371877,0.4021120362406385,0.17808602268308674,0.21717171709932662,0.6861299181051351,0.5247978339621019,0.0,2,0.5073503365213862,99
SNE_12446813.jpg,1,,0,0,1,0,0,1,0,0.39999999992,0.5087912576271814,0.0,0.19151730383310775,0.4053066996189708,0.036617707054291265,0.37244897946768707,0.748606790317056,0.43702747617688315,0.0,3,0.21369739756366923,98
SNE_12446825.jpg,1,,0,0,1,0,0,0,0,0.59999999988,0.44880237159666864,0.0016814865471098683,0.18594857245032442,0.43544881320795936,0.07869237045260287,0.36165048531634303,0.6994730515969051,0.41989046457228135,0.0,4,0.30285852713176825,103
SNE_12446844.jpg,1,,0,0,1,0,0,0,0,0.19999999996,0.19048649674160673,0.0,0.18156310253992186,0.49111577887168595,0.07579903462354055,0.29687499990104166,0.7530552340758356,0.4235773253782117,0.44306016264580256,2,0.2128380668338571,144
SNE_12446866.jpg,1,,0,0,1,0,0,0,0,0.59999999988,0.5290370989632871,0.27662957058444587,0.17740830565427532,0.45571955271129316,0.14493440806729982,0.12499999995833333,0.7718026033998306,0.46950755289784024,0.0,4,0.7702702702701876,70
SNE_12446882.jpg,1,,0,0,1,0,0,1,0,0.19999999996,0.4422084250293973,0.006491379941186056,0.17354836421103698,0.23433561513682413,0.03936181569474571,0.1450617283467078,0.7475859102072593,0.37604928979829483,0.550771790737284,2,0.31103534590650767,81
SNE_12446889.jpg,1,,0,0,1,0,0,0,0,0.39999999992,0.730427613507539,0.0,0.16190031085666845,0.1106073745465197,0.062445058892889545,0.33217592581520056,0.5688799315116306,0.40421961226451725,0.3069203994573375,3,0.16934912440530075,216
SNE_12446893.jpg,1,,0,0,1,0,0,0,0,0.19999999996,0.13797722484627842,0.0,0.18002466358199878,0.4696344615506991,0.0587899101899576,0.3691176469357843,0.63086644320791,0.3851604829495229,0.0,2,0.1644043734900709,170
SNE_12446897.jpg,1,,0,0,1,0,0,0,0,0.39999999992,0.5555498930211106,0.12567926691267836,0.19044073984059148,0.3603989120821647,0.14256308334566142,0.19886363629734852,0.7902507218778438,0.5230102964371441,0.0,3,0.5136547538772325,88
SNE_12446900.jpg,1,,0,0,1,0,0,1,0,0.59999999988,0.5332914385270102,0.0,0.19026400249788034,0.3109201972420197,0.0426920122487703,0.24029126205582524,0.6590073298786694,0.3848785196482375,0.17106851656322555,4,0.20161772463512567,103
SNE_12446901.jpg,1,,0,0,1,0,0,0,0,0.0,0.6346728269105539,0.0,0.161651155264852,0.2008771962612308,0.09230195866624677,0.34999999988333325,0.8294231766057495,0.4239002441071212,0.735641217571441,1,0.2775137686860652,175
SNE_12446920.jpg,1,,0,0,1,0,0,0,0,0.19999999996,0.4261406803769817,0.0,0.1928868516589886,0.37729647642747066,0.05583509790224383,0.3301886791352201,0.7079818761925964,0.38092471061872873,0.004534771127146877,2,0.15950331812525512,159
SNE_12446932.jpg,1,,0,0,1,0,0,0,0,0.19999999996,0.43678785706415457,0.12881263608978163,0.17750269457923606,0.27807467227433624,0.29052956461824764,0.19822485200493098,0.7299043745136178,0.5416934913184008,0.0,2,0.5189814814814414,169
SNE_12446934.jpg,1,,0,0,1,0,0,0,0,0.59999999988,0.6374980958162191,0.0,0.15959777048297183,0.3339188627171381,0.07856150639939476,0.37205882340539215,0.5409155103368333,0.3823905927622996,0.15894427940566302,4,0.24052785923752962,170
SNE_12446935.jpg,1,,0,0,1,0,0,0,0,0.59999999988,0.38919972822576965,0.0,0.16870175845016178,0.5133948804234548,0.055079692069793317,0.34105960253532003,0.5120280726517448,0.38367510416671574,0.04284216936624328,4,0.20671148216414925,151
SNE_12446937.jpg,1,,0,0,1,0,0,0,0,0.59999999988,0.6401084631597481,0.070262094350444,0.2070013829249076,0.30694795110723994,0.15036687739826765,0.2109374999296875,0.7361954836664755,0.5238045490693568,0.0,4,0.4194455604660169,96
SNE_12446953.jpg,1,,0,0,1,0,0,0,0,0.39999999992,0.5912934546473976,0.08623189530479695,0.2033189423346964,0.263458114949608,0.1728858323672666,0.203608247354811,0.677726489554306,0.5257589155797134,0.0,3,0.4465942221043867,97
SNE_126219.jpg,1,,0,0,0,1,0,0,0,0.59999999988,0.8369645943544193,0.998111098280952,0.15216621981803927,0.22985294059811778,0.5353717447630894,0.22305389214121754,0.6224158861825011,0.5545664616563392,0.0,4,1.9967888680757295,167
SNE_126223.jpg,1,,0,0,0,1,0,0,0,0.59999999988,0.6303186854581471,1.0,0.1535294659642861,0.24683058989655077,0.6353629168844347,0.23641304339945654,0.5357783296158166,0.546346779714968,0.0,4,4.385052571752093,92
SNE_126252.jpg,1,,0,0,0,1,0,0,0,0.19999999996,0.7449132404536124,0.41621898849790967,0.1966895787473351,0.20314691674345242,0.45762179650437723,0.18195266266124258,0.5350139926431663,0.5791460588131006,0.0,2,1.0075722808626655,169
SNE_126259.jpg,1,,0,0,0,1,0,0,0,0.39999999992,0.5102606087877937,1.0,0.16628152422255799,0.30877718274880006,0.6472564387200562,0.1843749999385417,0.34048076002683847,0.5284011395864769,0.0,3,4.867686170211147,80
SNE_126267.jpg,1,,0,0,0,1,0,0,0,0.19999999996,0.6782390166802401,1.0,0.14967075717035924,0.08190364952511747,0.7478699938762482,0.1940559439912587,0.6110477762607094,0.5481598517394947,0.0,2,3.2716443309927095,143
SNE_126339.jpg,1,,0,0,0,1,0,0,0,0.19999999996,0.3071156655015579,0.3933842236871436,0.13583368103065038,0.21717398506389124,0.1268246953136314,0.388059701363184,0.5785917699501046,0.40004240737811814,0.0,2,0.9687531806615283,134
SNE_126395.jpg,1,,0,0,0,1,0,0,0,0.39999999992,0.8032640056106328,1.0,0.1502548998784875,0.2512849724523336,0.46282163926885933,0.23322147643232657,0.5780177973927847,0.547310021083363,0.0,3,2.001051662941764,149
SNE_126424.jpg,1,,0,0,0,1,0,0,0,0.19999999996,0.6660240504908932,1.0,0.14911353915292558,0.2768016521755964,0.6649498361642433,0.23598130833255448,0.5889462287668914,0.5405794993849948,0.0,2,4.098114169214043,107
SNE_126544.jpg,1,,0,0,0,1,0,0,0,0.59999999988,0.8278402473386002,0.0,0.1646373578711624,0.14690319112743022,0.0962972488124915,0.34251101310168874,0.5606383401367405,0.4578853090031959,0.004136853509531508,4,0.24160454738101167,227
SNE_126552.jpg,1,,0,0,0,1,0,0,0,0.59999999988,0.6846961169754938,0.33522770554360287,0.12659322144992963,0.11449021885236756,0.19211549137728995,0.24626865663432837,0.5981967408046918,0.40561154708358704,0.005515454303655124,4,0.8698870997593526,201
SNE_127495.jpg,1,,0,0,0,1,0,0,0,0.39999999992,0.7909814765802154,0.0,0.18848231152422668,0.20042126200151494,0.12687467528294674,0.34855769219150645,0.5442070445172916,0.45340495598740793,0.0,3,0.2472042763912948,208
SNE_127523.jpg,1,,0,0,0,1,0,0,0,0.59999999988,0.8819763876124904,0.029038488867583725,0.19666918837660544,0.36804013912332245,0.19520547943443609,0.23395721917335116,0.4706983111147184,0.5196246114952286,0.0,4,0.3493654311039308,187
SNE_127526.jpg,1,,0,0,0,1,0,0,0,0.0,0.24382298298657362,0.010876430126281205,0.2066656956073132,0.38754918503040736,0.15439481885712647,0.34119496843972746,0.5966897495568679,0.5333966288485475,0.0,1,0.31848993122555447,159
SNE_127564.jpg,1,,0,0,0,1,0,0,0,0.39999999992,0.8788970976290772,0.22303755612349702,0.18603040318513506,0.260466381014659,0.3593878059635836,0.20405405398603604,0.5823453241250354,0.5624694165571733,0.0,3,0.6791638456329825,185
SNE_127643.jpg,1,,0,0,0,1,0,0,0,0.19999999996,0.9034577069447853,0.5147395339547719,0.17127883144424172,0.17270062924259166,0.5646151992400635,0.14146341458699185,0.589858665991967,0.5659932173401647,0.0,2,1.1750572082378519,205
SNE_130313.jpg,1,,0,0,0,0,0,1,0,0.59999999988,0.546850256367036,0.0,0.1708379809250726,0.5497869152780235,0.08499730475945894,0.34374999988541666,0.6086933607008644,0.3866973007331883,0.0,4,0.29522771845716733,120
SNE_130314.jpg,1,,0,0,0,0,1,0,0,0.19999999996,0.3539589901455894,0.26344002522963655,0.17690196519346954,0.5597188164862062,0.09536264623806331,0.04591836733163265,0.866868896838592,0.428124470185693,0.0,2,0.7478480431538221,49
SNE_130316.jpg,1,,0,0,0,0,1,0,0,0.9999999998,0.8559950547342399,0.14004846792378162,0.18408556273680007,0.2987733305623604,0.15783600167959252,0.13662790693120155,0.7494123957178118,0.40787525828955445,0.0,6,0.5380823956104772,86
SNE_130318.jpg,1,,0,0,0,0,1,0,0,0.59999999988,0.954774016846974,0.20830548116084427,0.19362647912792486,0.374482227140536,0.1716507176722836,0.024305555547453728,0.8015786033617777,0.42718305141734136,0.0,4,0.6541193181817407,72
SNE_130319.jpg,1,,0,0,0,0,0,1,0,0.59999999988,0.8658917626148293,0.165648993312838,0.19690591914152442,0.32878594815917145,0.1285768377558907,0.03731343282338308,0.8091771617712584,0.4101667337219013,0.0,4,0.5816032887974736,67
SNE_130321.jpg,1,,0,0,0,0,1,0,0,0.39999999992,0.6774490761899375,0.32458204315265227,0.18867836003079752,0.499250846227644,0.19113573403277934,0.0075757575732323165,0.7939574680093033,0.4091879237953978,0.0,3,0.851789473684091,66
SNE_130322.jpg,1,,0,0,0,0,0,1,0,0.39999999992,0.34090860868233613,0.05295543915871404,0.17784605097857828,0.4955582424418258,0.07042458934805144,0.3703703702469136,0.6490104242880386,0.41414601472180307,0.0,3,0.3900242466227693,81
SNE_130325.jpg,1,,0,0,0,0,0,1,0,0.59999999988,0.45794561517377586,0.35460077427038394,0.21811698703929724,0.5394070896340553,0.23852596634045292,0.09583333330138892,0.737991198142474,0.4956529399305263,0.0,4,0.9028213166142535,60
SNE_130326.jpg,1,,0,1,0,0,0,0,0,0.39999999992,0.6475511333052141,0.0,0.17991021056091241,0.43661172002320436,0.08058783893113046,0.3161157023739669,0.6677727377791791,0.4037430391952271,0.0,3,0.26721613254119875,121
SNE_130327.jpg,1,,0,0,0,0,0,1,0,0.79999999984,0.868923610188802,0.25516494792513567,0.21374339551914626,0.2931508822805483,0.2469711395862672,0.04109589039726029,0.7188308076469148,0.45319516107742447,0.0,5,0.7337804117278955,73
SNE_130330.jpg,1,,0,1,0,0,0,0,0,0.79999999984,0.5047147664664968,0.0,0.17280447879112026,0.41293298616851454,0.03843818723453688,0.20987654313991766,0.7308355362789736,0.36610609875785244,0.0,5,0.29167734768861436,81
SNE_130331.jpg,1,,0,0,0,0,0,1,0,0.39999999992,0.7227175127959896,0.0338860289050615,0.1980819758149926,0.4096059609512612,0.0832502943995396,0.08653846150961537,0.7573792623395366,0.36105816107771166,0.0,3,0.35760624917249056,78
SNE_130333.jpg,1,,0,0,0,0,1,0,0,0.59999999988,0.8053994617334472,0.4236982271861238,0.18832139911766285,0.4864403932106169,0.25987655922701575,0.05208333331597222,0.7210795118280444,0.44887027014197095,0.0,4,1.0202869866401088,72
SNE_130334.jpg,1,,0,0,0,0,1,0,0,0.39999999992,0.6809209162522062,0.2550393766446251,0.17439911698481375,0.31188957196227374,0.122255857114874,0.07272727270303032,0.8199945349739555,0.44801645310728877,0.0,3,0.7335669405509021,55
SNE_130336.jpg,1,,0,1,0,0,0,0,0,0.39999999992,0.5938789017968661,0.20959825037081878,0.17134239485943792,0.33053903001287677,0.16238865980637235,0.11562499996145835,0.8388985784178851,0.4468007788535061,0.0,3,0.6563170258399902,80
SNE_130337.jpg,1,,0,0,0,0,0,1,0,0.59999999988,0.6939577468594575,0.04194060667756768,0.20240036567569616,0.41537882463202164,0.09741379620743182,0.1415662650130522,0.6767747634232044,0.40796375048768624,0.0,4,0.37129903139380566,83
SNE_130338.jpg,1,,0,0,0,0,0,1,0,0.39999999992,0.5343297727082896,0.023049862597350382,0.15259760022123423,0.4525932327791201,0.041325420061002004,0.24702380944146826,0.701480985609286,0.3686522908887101,0.0,3,0.3391847664385455,84
SNE_130339.jpg,1,,0,1,0,0,0,0,0,0.59999999988,0.7192309592795703,0.0,0.1739699702930226,0.37436259886158185,0.06360751744727727,0.2978723403262411,0.7833880351302667,0.3945555690502717,0.0,4,0.2953338658897469,94
SNE_130341.jpg,1,,0,1,0,0,0,0,0,0.59999999988,0.48901263341646084,0.09044195679319429,0.1918682408689409,0.43854550331921566,0.10420184675175194,0.1952054793869863,0.7122008896627299,0.40080008158269326,0.0,4,0.45375132663887224,73
SNE_130342.jpg,1,,0,1,0,0,0,0,0,0.79999999984,0.7416166533642988,0.02967864082767156,0.1732994714770695,0.29911904616827034,0.07652198463035241,0.23546511620058136,0.6926624241965256,0.4096363972128655,0.0,5,0.3504536894367203,86
SNE_130343.jpg,1,,0,0,0,0,0,1,0,0.59999999988,0.7703949441592637,0.29822203086726734,0.19745069926561815,0.3491412601001716,0.17187850793138174,0.07142857140476187,0.7808360044395125,0.4544087219150979,0.0,4,0.8069774527725766,56
SNE_130346.jpg,1,,0,0,0,0,0,1,0,0.19999999996,0.5125327170913322,0.05324271502477801,0.1617317348707495,0.3088632321949497,0.05703006230408694,0.28424657524771685,0.6808771952083648,0.3897827201531751,0.0,2,0.3905126155953653,73
SNE_130348.jpg,1,,0,0,0,0,1,0,0,0.59999999988,0.80979697183483,0.030459469982004946,0.18098890028310108,0.38783160949478646,0.11001236092739802,0.2704545453643939,0.6396261749002823,0.380146260828331,0.0,4,0.35178109899986787,110
SNE_130351.jpg,1,,0,1,0,0,0,0,0,0.9999999998,0.8094112583584013,0.36792687455029655,0.20644504457813795,0.5537195098141848,0.3878194428111976,0.04736842103684211,0.665568518272428,0.4292328497624306,0.0,6,0.925475687103431,95
SNE_130352.jpg,1,,0,0,0,0,0,1,0,0.59999999988,0.624919307530792,0.015407088988044592,0.16874313856224593,0.3993965539368668,0.08262335650956117,0.277227722679868,0.6726180286423711,0.3856444442092895,0.0,4,0.3261920512950829,101
SNE_130354.jpg,1,,0,1,0,0,0,0,0,0.59999999988,0.8073408898691081,0.2884612301409559,0.18685875173715474,0.42750079001523067,0.19468379471093727,0.07246376809178746,0.816953834710521,0.4066767791927272,0.0,4,0.7903840915280863,69
SNE_130358.jpg,1,,0,1,0,0,0,0,0,0.39999999992,0.9149469329248967,0.0650634943420948,0.17378751511391147,0.4573725166775606,0.12531017368293426,0.2064220182798165,0.8125374813543278,0.4056494696823158,0.0,3,0.41060794044662463,109
SNE_130360.jpg,1,,0,0,0,0,1,0,0,0.79999999984,0.7596743426373833,0.0,0.19262790927562387,0.3978323864496076,0.06981951408098079,0.39999999986666673,0.0,0.5315304470816292,0.0,5,0.16036055199552873,175
SNE_130361.jpg,1,,0,1,0,0,0,0,0,0.59999999988,0.5509872577251407,0.09802436682651944,0.18495728258252386,0.5139932359106141,0.08686900893511604,0.09999999996666668,0.7932744779347302,0.4035479834256331,0.0,4,0.4666414237031074,70
SNE_130364.jpg,1,,0,1,0,0,0,0,0,0.59999999988,0.7306522469181027,0.0,0.1747039733108832,0.43295143250371715,0.06285978265407986,0.35351562488216143,0.0,0.4922306920006029,0.0,4,0.21573064527188454,128
SNE_130365.jpg,1,,0,0,0,0,0,1,0,0.39999999992,0.39501466207074004,0.05342849903327855,0.1704814373256977,0.08920904918242448,0.053849283158434895,0.2948717947735043,0.7560330457013877,0.4150104475233553,0.0,3,0.390828448410002,78
SNE_130366.jpg,1,,0,0,0,0,0,1,0,0.79999999984,0.8084315885190216,0.02062551417954723,0.16649068498658628,0.26115801629270385,0.1256440927363098,0.19959677412701615,0.8276191895226103,0.40063417304186455,0.0,5,0.3350633741258558,124
SNE_130367.jpg,1,,0,0,0,0,1,0,0,0.9999999998,0.7247003989056258,0.022570446541783803,0.18610450681209478,0.36143031210555465,0.08381848912113175,0.14516129027419356,0.7554722367563054,0.38323451854015844,0.0,6,0.3383697591436029,93
SNE_130368.jpg,1,,0,0,0,0,0,1,0,0.39999999992,0.7110446246873365,0.24779636610709568,0.21581654834903397,0.5045079528210971,0.23305971345412654,0.07746478870657274,0.7397237060808082,0.4694193566139794,0.0,3,0.721253822629859,71
SNE_130373.jpg,1,,0,0,0,0,1,0,0,0.79999999984,0.8163069514757977,0.005394266315986735,0.20335965013408402,0.3705671908391646,0.10048774884685759,0.3151041665616319,0.6163150659387513,0.42448089090416413,0.0,5,0.3091702527425717,96
SNE_130374.jpg,1,,0,0,0,0,0,1,0,0.59999999988,0.650727445233826,0.07649651921375655,0.17365739824585846,0.49346227357322625,0.09907015757843793,0.19411764699411763,0.6722901830988779,0.3840059283059131,0.0,4,0.43004408273988265,85
SNE_130375.jpg,1,,0,0,0,0,0,1,0,0.39999999992,0.7609536075950387,0.050437926011714866,0.16754800413156037,0.4314550558726149,0.08113421367281236,0.10393258423501874,0.7354069263220776,0.3650545518564879,0.0,3,0.3857444742703532,89
SNE_130378.jpg,1,,0,0,0,0,1,0,0,0.59999999988,0.6318904819955358,0.33264973969380107,0.19393290537324576,0.32364288343967323,0.22512983236693687,0.0,0.7786855832829034,0.4182272033314526,0.0,4,0.8655045578121117,66
SNE_130379.jpg,1,,0,0,0,0,1,0,0,0.9999999998,0.8253624118192628,0.36020960086983833,0.19770604248676818,0.3855956574713279,0.20363648580437185,0.024590163926229498,0.7850490755374214,0.46206577311331254,0.0,6,0.9123563218389348,61
SNE_130381.jpg,1,,0,0,0,0,0,1,0,0.39999999992,0.7442334199682024,0.056602055740242005,0.19309282322660795,0.24678181936028917,0.14083692436161158,0.14736842100350878,0.6652029627474321,0.41017158195118664,0.0,3,0.39622349481501346,95
SNE_130384.jpg,1,,0,0,0,0,1,0,0,0.59999999988,0.7886505801541555,0.3269659910599337,0.1930194693134459,0.3350054237931637,0.21491893614095028,0.029850746258706477,0.7697804068700238,0.4330128740061229,0.0,4,0.8558421851288533,67
SNE_130386.jpg,1,,0,1,0,0,0,0,0,0.39999999992,0.6480242200364931,0.0,0.15267107153220397,0.36857544358073624,0.0669113379751412,0.299145299045584,0.674379197749803,0.3759495803999059,0.0,3,0.2906507221618151,117
SNE_130389.jpg,1,,0,0,0,0,0,1,0,0.79999999984,0.8609816100791569,0.2884291432533598,0.19064355379682107,0.37442560447162027,0.23896660627905073,0.0064935064913419745,0.7545344895284244,0.4016463421847192,0.0,5,0.7903295438191408,77
SNE_130390.jpg,1,,0,1,0,0,0,0,0,0.9999999998,0.760925534071742,0.22140756752130913,0.18444033059249412,0.2538268519081222,0.19655999718571598,0.10755813949903098,0.6946596935439137,0.49546947663104685,0.0,6,0.6763928650076331,86
SNE_130391.jpg,1,,0,0,0,0,0,1,0,0.59999999988,0.7455652056831357,0.0,0.15864879035062548,0.43800065305086305,0.05712053946064166,0.31081081070720723,0.6953600676285552,0.4051582559491872,0.021003193407724177,4,0.2778132631974346,111
SNE_130396.jpg,1,,0,0,0,0,1,0,0,0.59999999988,0.7926142417456896,0.18455722014218273,0.1801692083705634,0.40170707459094734,0.19328484222765757,0.21666666659444442,0.7339837802061063,0.44901321683971634,0.0,4,0.6137472744262679,90
SNE_130399.jpg,1,,0,1,0,0,0,0,0,0.59999999988,0.4526730287709124,0.060030124349227464,0.18544258389011073,0.5081823279076952,0.09590192440181294,0.21036585358841464,0.5935681005460425,0.4016620978390254,0.0,4,0.4020512114537168,82
SNE_130400.jpg,1,,0,1,0,0,0,0,0,0.9999999998,0.611483312674977,0.014805662008854062,0.160492446167706,0.4456310312826491,0.064773188657409,0.30208333323263886,0.6356208758338644,0.36997979466197245,0.0,6,0.32516962542985756,96
SNE_130401.jpg,1,,0,0,0,0,0,1,0,0.39999999992,0.5776506245551831,0.36372405735832825,0.18534925758997306,0.2832492402845729,0.14391434012546847,0.054347826068840595,0.751421452700848,0.4222754438190874,0.0,3,0.9183308978728821,46
SNE_130403.jpg,1,,0,0,0,0,0,1,0,0.59999999988,0.4748238533658143,0.0,0.20979259096575303,0.39759836033993123,0.06345383514402317,0.3333333332222222,0.6548032982499354,0.39745366072301874,0.05410343808973398,4,0.2861428067286033,75
SNE_130405.jpg,1,,0,1,0,0,0,0,0,0.59999999988,0.6856118106827472,0.0,0.16381341089620569,0.4832972929964763,0.07723413989238181,0.36730769218525644,0.6280176608652773,0.3745098259815217,0.0,4,0.2638651634210126,130
SNE_130412.jpg,1,,0,0,0,0,0,1,0,0.59999999988,0.8551527459326242,0.23918422020197447,0.18906322933631595,0.3114582851758575,0.17895554204946737,0.047794117631127425,0.7962755665480294,0.4058528969346682,0.0,4,0.7066131745825408,68
SNE_130413.jpg,1,,0,1,0,0,0,0,0,0.19999999996,0.5541823496645994,0.005788003044813247,0.18008255187190705,0.4339881669272919,0.0610084742936661,0.24404761896626986,0.5928299497347176,0.3791246648306684,0.0,2,0.3098396051819705,84
SNE_130419.jpg,1,,0,1,0,0,0,0,0,0.39999999992,0.7223940270427602,0.17693428712428608,0.20166384996296724,0.47710059684292955,0.17555713605313503,0.20129870123160173,0.620595342391145,0.4018009643683297,0.0,3,0.6007882882882206,77
SNE_130420.jpg,1,,0,1,0,0,0,0,0,0.39999999992,0.7195970255805089,0.018975512037525597,0.163036456228202,0.4270382984983505,0.06218643449423371,0.2146739129719203,0.7076400439720247,0.3862511423073311,0.0,3,0.332258370482769,92
SNE_130421.jpg,1,,0,0,0,0,1,0,0,0.19999999996,0.7231401597415363,0.0,0.16302062900123973,0.37293792791751057,0.07255281427322008,0.24099099091066067,0.6850426707428325,0.3934815869064144,0.0,2,0.29360589697435957,111
SNE_130422.jpg,1,,0,1,0,0,0,0,0,0.39999999992,0.47622099693352615,0.0,0.16290100096376758,0.39434638879318124,0.06750667923947297,0.38990825675076457,0.6266226542545003,0.39667201345098885,0.0,3,0.29757915898809273,109
SNE_130423.jpg,1,,0,0,0,0,0,1,0,0.39999999992,0.710416666140625,0.3393807560366879,0.1935074962395193,0.4048665734642672,0.27036316197775495,0.13141025636645295,0.7470712961799937,0.4704565609993405,0.0,3,0.8769472856017502,78
SNE_130427.jpg,1,,0,0,0,0,0,1,0,0.59999999988,0.6062789744230701,0.15665171066231437,0.1798416393457414,0.48567608039182064,0.14932394155784096,0.24085365845630083,0.6153633185204583,0.4585186905919259,0.0,4,0.5663079082825861,82
SNE_130430.jpg,1,,0,0,0,0,1,0,0,0.79999999984,0.6944284555382882,0.13110467524586095,0.19360808512543465,0.29875481971434226,0.09037347197311013,0.19999999993333337,0.7400431294799277,0.3980948388124817,0.0,5,0.5228779480490683,50
SNE_130431.jpg,1,,0,0,0,0,1,0,0,0.79999999984,0.7340369382744232,0.20888746790777368,0.17991539583061694,0.47755818363434915,0.17048054917034705,0.11858974355021369,0.8312581365146745,0.4397721016648931,0.0,5,0.6551086956521027,78
SNE_130432.jpg,1,,0,0,0,0,1,0,0,1.0,0.7803571421562501,0.09460146849399577,0.16277709156741835,0.14588703601470632,0.12802998980512062,0.35817307680368593,0.7354123032303395,0.41116381525392787,0.0,7,0.4608224965343943,104
SNE_130436.jpg,1,,0,0,0,0,0,0,1,0.39999999992,0.610846825074818,0.17759873796506598,0.16374107271120017,0.4925832719929192,0.13048915566044889,0.10060975606402436,0.6964802845697557,0.4246759930370609,0.0,3,0.6019178547182109,82
SNE_130438.jpg,1,,0,1,0,0,0,0,0,0.59999999988,0.8170008464257977,0.04124484128152143,0.1916783296917403,0.341982280439516,0.12425651720513792,0.24999999991666666,0.7179931179861044,0.41540624622330946,0.0,4,0.37011623021983125,96
SNE_130439.jpg,1,,0,1,0,0,0,0,0,0.19999999996,0.3144534953722084,0.0,0.16164390170059487,0.40476844414392293,0.04613731978329564,0.46074380149931127,0.5851805750426518,0.38454757407918005,0.0,2,0.24169484165140848,121
SNE_130440.jpg,1,,0,0,0,0,1,0,0,0.59999999988,0.5862601123207032,0.3918754839909761,0.20775579475904576,0.3161587398954749,0.2215451149392895,0.07075471695754718,0.7629568820127002,0.45574302899070956,0.0,4,0.9661883231765349,53
SNE_130442.jpg,1,,0,0,0,0,1,0,0,0.0,0.304833384885249,0.41743327262298807,0.15485700742874647,0.4070697081086527,0.17560282862150592,0.1587301586772487,0.8809060043216922,0.46146478749071645,0.0,1,1.009636563876513,63
SNE_130443.jpg,1,,0,1,0,0,0,0,0,0.19999999996,0.4521823763067325,0.15217977216299472,0.18530377626758518,0.3808092145118398,0.10060087215169328,0.1311475409398907,0.7171310020897342,0.41485022098500807,0.0,2,0.5587056128292708,61
SNE_130448.jpg,1,,0,0,0,0,1,0,0,0.59999999988,0.6469464237815741,0.16447838125781197,0.18157181220888585,0.2891565087468214,0.1747420391885495,0.22619047611507936,0.7029841001162553,0.46125265277401595,0.0,4,0.5796132483027587,84
SNE_130452.jpg,1,,0,0,0,0,0,1,0,0.0,0.3364975730160372,0.0,0.20643837312258806,0.3737986417299611,0.06468107139388979,0.4109195400929119,0.6767925340825054,0.3898165206958449,0.0,1,0.2533306005328831,87
SNE_130453.jpg,1,,0,0,0,0,0,1,0,1.0,0.6892487721439613,0.06410087260867736,0.17434918118527215,0.40615694676272035,0.0890234236550834,0.22321428563988097,0.6511814998975822,0.3874499391877245,0.0,7,0.4089714834988524,84
SNE_130460.jpg,1,,0,0,0,0,1,0,0,0.59999999988,0.4680524938023487,0.12584954293039424,0.19635975754959725,0.3992771902388614,0.1289271667930946,0.17605633796948356,0.5974921301110496,0.5244825224585985,0.0,4,0.5139442231075197,71
SNE_130461.jpg,1,,0,0,0,0,0,1,0,0.39999999992,0.49034554241407374,0.016224131396359358,0.1946732902380669,0.3807598652761416,0.07870210670893675,0.2861445782178715,0.6445066190940922,0.38441831153613365,0.0,3,0.32758102339003503,83
SNE_130462.jpg,1,,0,0,0,0,1,0,0,0.59999999988,0.5221718206329667,0.3397738440058092,0.18544441156125016,0.3937081978718586,0.09394138663494686,0.2094594593896396,0.8421990202048519,0.42115280327596316,0.0,4,0.8776155351496495,37
SNE_130463.jpg,1,,0,1,0,0,0,0,0,0.39999999992,0.5894548298661877,0.04593279491857927,0.1452065415606595,0.4851494271896711,0.07146963698342736,0.23724489788010206,0.6839197618002804,0.38810959957293595,0.0,3,0.37808575140751755,98
SNE_130467.jpg,1,,0,0,0,0,0,1,0,0.59999999988,0.5397511866372023,0.0,0.1662366588206816,0.4277528840591303,0.06735245149010753,0.44690265471828916,0.5490795200028624,0.3826736020894073,0.0,4,0.2649289864428557,113
SNE_130468.jpg,1,,0,0,0,0,1,0,0,0.59999999988,0.6831825546024801,0.029616013054462313,0.17957604448685296,0.39122256360526775,0.08747563351785508,0.23097826079257242,0.6975261146582701,0.3842787660669659,0.0,4,0.35034722222220194,92
SNE_130470.jpg,1,,0,1,0,0,0,0,0,0.79999999984,0.8399932832332941,0.26541926526308535,0.17202491420831614,0.4115820872369199,0.1631712684052071,0.14084507037558688,0.8458358095123215,0.4304334183606035,0.0,5,0.7512127512126644,71
SNE_130473.jpg,1,,0,0,0,0,0,1,0,0.79999999984,0.7111768268909235,0.28231544536250647,0.19958117682074183,0.30092785342582373,0.2389229257188882,0.02739726026484022,0.7458706393780101,0.44698624279085947,0.0,5,0.7799362573985764,73
SNE_130479.jpg,1,,0,0,0,0,0,1,0,0.19999999996,0.30968274087969916,0.3972801156429137,0.2132224875444683,0.49356663950767565,0.14279542902318942,0.07236842102850875,0.8092447410572656,0.44621726433184694,0.0,2,0.9753761969902334,38
SNE_130483.jpg,1,,0,1,0,0,0,0,0,0.39999999992,0.36878397226630477,0.008899093531800406,0.1766966937255281,0.37525587316255776,0.08587979406113785,0.38613861373267333,0.7057759288610993,0.4033246888025663,0.0,3,0.31512845901295977,101
SNE_130492.jpg,1,,0,1,0,0,0,0,0,0.19999999996,0.3044665439903076,0.05864354917507875,0.15362037793109948,0.5122837056149265,0.060092863461899224,0.28571428561904766,0.6592444089355773,0.4151335495288413,0.0,2,0.3996940336562774,84
SNE_130497.jpg,1,,0,0,0,0,1,0,0,0.39999999992,0.4751259968307512,0.3269893254988018,0.2031488495551734,0.3531938783578259,0.14838871066250514,0.03333333332222225,0.7642537531110255,0.4189639672026446,0.0,3,0.8558818536749523,45
SNE_130499.jpg,1,,0,1,0,0,0,0,0,0.79999999984,0.867570384899635,0.2240174509718091,0.19284298732284608,0.308058815793791,0.15908564620294824,0.07812499997395833,0.8386641413763521,0.43029249892570026,0.0,5,0.6808296668760929,64
SNE_130508.jpg,1,,0,1,0,0,0,0,0,0.39999999992,0.9063055052009326,0.12186470987584791,0.18882334857069333,0.3829276665570144,0.14741934308435678,0.16761363630776518,0.7150811599297276,0.4308009214763558,0.0,3,0.5071700069108062,88
SNE_130511.jpg,1,,0,0,0,0,1,0,0,0.9999999998,0.6670153660303273,0.3984445492434517,0.20395791987018674,0.44708125865407944,0.298181538507921,0.10958904105936072,0.7086254238207014,0.47051868563651633,0.0,6,0.9773557341123124,73
SNE_130513.jpg,1,,0,1,0,0,0,0,0,0.39999999992,0.3386909294700883,0.038671455871255735,0.16863812560074062,0.40457773889903914,0.060060937427246046,0.39814814801543214,0.6146703855655482,0.4159393483962526,0.0,3,0.3657414750198062,81
SNE_130515.jpg,1,,0,1,0,0,0,0,0,0.0,0.36038216139643275,0.14858619870633266,0.17557462526979703,0.10751199919889737,0.11089307821743373,0.18214285708214287,0.7808564682909367,0.42653079520211273,0.0,1,0.5525965379493517,70
SNE_130517.jpg,1,,0,0,0,0,0,1,0,0.59999999988,0.6417526534888176,0.10884737894720145,0.20086732748936156,0.3739818141858404,0.11906245245840887,0.15357142852023806,0.744345424416365,0.4220707784891587,0.0,4,0.48504054431908983,70
SNE_130522.jpg,1,,0,1,0,0,0,0,0,0.79999999984,0.7632695394037032,0.010204928227621769,0.1980324695765127,0.4209600836549631,0.09869063457174455,0.2759433961344339,0.6848830701925865,0.3973268445503157,0.0,5,0.3173483779971619,106
SNE_130524.jpg,1,,0,0,0,0,0,1,0,0.39999999992,0.44088117071763044,0.0,0.14681356715699928,0.4432877891499158,0.04458725283329186,0.4379562042335767,0.29050366057980126,0.4299519358890737,0.0,3,0.23724517312047685,137
SNE_130526.jpg,1,,0,0,0,0,0,1,0,0.39999999992,0.7109974638651175,0.2551450223847849,0.19697119445851963,0.4958888764756969,0.19029407882356597,0.05357142855357146,0.8051865649767183,0.4409900131883491,0.0,3,0.7337465383092794,70
SNE_130528.jpg,1,,0,0,0,0,0,1,0,0.39999999992,0.5187349155190382,0.12427198594901182,0.15128062749246168,0.4479942596213642,0.09067222510599464,0.2982954544460227,0.5488333455243373,0.4101969044183451,0.0,3,0.5112623762375921,88
SNE_130533.jpg,1,,0,0,0,0,0,1,0,0.59999999988,0.5735973770140672,0.010302035118255894,0.15926600697824134,0.33551077528836676,0.07714361231431247,0.39449541271253813,0.733407188625536,0.4207198619241043,0.0,4,0.31751345971133704,109
SNE_132148.jpg,1,,0,0,0,1,0,0,0,0.19999999996,0.66734999563934,1.0,0.1601453194745006,0.36719944528536685,0.4628089810038236,0.20879120872161172,0.4391241926984415,0.5323795573860194,0.0,2,2.3643994834260944,91
SNE_132159.jpg,1,,0,0,0,1,0,0,0,0.19999999996,0.8384994041088526,0.0,0.18252827985637973,0.1554836225774603,0.18114685016596632,0.3035714284702381,0.5536200675921072,0.5076958535861509,0.0,2,0.26154305550370416,238
SNE_132187.jpg,1,,0,0,0,1,0,0,0,0.59999999988,0.839907888617591,0.16916524628939003,0.16023642943517916,0.2290109187527414,0.2814636679404616,0.23638613853506601,0.5451111246310254,0.5149225903387976,0.0,4,0.5875809188611283,202
SNE_132201.jpg,1,,0,0,0,1,0,0,0,0.39999999992,0.8029376890996609,0.5342022156038969,0.1468784320005577,0.07664273781943741,0.45021790137246004,0.20982142850148813,0.5971784362961867,0.5373932738770956,0.0,3,1.208143767060827,168
SNE_132207.jpg,1,,0,0,0,1,0,0,0,0.39999999992,0.6763222100577436,1.0,0.14744152947022382,0.30266273616114714,0.6781673808565097,0.1610576922540064,0.5848881480826309,0.5293357791526102,0.0,3,3.477970627502409,104
SNE_132223.jpg,1,,0,0,0,1,0,0,0,0.59999999988,0.7590407790394973,1.0,0.1495853252933346,0.29943148406880726,0.6276473352616941,0.2003676469920343,0.5529352395715008,0.5360603309872594,0.0,4,2.3501235506553217,136
SNE_132224.jpg,1,,0,0,0,1,0,0,0,0.19999999996,0.8429705206845237,0.1712118906400424,0.16775789033470145,0.2971897140098718,0.2506756362356492,0.26602564093696585,0.5310617096375903,0.5121387496902959,0.0,2,0.591060214259284,156
SNE_132245.jpg,1,,0,0,0,1,0,0,0,0.19999999996,0.9919841471983923,0.015060697495713404,0.1859314116266687,0.1903163542486739,0.2161359124966693,0.29128440357262997,0.4704301146423667,0.5068212270064496,0.0,2,0.3256031857577735,218
SNE_132266.jpg,1,,0,0,0,1,0,0,0,0.39999999992,0.8464240093510537,0.16652293683651934,0.17012494573337586,0.30899462863308746,0.2726923894715917,0.24519230761057692,0.4462041712935505,0.5185487639582121,0.0,3,0.5830889927886058,156
SNE_13315396.jpg,1,,0,0,1,0,0,0,0,0.19999999996,0.4865365611580328,0.0,0.1871350479540729,0.24890990181335526,0.046763666840542895,0.24698795172489962,0.6890501167729204,0.4214670721081996,0.0,2,0.27130830489191027,83
SNE_13315559.jpg,1,,0,0,0,0,1,0,0,0.79999999984,0.7771295208941074,0.0,0.19575313355807172,0.25767129021166424,0.046152365365290514,0.26442307683493593,0.7096807187314211,0.43596202288737657,0.0,5,0.2508542278261646,156
SNE_13315818.jpg,1,,0,0,0,0,0,0,1,0.39999999992,0.39913910077166925,0.08219998000018099,0.1541485375083407,0.5158305956098284,0.05298860491364294,0.20774647880399058,0.6942527282708677,0.38180425059755135,0.0,3,0.43973996608250765,71
SNE_13315819.jpg,1,,0,0,0,0,0,0,1,0.39999999992,0.7595105680823725,0.07294197295480878,0.1546670479024921,0.31113417800733634,0.07208780243556608,0.13095238090873013,0.8400279354165285,0.39511350075377266,0.0,3,0.4240013540961169,84
SNE_13315823.jpg,1,,0,0,0,0,0,0,1,0.59999999988,0.8378068881258016,0.03735018988286581,0.15541910198297623,0.4615799862321299,0.083060148652117,0.16371681410471975,0.7715495918649009,0.40511217722558296,0.26065860174166383,4,0.36349532283822206,113
SNE_13315829.jpg,1,,0,0,0,0,0,0,1,0.59999999988,0.5451963075882946,0.09835313065220123,0.14140483119127453,0.4215708095485051,0.048058145659900874,0.378289473558114,0.8119242979242165,0.42440486653150533,0.0,4,0.46720032220709523,76
SNE_13315836.jpg,1,,0,0,0,0,1,0,0,0.79999999984,0.83589209734745,0.03636143323098609,0.15432391241673923,0.4163794323449408,0.06369003789385108,0.14320388344741097,0.6892500707506325,0.39855531621176504,0.0,5,0.3618144365290378,103
SNE_13315848.jpg,1,,0,0,0,0,1,0,0,0.9999999998,0.9479871737998753,0.18031190798546173,0.16514893798520905,0.36464628122513837,0.16316898171759575,0.1513761467385321,0.7159692716131973,0.4548423055829758,0.0,6,0.6065302437555968,109
SNE_13315858.jpg,1,,0,0,0,0,0,1,0,0.59999999988,0.7902078599470762,0.04285136127910226,0.14493562903300627,0.40701186492577873,0.058699695688213704,0.17171717165993264,0.7524293836209826,0.395700837614091,0.0,4,0.3728473142173252,99
SNE_13315863.jpg,1,,0,0,0,0,1,0,0,0.59999999988,0.8503867995591835,0.0,0.15265697623592828,0.43585400311630207,0.041669286131425086,0.2519379844121447,0.7408206551860484,0.37362685039549787,0.12593127418968517,4,0.21456151559764955,129
SNE_13315869.jpg,1,,0,0,0,0,0,1,0,0.79999999984,0.777520960436738,0.09814245361420584,0.1603515370410407,0.2933162507095607,0.08097622769678452,0.1851851851234568,0.7542643163399854,0.4343504411687952,0.0,5,0.4668421712422924,81
SNE_13315875.jpg,1,,0,0,0,0,0,1,0,0.39999999992,0.8337233838940321,0.07203439924573261,0.15223045965288412,0.5220341900896244,0.0893450700597913,0.14950980387173202,0.8061928084702779,0.4136761382019101,0.0,3,0.4224584787897798,102
SNE_13315881.jpg,1,,0,0,0,0,0,1,0,0.59999999988,0.6860362624409783,0.008028988922836374,0.1571506060211137,0.3949957957835577,0.05954706223309443,0.21568627443790847,0.670059557716146,0.3981410670612246,0.06093836985504131,4,0.3136492811768508,102
SNE_13315884.jpg,1,,0,0,0,0,0,1,0,0.59999999988,0.7791161530686587,0.0175590721769595,0.1598090214970569,0.32546487880778807,0.04548929226924161,0.05813953486434111,0.7376212385353322,0.35749284311307833,0.0,4,0.3298504227183902,86
SNE_13315886.jpg,1,,0,0,0,0,1,0,0,0.9999999998,0.9103295300261406,0.0,0.1468066162376855,0.33696422921124575,0.04817322034013228,0.29268292673170726,0.6891312809586545,0.39885781552500993,0.10482715525131825,6,0.26409218312051497,123
SNE_13315904.jpg,1,,0,0,0,0,1,0,0,0.9999999998,0.9554777219459958,0.0,0.16953468224431412,0.44134368403319535,0.061489870944153986,0.18018018012012013,0.7010791085991321,0.4083374063568671,0.6339636316992313,6,0.2732458196593111,111
SNE_13315913.jpg,1,,0,0,0,0,1,0,0,0.9999999998,0.7616543484078311,0.08916927373536215,0.16214721217296413,0.3841918389168951,0.06357555684512177,0.18014705876348042,0.7481924465642903,0.4325250059139762,0.0,6,0.4515877654392849,68
SNE_13315915.jpg,1,,0,0,0,0,0,1,0,0.59999999988,0.6179463824211834,0.0,0.16303639987328747,0.47542881579422147,0.03263017463202432,0.19705882346372544,0.7096354686336638,0.38499182891290146,0.01922368311830772,4,0.2661711454164183,85
SNE_13315922.jpg,1,,0,0,0,0,1,0,0,0.9999999998,0.8909713815296252,0.12003825913548884,0.1704889365364255,0.40261844762658716,0.10102306763292934,0.06329113921940925,0.761635374464569,0.4085846609531837,0.0,6,0.5040650406503693,79
SNE_13315931.jpg,1,,0,0,0,0,1,0,0,0.79999999984,0.7886948076237263,0.0,0.15144206458720894,0.3652426588864486,0.025711696741963795,0.17469879512248998,0.7410672322374017,0.3745398908982979,0.0,5,0.28425394548062105,83
SNE_13315942.jpg,1,,0,0,0,0,0,1,0,0.59999999988,0.8307067804530801,0.04766894878662862,0.15961440595229764,0.45548580381110654,0.08670875525189721,0.2032710279696262,0.5450438720583106,0.3890980107028798,0.10092372523127525,4,0.3810372129849376,107
SNE_13315945.jpg,1,,0,0,0,0,0,1,0,0.79999999984,0.8838896942507257,0.06463717558693066,0.17004680487664828,0.5837553063105396,0.10657146008444235,0.05198019800247522,0.7399399663615694,0.3912305801952157,0.0,5,0.4098831985624193,101
SNE_13315957.jpg,1,,0,0,0,0,0,1,0,0.59999999988,0.9326466990132469,0.000573692847173616,0.14922030556985835,0.2971359681316955,0.04585118954754102,0.16161616156228956,0.7296732485309074,0.39535631212139505,0.0,4,0.30097527784076883,99
SNE_13315960.jpg,1,,0,0,0,0,0,1,0,0.59999999988,0.8359924909479117,0.0,0.15353140134944404,0.40805697301350874,0.036359013471454496,0.1291208790778388,0.7026097601262952,0.3746040318234863,0.0,4,0.28952062430322223,91
SNE_13315971.jpg,1,,0,0,0,0,0,0,1,0.0,0.12445629511053266,0.0,0.1740288054596695,0.37553118024717425,0.10075326924029278,0.3262195120863821,0.6629773083549118,0.4537162821378175,0.0,1,0.25603298148344683,164
SNE_13315977.jpg,1,,0,0,0,0,0,0,1,0.19999999996,0.19118020149313764,0.0,0.20359997474088892,0.42742662976313794,0.09599854671736108,0.2939814813834876,0.7001763445928882,0.5074516644475405,0.0,2,0.26895722204788886,108
SNE_13315979.jpg,1,,0,0,0,0,0,0,1,0.0,0.10588167869877758,0.0,0.19335058761321064,0.4422843034146331,0.12366639115199086,0.2768817203378136,0.41768929862365334,0.5055853102212237,0.0,1,0.21340584930124573,186
SNE_13315981.jpg,1,,0,0,0,0,0,0,1,0.19999999996,0.17498867167586968,0.036022665925911905,0.1702224077626428,0.4092399501234395,0.11472279530014005,0.3442622949672131,0.7346897713323606,0.4997783306311587,0.0,2,0.3612385321100729,122
SNE_13315992.jpg,1,,0,0,0,0,0,0,1,0.0,0.2483819145415321,0.06845850667568001,0.1689844747185678,0.3592506517292376,0.21330869668703387,0.2658959536685934,0.6512427857086638,0.5369420860235843,0.0,1,0.4163794614171145,173
SNE_13315995.jpg,1,,0,0,0,0,0,0,1,0.19999999996,0.1759380821902507,0.0,0.19027846549161395,0.5852025270045302,0.08735989982525966,0.3773291924208075,0.6005282737806661,0.45066546691214876,0.0,2,0.1985131339831423,161
SNE_13315999.jpg,1,,0,0,0,0,0,0,1,0.59999999988,0.8026809236300805,0.24145625045716873,0.12830164944490896,0.08640947422221301,0.15890073381989547,0.2753456220280338,0.5987403385137404,0.4112049911734595,0.0,4,0.7104756260186431,217
SNE_13316008.jpg,1,,0,0,0,0,0,0,1,0.19999999996,0.17294253241088514,0.0,0.1847813163495672,0.5226367619775554,0.04197997174072584,0.395631067829288,0.595791633367911,0.3928116370893629,0.0,2,0.20901253097838637,103
SNE_13316010.jpg,1,,0,0,0,0,0,0,1,0.0,0.11881539170743108,0.06525070807460995,0.1799807976489963,0.5309640335653865,0.1250565371124322,0.21717171709932662,0.8165390201649462,0.5056424781096865,0.0,1,0.4109262037920876,99
SNE_13316022.jpg,1,,0,0,0,0,0,0,1,0.19999999996,0.31282558192646925,0.019314004625400595,0.17824134031782443,0.5040729556663132,0.14586406070750832,0.28642384096412804,0.6281927206461546,0.48323221694507257,0.0,2,0.332833807882495,151
SNE_13316027.jpg,1,,0,0,0,0,0,0,1,0.19999999996,0.1456787251723208,0.01960784312571284,0.1671829606854474,0.638993005272503,0.0964480165845492,0.40398550711171494,0.6126759143312261,0.47894880119251887,0.0,2,0.33333333333331966,138
SNE_13316031.jpg,1,,0,0,0,0,0,0,1,0.19999999996,0.3113783226602942,0.0,0.17021965598554642,0.417389574210836,0.0756370510776622,0.36346153834038464,0.6564305475384313,0.4141349811685866,0.0,2,0.27336807768736554,130
SNE_13316033.jpg,1,,0,0,0,0,0,0,1,0.19999999996,0.17101802104164424,0.07408812983200694,0.19867538718765032,0.4516510826787056,0.19637804185587282,0.28409090899621214,0.5901655125078504,0.539027687033623,0.0,2,0.4259498207884999,132
SNE_13316034.jpg,1,,0,0,0,0,0,0,1,0.0,0.20345525278412166,0.0,0.18009300711345239,0.2948873999305326,0.1426449548727763,0.34196891180310884,0.3655064609858183,0.5067671299877022,0.0,1,0.24072436464299893,193
SNE_13316036.jpg,1,,0,0,0,0,0,0,1,0.0,0.310126950112137,0.06220486822432917,0.16224495879030532,0.3476628336872113,0.15654272279705872,0.30298013234933774,0.61271699403098,0.5126861915010407,0.0,1,0.40574827604356445,151
SNE_13316044.jpg,1,,0,0,0,0,0,0,1,0.0,0.34823314293782515,0.0,0.17881773299548734,0.34269112164170334,0.1527829198958494,0.2924901184795784,0.42475684818827,0.49972247026366545,0.0,1,0.21945575712698323,253
SNE_13316053.jpg,1,,0,0,0,0,0,0,1,0.0,0.07657505311967046,0.05642380709922917,0.18201147129641135,0.6114693553184164,0.2263130753956495,0.24594594586396396,0.6680374502243169,0.5504117260836826,0.0,1,0.3959204721251134,185
SNE_13316067.jpg,1,,0,0,0,0,0,0,1,0.0,0.05088508454812775,0.03024478571582956,0.1911496063880459,0.49476923452798044,0.16814682259865277,0.31015037583646615,0.5510920913222275,0.5178287324200403,0.0,1,0.351416135747155,133
SNE_13316069.jpg,1,,0,0,0,0,0,0,1,0.0,0.07126898695940015,0.251693773667946,0.1796709421691235,0.500861900925509,0.24410612305107657,0.25510204073129256,0.6053473501597801,0.5343954763705266,0.0,1,0.7278794154872019,98
SNE_13316070.jpg,1,,0,0,0,0,0,0,1,0.0,0.09665934571477633,0.0767383258072722,0.1739509561950622,0.6232823806141101,0.1992531529406249,0.2517482516643356,0.8100765268497312,0.522332778603377,0.0,1,0.43045515394910105,143
SNE_13316071.jpg,1,,0,0,0,0,0,0,1,0.0,0.09444308179593289,0.0740386545989055,0.20398712257727933,0.5772541112116115,0.18053547131600067,0.2431192659740061,0.6827557156453756,0.5322333673372157,0.0,1,0.425865712892178,109
SNE_13316074.jpg,1,,0,0,0,0,0,0,1,0.0,0.14742074145394873,0.10468342299881067,0.1723747690645128,0.3658920927186505,0.16161825111106226,0.25862068956896556,0.7960637397598328,0.5231674167941684,0.0,1,0.47796181920266156,116
SNE_13316078.jpg,1,,0,0,0,0,0,0,1,0.0,0.08506852570247572,0.0,0.2018834446814588,0.5967882501618142,0.16788782247550083,0.30483870957580644,0.5318145378779492,0.5301541357559383,0.0,1,0.2928042385251504,155
SNE_13316080.jpg,1,,0,0,0,0,0,0,1,0.19999999996,0.1267380111053612,0.0,0.20107838790752244,0.4541811291652046,0.06560054605457068,0.31701030917268036,0.6207229999535303,0.41636946088581045,0.0,2,0.25044001852708425,97
SNE_13316081.jpg,1,,0,0,0,0,0,0,1,0.0,0.35353887154647373,0.014300493795188536,0.16479343836365118,0.22010732604967567,0.16401331380008582,0.26767676758754205,0.5373632136174173,0.49428024732815706,0.0,1,0.324310839466121,198
SNE_13316082.jpg,1,,0,0,0,0,0,0,1,0.0,0.05446127053669124,0.0,0.18409155105473707,0.4697004520718324,0.06406815263848249,0.4122023808149801,0.6408825801222018,0.4048833337176599,0.0,1,0.15014254038643887,168
SNE_13316086.jpg,1,,0,0,0,0,0,0,1,0.59999999988,0.625849514248483,1.0,0.1197457159162223,0.30621176624486013,0.59656261694186,0.20103092776804127,0.6106345086178174,0.5120017572886556,0.0,4,4.711597151575607,97
SNE_13316091.jpg,1,,0,0,0,0,0,0,1,0.0,0.15745924703137285,0.05155351353652214,0.16389154267355482,0.28359925052200685,0.13500546966898969,0.31045751623638346,0.757677467143065,0.5162603608342551,0.0,1,0.38764097306364115,153
SNE_13316095.jpg,1,,0,0,0,0,0,0,1,0.39999999992,0.8617933507787687,0.6086817304990453,0.15197370195771112,0.2256381362769882,0.47941393132548604,0.20352564095779915,0.6019269131925206,0.5438152141971891,0.0,3,1.3347589424570587,156
SNE_13316097.jpg,1,,0,0,0,0,0,0,1,0.19999999996,0.15143944818404034,0.04500106829690303,0.20194766408588324,0.5379130233100025,0.21758503548958258,0.2142857142142857,0.6236421479186391,0.5391202391299601,0.0,2,0.3765018161497362,147
SNE_13316098.jpg,1,,0,0,0,0,0,0,1,0.0,0.19813182704626436,0.15523514764709698,0.19014981099882858,0.13390633697958745,0.19995509567457437,0.22222222214814816,0.5808477073495815,0.5334854292930037,0.0,1,0.5638997511553,108
SNE_13316106.jpg,1,,0,0,0,0,0,0,1,0.19999999996,0.2994159858469082,0.001886606036963384,0.16408935228066487,0.23098838258083293,0.13258712644717502,0.34374999988541666,0.5183337042322758,0.4597662969948531,0.0,2,0.30320723026472435,176
SNE_13316112.jpg,1,,0,0,0,0,0,0,1,0.19999999996,0.6953072695612699,0.12735264181042752,0.17311372696016655,0.12771470901154855,0.31653162558361636,0.2215025905997409,0.6320298133428194,0.5452146763472975,0.0,2,0.5164994912050794,193
SNE_13316113.jpg,1,,0,0,0,0,0,0,1,0.19999999996,0.25638355356434145,0.0,0.19443259002848026,0.4590288273625133,0.09033438397579287,0.21679687492773436,0.5675360129032173,0.44142091005962975,0.0,2,0.23776579941427622,128
SNE_13316120.jpg,1,,0,0,0,0,0,0,1,0.0,0.5250149511420766,0.1684997375751565,0.17312125007442955,0.14343383662919465,0.300513783398955,0.2210365852921748,0.6434839493659479,0.5562740237847227,0.0,1,0.5864495540462658,164
SNE_13316216.jpg,1,,0,0,0,0,1,0,0,0.9999999998,0.8253001899621955,0.29099741145164565,0.17686807046925324,0.524350476975992,0.2868246565296833,0.13551401864641743,0.7934799801657977,0.5076370441088975,0.0,6,0.794695599758795,107
SNE_13316283.jpg,1,,0,0,0,0,1,0,0,0.9999999998,0.990904022285459,0.0,0.1545528728046082,0.47566629291505147,0.07588130486000766,0.2592592591728395,0.6400796474688943,0.3568571107136409,0.0,6,0.23443764507279313,162
SNE_13317569.jpg,1,,0,1,0,0,0,0,0,0.39999999992,0.6239320093332268,0.10048691492105677,0.1569861275876564,0.48989452187710164,0.09268653560560404,0.27525252516077436,0.66713439922363,0.41872233055473185,0.0,3,0.4708277554662834,99
SNE_13317573.jpg,1,,0,1,0,0,0,0,0,0.59999999988,0.5657886060018775,0.0,0.16643301884045497,0.526897266988466,0.0486729111747261,0.38247863235113955,0.6518857540701329,0.39875378461113253,0.0,4,0.24735958937912522,117
SNE_13317593.jpg,1,,0,0,0,0,0,1,0,0.19999999996,0.38998896955770374,0.04301972325066672,0.16757274902576771,0.3905929728547597,0.0614481078187074,0.21296296289197528,0.7003863845762229,0.3921928122065272,0.0,2,0.37313352956915313,81
SNE_13317612.jpg,1,,0,0,0,0,0,1,0,0.39999999992,0.36104922094443287,0.013942144492249484,0.16418078889030588,0.5264912155411114,0.047479780874326485,0.3146067414681648,0.6473208815444385,0.3908534783804169,0.0,3,0.32370164565076626,89
SNE_13317626.jpg,1,,0,0,0,0,0,1,0,0.39999999992,0.4683136137697861,0.0,0.1468755848566127,0.3244399936454149,0.0,0.31854838699059135,0.790523529578265,0.36383551289513477,0.0,3,0.2555699114486416,62
SNE_13317630.jpg,1,,0,0,0,0,0,1,0,0.59999999988,0.5787872325659591,0.031713187769012406,0.158623737120929,0.3657181810922876,0.024283609233875677,0.12280701750292398,0.7613412523870042,0.37332914714923027,0.0,4,0.35391241923903427,57
SNE_13317689.jpg,1,,0,0,0,0,0,1,0,0.39999999992,0.33967379031574574,0.052717830959371506,0.18250272680724333,0.5195394070770483,0.06491867377705755,0.3651315788256579,0.6965318615865213,0.42530643805011215,0.0,3,0.3896203126836494,76
SNE_13317702.jpg,1,,0,0,0,0,0,1,0,0.39999999992,0.36514411051166484,0.0,0.16885994433181492,0.49829382478148093,0.028543916872662972,0.405172413658046,0.6569412637664115,0.38288800728704364,0.23636363321211049,3,0.24060416962132178,87
SNE_13317732.jpg,1,,0,0,0,0,0,1,0,0.39999999992,0.6098979074269182,0.08980763343915923,0.17074793854061257,0.4417581702933904,0.06314245818917709,0.08712121209217175,0.796361132089034,0.40604743770178975,0.0,3,0.4526729769363783,66
SNE_13317748.jpg,1,,0,0,0,0,0,1,0,0.39999999992,0.3541041696375431,0.0,0.1591692298644084,0.5605749529816683,0.04602322485452605,0.43461538447051273,0.6688505649266532,0.38090169770047155,0.019461506406792936,3,0.2153300458517111,130
SNE_13317799.jpg,1,,0,0,0,0,0,1,0,0.39999999992,0.48807402683085843,0.0636791333708907,0.19702187186418965,0.42424003332747107,0.06311853968635672,0.1374999999541667,0.7121341067981004,0.44391651041526264,0.0,3,0.40825452679419333,60
SNE_13317807.jpg,1,,0,0,0,0,0,1,0,0.39999999992,0.4333816100189006,0.10724844014410605,0.13514810909756103,0.44810697954167444,0.034223554580575424,0.28409090899621214,0.6997244316028777,0.38523819814504584,0.0,3,0.4823223483522287,66
SNE_13317818.jpg,1,,0,0,0,0,0,1,0,0.59999999988,0.6415127230197784,0.004234378573833647,0.18251957608693353,0.5616218662416869,0.0408048330887908,0.0753424657283105,0.7594800931380501,0.3768715171032086,0.0,4,0.30719844357975157,73
SNE_13317819.jpg,1,,0,0,0,0,0,1,0,0.39999999992,0.6213291459339216,0.0,0.15898978834634678,0.5138796542095125,0.021160586781896938,0.3449074072924383,0.700432307876361,0.36399378676534183,0.0,3,0.19659872776839682,108
SNE_13374461.jpg,1,,1,0,0,0,0,0,0,0.19999999996,0.3182794982334063,0.0,0.1942413530589446,0.45895611409763376,0.12113847916307476,0.30783582079291044,0.6852023234062932,0.4145078868538076,0.0,2,0.2634898733553312,134
SNE_13374462.jpg,1,,1,0,0,0,0,0,0,1.0,0.911349326860005,0.0,0.19025415470588916,0.14117142523061113,0.1235345472601765,0.3075221237912979,0.04006420849072012,0.5356710873164626,0.0,8,0.21561018957345335,226
SNE_13374463.jpg,1,,1,0,0,0,0,0,0,0.59999999988,0.8101152776790064,0.0,0.1620989246223861,0.16340078663926602,0.11311037783429999,0.32604562726774394,0.0,0.5369391989397918,0.0,4,0.16794386704343678,263
SNE_13374464.jpg,1,,1,0,0,0,0,0,0,0.19999999996,0.48500959327891396,0.05998408574858066,0.1639381789326573,0.32067595060332554,0.12302464471001551,0.3584070795265486,0.7085610989141651,0.42777527076017546,0.0,2,0.4019729458325712,113
SNE_13374466.jpg,1,,1,0,0,0,0,0,0,0.59999999988,0.821069472634993,0.0,0.18322579573085046,0.30575588363472495,0.0835514006867039,0.35384615372820505,0.5225828978979762,0.40741394407694376,0.0,4,0.22268221806455862,130
SNE_13374467.jpg,1,,1,0,0,0,0,0,0,0.79999999984,0.8873712484717868,0.005350811467756052,0.17034345889506383,0.28859725953246884,0.124197013432116,0.2929104476635572,0.7241896352683674,0.4130617622338031,0.0,5,0.3090963795005361,134
SNE_13374468.jpg,1,,1,0,0,0,0,0,0,0.79999999984,0.6095491545302082,0.24879734487856003,0.1891854236190034,0.34684666259620633,0.2027623405958105,0.15666666661444442,0.7586189425181331,0.4722263317315864,0.0,5,0.7229554865423494,75
SNE_13374470.jpg,1,,1,0,0,0,0,0,0,0.39999999992,0.4725565115929773,0.1919981731123118,0.19207715833484942,0.348159623772823,0.20739974860033716,0.2589285713422619,0.7392562430723866,0.530468176798749,0.0,3,0.6263968944829282,84
SNE_13374471.jpg,1,,1,0,0,0,0,0,0,0.19999999996,0.42472801870312277,0.005776929320027585,0.20126104043469917,0.42346265135795325,0.14653732901749403,0.31599999989466665,0.6052194914772271,0.423836910807163,0.0,2,0.3098207798498238,125
SNE_13374473.jpg,1,,1,0,0,0,0,0,0,0.39999999992,0.4179586912879346,0.0861293833197182,0.190089365143634,0.4391865828351775,0.20353982298288417,0.22314049579338843,0.76493095726312,0.5136587270820061,0.0,3,0.4464199517296503,121
SNE_13374474.jpg,1,,1,0,0,0,0,0,0,0.59999999988,0.7748992448861567,0.0,0.17309405414861231,0.4143836067637703,0.09170409488090005,0.374999999875,0.6650837386982067,0.37963470534669613,0.0,4,0.21332472979512135,170
SNE_13374475.jpg,1,,1,0,0,0,0,0,0,0.59999999988,0.46647225135647025,0.0,0.20708022641275567,0.3213153309185679,0.07129073945509075,0.3683035713058036,0.6634092126725614,0.39358562309986167,0.0,4,0.19811638076016658,112
SNE_13374476.jpg,1,,1,0,0,0,0,0,0,0.39999999992,0.5585956399684422,0.07340493077280238,0.18986336548774188,0.3420598467212431,0.16399292085369782,0.259433962177673,0.6345603030363971,0.465239238964971,0.0,3,0.424788382387169,106
SNE_13374478.jpg,1,,1,0,0,0,0,0,0,0.39999999992,0.4679697692394892,0.0,0.19975711265218063,0.36365805430998743,0.11765097592858663,0.36592178758752325,0.594520690780576,0.4209922488127282,0.0,3,0.1833134511802703,179
SNE_13374479.jpg,1,,1,0,0,0,0,0,0,0.79999999984,0.7671232090882893,0.0,0.19208186304875863,0.26444187013221426,0.10226756594642547,0.33474576260028255,0.6907065591736525,0.41202468196359665,0.0,5,0.26792038709032434,118
SNE_13374480.jpg,1,,1,0,0,0,0,0,0,0.39999999992,0.6963300758540093,0.0,0.199332844834584,0.315911010414746,0.09310319087318669,0.3902439023089431,0.5885458480451357,0.3861433036550591,0.0,3,0.17197946916998136,164
SNE_13374482.jpg,1,,1,0,0,0,0,0,0,0.39999999992,0.8070730132498265,0.0,0.2072031960937802,0.41146984103635553,0.10203503241174075,0.400837988693203,0.5697022133278999,0.41345414510513206,0.0,3,0.16279222484895708,179
SNE_13374483.jpg,1,,1,0,0,0,0,0,0,0.39999999992,0.6448317945355873,0.04077173630211114,0.19134209333222987,0.3441573121688931,0.1493536472583124,0.23883928563467263,0.6635050595667332,0.4346202333051519,0.0,3,0.36931195175436066,112
SNE_13374485.jpg,1,,1,0,0,0,0,0,0,0.59999999988,0.47415371805862716,0.0,0.19069704843872,0.2583916718708354,0.10234146029242906,0.2904411763737745,0.6431183641876598,0.4280884223503208,0.0,4,0.23404347449552984,136
SNE_13374488.jpg,1,,1,0,0,0,0,0,0,0.39999999992,0.6038911313118065,0.0,0.18627925718565103,0.27860867193210687,0.0945817019449812,0.37259615372195515,0.6208630440720578,0.41484212743767884,0.0,3,0.2950890215695608,104
SNE_13374489.jpg,1,,1,0,0,0,0,0,0,0.79999999984,0.8119662673669672,0.0,0.18636128807769273,0.2646068739232519,0.09559325223187662,0.3253968252883598,0.626065759489501,0.38618059211071476,0.0,5,0.2505140813589517,126
SNE_13374492.jpg,1,,1,0,0,0,0,0,0,0.59999999988,0.8756351309263851,0.11884733047468105,0.18610033596123735,0.28488635890327674,0.20556797043231495,0.26991150433480826,0.7039464448974272,0.5289740071916333,0.0,4,0.5020404619258051,113
SNE_13374493.jpg,1,,1,0,0,0,0,0,0,0.39999999992,0.5514621969553237,0.0,0.20052106207370557,0.2224876435249082,0.12057272889887824,0.3313008128976965,0.6694526355961941,0.4230182917883129,0.0,3,0.2650363869862872,123
SNE_13374494.jpg,1,,1,0,0,0,0,0,0,0.39999999992,0.6891042786355097,0.1344269604118531,0.1948813097555855,0.3513332142406501,0.1573487878632481,0.18124999993958332,0.7576326359411696,0.5138600327061683,0.0,3,0.5285258328345772,80
SNE_13374495.jpg,1,,1,0,0,0,0,0,0,0.59999999988,0.6159368957415214,0.01128744179933934,0.21021003148203565,0.43163312024270406,0.1635010871950551,0.2859848483895202,0.6088926388454896,0.4687627111244134,0.0,4,0.3191886510701643,132
SNE_13374496.jpg,1,,1,0,0,0,0,0,0,0.39999999992,0.5716402606856417,0.0,0.1822089296219945,0.3789601752303662,0.11062635468339757,0.3138297871294326,0.6579025981820615,0.41820987876576465,0.0,3,0.2538278775079086,141
SNE_13374497.jpg,1,,1,0,0,0,0,0,0,0.59999999988,0.8861080542846993,0.0,0.18208320017797083,0.2824635807732402,0.11813862497694508,0.39644970400986196,0.5563401571283041,0.4398520555674842,0.0,4,0.2171024843527928,169
SNE_13374498.jpg,1,,1,0,0,0,0,0,0,0.79999999984,0.8605350919060868,0.011747884562829738,0.17784644396742183,0.3322528177498787,0.1314700989182744,0.31204379551642336,0.6547990959529906,0.43809512848281823,0.0,5,0.3199714037685584,137
SNE_13374499.jpg,1,,1,0,0,0,0,0,0,0.9999999998,0.9594606610086995,0.040780280856203645,0.18122469395081064,0.3805324391403141,0.1662072721136924,0.24427480907888044,0.6989424767703731,0.4673075751029308,0.0,6,0.36932647749632647,131
SNE_13374500.jpg,1,,1,0,0,0,0,0,0,0.79999999984,0.6583041442134234,0.0,0.18677659825396176,0.3803595657721842,0.07083317575111343,0.3896396395097597,0.7028410364221145,0.40139041564171707,0.0,5,0.23348408639417415,111
SNE_13374503.jpg,1,,1,0,0,0,0,0,0,0.9999999998,0.7421496184202552,0.0,0.1834258740848095,0.40477438472890725,0.1297370244607308,0.2730769229858974,0.6392195503116835,0.39800347854904744,0.0,6,0.29990937683243774,130
SNE_13374504.jpg,1,,1,0,0,0,0,0,0,0.79999999984,0.906887069798233,0.0,0.2005362422361924,0.3857609420144731,0.12691207670122157,0.267605633713615,0.6192303147210381,0.39113317956459914,0.0,5,0.241627828760859,142
SNE_13374505.jpg,1,,1,0,0,0,0,0,0,0.39999999992,0.7794310469896004,0.0,0.18055579637158536,0.42727262901578733,0.09197538467152427,0.287037036941358,0.6368597884130414,0.38391222350447524,0.0,3,0.29429123842473315,108
SNE_13374506.jpg,1,,1,0,0,0,0,0,0,0.19999999996,0.3025633703005193,0.0,0.17660102615754772,0.3463200081602251,0.1006707532385559,0.33152173901992754,0.6913697197992373,0.40012949782549495,0.0,2,0.2414622820718375,138
SNE_13374507.jpg,1,,1,0,0,0,0,0,0,0.79999999984,0.6908121016327204,0.0,0.17476957925281683,0.49258369354589504,0.08605368474499453,0.32894736831140353,0.7260586998155104,0.39311824342848734,0.0,5,0.23635931370605712,133
SNE_13374508.jpg,1,,1,0,0,0,0,0,0,0.79999999984,0.8765371961851638,0.05671877091770255,0.17696532807537363,0.4263635983688884,0.14550484796276553,0.18807339443272172,0.7471614982827409,0.4097658647723538,0.0,5,0.3964219106168131,109
SNE_13374509.jpg,1,,1,0,0,0,0,0,0,0.59999999988,0.49725804073097235,0.0,0.17830057107477856,0.30776482526279475,0.11097187411963501,0.3297872339326241,0.727373307627005,0.4257040661669393,0.0,4,0.2573633156966377,141
SNE_13374511.jpg,1,,1,0,0,0,0,0,0,0.59999999988,0.6893955483529961,0.0,0.1874895280607832,0.39312777789354403,0.11223967865872646,0.3385826770524934,0.6759065004884035,0.42641122885826943,0.0,4,0.2849390755266003,127
SNE_13374512.jpg,1,,1,0,0,0,0,0,0,0.59999999988,0.760136204607816,0.0,0.20173352871013076,0.24107742316811626,0.14400126302855867,0.2883211677871046,0.5732419292277938,0.4368360025080548,0.0,4,0.2757567493864044,137
SNE_13374513.jpg,1,,1,0,0,0,0,0,0,0.59999999988,0.7555455629102967,0.0,0.19779490923600906,0.34994810419986133,0.14071455204459604,0.301785714185119,0.592943318413303,0.41987106671161556,0.0,4,0.2719496195224208,140
SNE_13374515.jpg,1,,1,0,0,0,0,0,0,0.79999999984,0.6601177597535148,0.0,0.1690241297494266,0.21737151198034665,0.13305160710745273,0.29137931024770114,0.7136106967523101,0.4043477436356936,0.0,5,0.2928467153284529,145
SNE_13374516.jpg,1,,1,0,0,0,0,0,0,0.59999999988,0.5398808590235696,0.0,0.1801586478653403,0.3610539915719332,0.1274025408780238,0.34491978598128337,0.5486874572809464,0.4303217178360672,0.0,4,0.21112899685372755,187
SNE_13374517.jpg,1,,1,0,0,0,0,0,0,0.59999999988,0.6967542708217495,0.0,0.1671371701617768,0.14689143851986786,0.11017506909618334,0.37234042540780143,0.6619992227905757,0.40666086224870873,0.0,4,0.29217673643103453,141
SNE_13374518.jpg,1,,1,0,0,0,0,0,0,0.59999999988,0.6879396477051407,0.0,0.1769327837952088,0.4090514786102814,0.05079196024449222,0.26861702118705677,0.6346898908147176,0.36137722703002156,0.0,4,0.2584246174429192,94
SNE_13374519.jpg,1,,1,0,0,0,0,0,0,0.39999999992,0.7449065023182389,0.0,0.17782081911085335,0.19346669824538365,0.11744541713847809,0.39147286808656323,0.5857503075921251,0.4132719793415021,0.0,3,0.29493987975950425,129
SNE_13374520.jpg,1,,1,0,0,0,0,0,0,0.9999999998,0.8432587657682133,0.0,0.1834271971023292,0.41263853915548065,0.1488851533048367,0.32594936697995786,0.6637461370976905,0.4069712054738006,0.0,6,0.29074783114426933,158
SNE_13374524.jpg,1,,1,0,0,0,0,0,0,0.59999999988,0.7460095338607076,0.0,0.19047298020910028,0.5007461371737909,0.11448114686694012,0.30343511440267174,0.6445483255890149,0.40397245574017676,0.0,4,0.2658878278151987,131
SNE_13374526.jpg,1,,1,0,0,0,0,0,0,0.59999999988,0.6984079256036174,0.0,0.17983164336466856,0.4040303692079596,0.11898544262147565,0.38273195863530923,0.6900905138927617,0.42186429800219216,0.0,4,0.1957778674196519,194
SNE_13374527.jpg,1,,1,0,0,0,0,0,0,0.39999999992,0.6556616797240857,0.1814316086813232,0.20358963604118183,0.2828948138332301,0.23069658248031424,0.2142857142142857,0.6780525734221732,0.5203874512355372,0.0,3,0.608433734939681,84
SNE_13374528.jpg,1,,1,0,0,0,0,0,0,0.39999999992,0.30616598982299936,0.0,0.19309385613316074,0.4610420361369288,0.08936832943125637,0.3709677418118279,0.581785029994158,0.3723078832280266,0.0,3,0.23141862489119966,124
SNE_13374529.jpg,1,,1,0,0,0,0,0,0,0.79999999984,0.9218084514954406,0.0,0.17914732094378583,0.337375594001258,0.11509986389418586,0.37341772139451485,0.6082743625545917,0.41745170265070525,0.0,5,0.24474565331396003,158
SNE_13374531.jpg,1,,1,0,0,0,0,0,0,0.19999999996,0.528407291271662,0.055410257514265336,0.19459048942109028,0.15240445086252863,0.15956054414353577,0.2616822429034268,0.6961551089268609,0.45407492482423795,0.0,2,0.3941974378296613,107
SNE_13374532.jpg,1,,1,0,0,0,0,0,0,0.39999999992,0.5731782100143406,0.028337855384472206,0.19805749408299717,0.44379563810867007,0.1476220756645766,0.22807017536257307,0.645190540602063,0.42118381908712493,0.0,3,0.3481743541819406,114
SNE_13374533.jpg,1,,1,0,0,0,0,0,0,0.0,0.2464686953733889,0.06796728737748242,0.16989636984182255,0.3356013032366361,0.12368861851618405,0.31999999989333333,0.6761619417242858,0.44175000297776806,0.0,1,0.4155443886096874,100
SNE_13374535.jpg,1,,1,0,0,0,0,0,0,0.79999999984,0.5255156786746394,0.020747124319980305,0.20084417935670087,0.34951355939197354,0.1257558712978292,0.26020408154591834,0.7498126917327714,0.42067304983744364,0.0,5,0.33527011136471363,98
SNE_13374536.jpg,1,,1,0,0,0,0,0,0,0.39999999992,0.8012860020410753,0.0,0.1901954265652298,0.348329113009173,0.13689062293414103,0.2799999999066667,0.6646572709993224,0.40047580790623083,0.0,3,0.251536393316677,150
SNE_13374537.jpg,1,,1,0,0,0,0,0,0,0.79999999984,0.7496895643968351,0.0,0.18284579059203124,0.4148561073356256,0.1193032857739042,0.26950354600945625,0.6354783966757308,0.3983249837698166,0.0,5,0.262592094898278,141
SNE_13374538.jpg,1,,1,0,0,0,0,0,0,0.59999999988,0.6032635361355179,0.0,0.16355842042300542,0.3684956968106574,0.11382510092279312,0.38397790042449353,0.6797890437631962,0.399145017277621,0.0,4,0.22418312074086233,181
SNE_13374541.jpg,1,,1,0,0,0,0,0,0,0.59999999988,0.7604653446698675,0.0,0.17068131626362668,0.31916215530020714,0.10297608707254985,0.3139534882674418,0.6757253681661244,0.4225374816310012,0.0,4,0.287174550788399,129
SNE_13374542.jpg,1,,1,0,0,0,0,0,0,0.59999999988,0.9069077961958938,0.0,0.18335095909960067,0.28418495256836823,0.11409164284218284,0.32499999989166667,0.6496125024761441,0.39722215958693313,0.0,4,0.2142138411657208,170
SNE_13374543.jpg,1,,1,0,0,0,0,0,0,0.59999999988,0.6880240113665084,0.051456814967591025,0.18188016756830463,0.48289686822165234,0.17447150118439028,0.2810077518443152,0.7170383881252715,0.4497446688269095,0.0,4,0.38747658549636155,129
SNE_13374546.jpg,1,,1,0,0,0,0,0,0,1.0,0.8514818404913913,0.025260335417960068,0.1839471622273345,0.17940674859322747,0.1685718866556503,0.17953020128243843,0.6855997105031817,0.42484476382854486,0.0,7,0.34294257023579244,149
SNE_13374547.jpg,1,,1,0,0,0,0,0,0,0.9999999998,0.8668831159659091,0.0,0.18006246364072784,0.3886572010609024,0.1177770256187445,0.31724137920459766,0.6503232566426678,0.4320656783502471,0.0,6,0.2793854948195659,145
SNE_13374549.jpg,1,,1,0,0,0,0,0,0,0.79999999984,0.7725940991754197,0.13030840001052274,0.18538142516143685,0.30243068324053424,0.19494640808989988,0.19949494942845114,0.7754463181954562,0.5135425205070971,0.0,5,0.5215242801481971,99
SNE_13374550.jpg,1,,1,0,0,0,0,0,0,0.79999999984,0.8990314438743863,0.0,0.1952009786013308,0.3540581098420828,0.09550583989755515,0.3388888887759259,0.5985030409985075,0.39430351736296954,0.0,5,0.2139521307647313,135
SNE_13374551.jpg,1,,1,0,0,0,0,0,0,0.39999999992,0.5488452767387548,0.0,0.1889184221433243,0.38498642543691086,0.12538699689199875,0.33514492742451696,0.5759625635479224,0.4282520153688119,0.0,3,0.2663725490195948,138
SNE_13374552.jpg,1,,1,0,0,0,0,0,0,0.19999999996,0.4087809108419242,0.0,0.17797479695359034,0.3331418469616762,0.09830174342541129,0.3384353740368481,0.6218881234326278,0.3866529544172684,0.0,2,0.23320327740927688,147
SNE_13374556.jpg,1,,1,0,0,0,0,0,0,0.59999999988,0.6404772875899207,0.0,0.16235580780892414,0.36316241251319453,0.08052196187257736,0.3670634919411376,0.6911066454098502,0.39837841506913024,0.0,4,0.2715042968436161,126
SNE_13374557.jpg,1,,1,0,0,0,0,0,0,0.39999999992,0.6784473080727474,0.0,0.18241527981691363,0.31190624422432467,0.11014292986363904,0.3803191488093972,0.5219502309326718,0.41886473823530895,0.0,3,0.19112324800946925,188
SNE_13374558.jpg,1,,1,0,0,0,0,0,0,0.0,0.5759782380901383,0.16891653940053805,0.20368266585632325,0.3911134641812052,0.2686317271779599,0.17548076917227565,0.7348301161736817,0.5128455719249806,0.0,1,0.5871581171498312,104
SNE_13374561.jpg,1,,1,0,0,0,0,0,0,0.19999999996,0.4416829916214501,0.0,0.19649626037776446,0.2589651214811336,0.14141722153988978,0.2714285713380952,0.6288069901506215,0.4248737605625579,0.0,2,0.26983040134834774,140
SNE_13374564.jpg,1,,1,0,0,0,0,0,0,0.79999999984,0.9054221331780762,0.0,0.18209212420374643,0.34067114114764974,0.06547273937024127,0.3541666665486111,0.6721055089879351,0.36247335192284763,0.0,5,0.1855705154358702,132
SNE_13374565.jpg,1,,1,0,0,0,0,0,0,0.79999999984,0.6844695265013516,0.06446894257083664,0.1794187160603921,0.5702313955919274,0.15527713206923988,0.2622950818797814,0.6680570820969055,0.4416805439183653,0.0,5,0.4095972024348912,122
SNE_13374567.jpg,1,,1,0,0,0,0,0,0,0.79999999984,0.7190935067804058,0.054784182192914324,0.19911536778065422,0.4148920854971082,0.18140591306968573,0.2438524589351093,0.592997553718768,0.44288538759008467,0.0,5,0.3931331097827385,122
SNE_13374569.jpg,1,,1,0,0,0,0,0,0,0.39999999992,0.6884167850665219,0.0,0.20627810170205294,0.3336030159335499,0.11098066201562092,0.39999999986666673,0.5828948373851754,0.416737620304843,0.0,3,0.1825238328497614,165
SNE_13374571.jpg,1,,1,0,0,0,0,0,0,0.19999999996,0.4995750908895792,0.020156058683743736,0.18838554090514703,0.39713032102163,0.1452069128858996,0.2851239668471074,0.6299442555402417,0.4284078157354512,0.0,2,0.3342652997825204,121
SNE_13374572.jpg,1,,1,0,0,0,0,0,0,0.59999999988,0.8623433266930602,0.0,0.1825105443515408,0.2089265512318654,0.11410082146609106,0.3439086293269881,0.6344831072368933,0.39815396436193384,0.0,4,0.18927089698645388,197
SNE_13374573.jpg,1,,1,0,0,0,0,0,0,0.59999999988,0.715288623788654,0.0,0.17663333041184068,0.3773561663638251,0.1186487663759234,0.3554913293612716,0.6726761085671956,0.3978564492439758,0.0,4,0.22464258841233165,173
SNE_13374574.jpg,1,,1,0,0,0,0,0,0,0.59999999988,0.7584664005278147,0.0,0.18671503594142633,0.3587691948576091,0.15011894696179018,0.29090909081212124,0.6565703754736393,0.4210452119215387,0.0,4,0.27302017183412997,165
SNE_13374575.jpg,1,,1,0,0,0,0,0,0,0.19999999996,0.523970967735278,0.10445501723956808,0.19836687406516842,0.22105227981711595,0.23519736838840835,0.17436974784103637,0.7386363199735799,0.5192426067745631,0.0,2,0.47757352941172077,119
SNE_13374576.jpg,1,,1,0,0,0,0,0,0,0.59999999988,0.6858754948638341,0.0,0.18860205408957534,0.3662764250286893,0.13356504467369432,0.32007575746906564,0.6712046409023418,0.41550474533749,0.0,4,0.2848949399656794,132
SNE_13374577.jpg,1,,1,0,0,0,0,0,0,0.59999999988,0.6814192745181467,0.0,0.17171505995691033,0.44909094859361864,0.085511219339355,0.41317365255688626,0.6265219469904432,0.39077820153034903,0.0,4,0.1996668028793198,167
SNE_13374578.jpg,1,,1,0,0,0,0,0,0,0.59999999988,0.7539345333249767,0.0,0.18341362704947936,0.42841661867924363,0.08791418836898522,0.34999999988333325,0.6299034596517296,0.39354565202671293,0.0,4,0.2029124830876521,150
SNE_13374579.jpg,1,,1,0,0,0,0,0,0,0.39999999992,0.6994549225445821,0.09220492925473829,0.20281656622877442,0.18724286780622548,0.23655292073006087,0.2008547007877493,0.772878275707835,0.5118438441258296,0.0,3,0.45674837982526,117
SNE_13374582.jpg,1,,1,0,0,0,0,0,0,0.59999999988,0.8020071623549656,0.055358593989511956,0.19686731122514184,0.10420213741720077,0.17908480018224798,0.25862068956896556,0.6762357169269471,0.4496248714204061,0.0,4,0.3941096098375289,116
SNE_13374584.jpg,1,,1,0,0,0,0,0,0,0.79999999984,0.7318032652646107,0.04667087916607863,0.17622522025522375,0.37845816460770654,0.15938046463407635,0.23837209294379844,0.7060703791915984,0.41507446866621805,0.0,5,0.37934049462900454,129
SNE_13374585.jpg,1,,1,0,0,0,0,0,0,0.39999999992,0.4702207964345254,0.0,0.18532410299255073,0.3612483200348706,0.14673956122640716,0.3087349396561245,0.5994077669856772,0.4296970297106972,0.0,3,0.24987449226414815,166
SNE_13374587.jpg,1,,1,0,0,0,0,0,0,0.79999999984,0.6994628274858254,0.1947781638889763,0.1975346011495932,0.5006195156810571,0.2450798436275523,0.11436170208953901,0.7511137450031894,0.4540634736155861,0.0,5,0.6311228788060379,94
SNE_13374588.jpg,1,,1,0,0,0,0,0,0,0.59999999988,0.8862422074048307,0.0,0.17425661939581114,0.0959475321252566,0.10860141371172409,0.32528409080066284,0.6684418724605714,0.41884511073140807,0.0,4,0.2196964422474337,176
SNE_13374590.jpg,1,,1,0,0,0,0,0,0,0.19999999996,0.5310528460893154,0.0023296103530601013,0.19767738710898897,0.32650122661554815,0.14151784464663963,0.26599999991133333,0.6350788284590881,0.4544303568321353,0.0,2,0.30396033760253177,125
SNE_13374592.jpg,1,,1,0,0,0,0,0,0,0.79999999984,0.9491878482600069,0.15081173983118779,0.17280804102223918,0.2739834457238462,0.17636906222880916,0.19473684204035088,0.810371501934419,0.4824228718674611,0.0,5,0.556379957863831,95
SNE_13374594.jpg,1,,1,0,0,0,0,0,0,0.59999999988,0.5702378876446184,0.0,0.19819796653250812,0.6219630614110885,0.10567499302695019,0.2537593984116541,0.635479752084335,0.4187144192172782,0.0,4,0.24347550771178056,133
SNE_13374598.jpg,1,,1,0,0,0,0,0,0,0.59999999988,0.8762990268835903,0.07088890597940849,0.17366088597755988,0.19026076956578497,0.20259364004140487,0.2652027026143018,0.6515831849228202,0.5217339408701932,0.0,4,0.4205111402358833,148
SNE_13374599.jpg,1,,1,0,0,0,0,0,0,0.59999999988,0.6361474318086724,0.0,0.18747876536861816,0.3563783488136813,0.11272359422725238,0.23713235286213236,0.6713101610086243,0.410263874135075,0.0,4,0.2546664202550243,136
SNE_13374600.jpg,1,,1,0,0,0,0,0,0,0.59999999988,0.9036756829278426,0.0,0.1818325306487755,0.3590123353276171,0.12485331394583216,0.3397058822397058,0.5938935667537659,0.4171377684753266,0.0,4,0.23391256050145862,170
SNE_13374601.jpg,1,,1,0,0,0,0,0,0,0.39999999992,0.7486566692628929,0.0,0.19627600498906078,0.2402654832205798,0.08125059565430712,0.36016949140536725,0.6481059116526988,0.4257200365325246,0.0,3,0.21376217987409615,118
SNE_13374602.jpg,1,,1,0,0,0,0,0,0,0.19999999996,0.5726785942755396,0.0,0.2065772617726965,0.3196329454734501,0.07893394335896611,0.32397959172874147,0.6653832214427727,0.40446148197142723,0.0,2,0.2560963167023642,98
SNE_13374603.jpg,1,,1,0,0,0,0,0,0,0.39999999992,0.7055815930962315,0.0,0.20208503566894623,0.2201820717131806,0.09489168251138672,0.4159999998613334,0.6425078900039768,0.39804863078155234,0.0,3,0.22930307650909368,125
SNE_13374606.jpg,1,,1,0,0,0,0,0,0,0.9999999998,0.6738807038646878,0.0,0.1883641632234058,0.534488528035133,0.1188037037505348,0.3024861877444751,0.6037303110977289,0.4084232558967751,0.0,6,0.2144759573855379,181
SNE_13374607.jpg,1,,1,0,0,0,0,0,0,0.59999999988,0.5529397961847553,0.0,0.2009236140155149,0.4128273490385273,0.08573881317017386,0.4132653059846939,0.6668017622528744,0.40085081886327867,0.0,4,0.18353185248774248,147
SNE_13375152.jpg,1,,1,0,0,0,0,0,0,0.19999999996,0.29988163947259694,0.0,0.19937206526388082,0.2919980478911166,0.03914286933528598,0.4166666665277778,0.6540589537251073,0.38801742381586535,0.0,2,0.14241686942416484,129
SNE_13375153.jpg,1,,1,0,0,0,0,0,0,0.59999999988,0.7391900678782766,0.0,0.19195187732322153,0.3494142825103549,0.06634441169213134,0.3696428570196428,0.6170185815329843,0.3830345053711012,0.0,4,0.18303946263643406,140
SNE_13375154.jpg,1,,1,0,0,0,0,0,0,0.59999999988,0.7879491811459196,0.0,0.20233174685937516,0.3641242456092999,0.13920511282877948,0.28424657524771685,0.7685589088145799,0.41020469138870574,0.0,4,0.252396644697411,146
SNE_13375155.jpg,1,,1,0,0,0,0,0,0,0.39999999992,0.6552038355878043,0.0,0.2008823944929532,0.3760138769095783,0.07954689219406823,0.3196428570363095,0.6945040656647586,0.3943098498731218,0.0,3,0.19183439170522756,140
SNE_13375156.jpg,1,,1,0,0,0,0,0,0,0.9999999998,0.918020945144908,0.0,0.1906698128536333,0.3253741199243768,0.10841150808039737,0.2814136124716405,0.8125225687736255,0.4280416728001935,0.02902609084150225,6,0.17714908205439822,191
SNE_13375157.jpg,1,,1,0,0,0,0,0,0,0.19999999996,0.3420148278589245,0.0,0.20137637315332224,0.3431115786900725,0.05855078451253135,0.3241935482790323,0.6579634864804487,0.38360730172501445,0.011108385201828393,2,0.14877204459344867,155
SNE_13375164.jpg,1,,1,0,0,0,0,0,0,0.59999999988,0.7287304304178914,0.21414639141488426,0.22166329589701225,0.3558696395830912,0.24971678755547025,0.15822784804852325,0.7933645192355859,0.5284649878373504,0.0,4,0.6640488656194496,79
SNE_13375165.jpg,1,,1,0,0,0,0,0,0,0.59999999988,0.8004358647532689,0.0,0.19491121626156507,0.2839684996314503,0.09095260125950212,0.35493827148662555,0.6424481579471288,0.43118801495901704,0.2238815323847683,4,0.18490451652015139,162
SNE_13375167.jpg,1,,1,0,0,0,0,0,0,0.39999999992,0.658050425397248,0.0,0.20881988314515526,0.32840376656627557,0.08529636404024987,0.3546874998817708,0.6874004278344612,0.4277446619498607,0.00321682440759317,3,0.15917057031479806,160
SNE_13375168.jpg,1,,1,0,0,0,0,0,0,0.39999999992,0.4944068998265463,0.0,0.203052665556936,0.34247310854946084,0.10766868283330563,0.3773885349060509,0.6401194336727164,0.441137137149222,0.0,3,0.21052223170636258,157
SNE_13375169.jpg,1,,1,0,0,0,0,0,0,0.59999999988,0.5271843556459431,0.11055120579328478,0.174112050127978,0.28935315027833186,0.16616200881708365,0.27232142848065477,0.6367122302465096,0.4443867166223462,0.0,4,0.48793704995913534,112
SNE_13375170.jpg,1,,1,0,0,0,0,0,0,0.59999999988,0.5820322638777156,0.0,0.20559392120465722,0.30700486612746625,0.08148984408450424,0.35652173901159423,0.704226539993962,0.4282758611806751,0.0,4,0.2309874135791424,115
SNE_13375173.jpg,1,,1,0,0,0,0,0,0,0.39999999992,0.7577461348160246,0.0,0.18527510600948496,0.314907473608959,0.06987231035789045,0.3911042943481596,0.570977167287905,0.4004717185264841,0.0,3,0.16969870055689934,163
SNE_13375174.jpg,1,,1,0,0,0,0,0,0,0.39999999992,0.4368106949172025,0.0,0.21421747057876642,0.432860956354688,0.1006389533163388,0.33865248215661947,0.7206095117391275,0.426234342142476,0.0,3,0.203932421826585,141
SNE_13375176.jpg,1,,1,0,0,0,0,0,0,0.19999999996,0.3387332704801312,0.0,0.19519030093501671,0.4000947555220914,0.06195095866966934,0.36848958321050346,0.7160653854252427,0.38979712964557445,0.08149491908756318,2,0.1189223512336693,192
SNE_13375178.jpg,1,,1,0,0,0,0,0,0,0.59999999988,0.8077696869102078,0.00983590245957472,0.2016179004615091,0.33605799362573796,0.1540286017524738,0.25384615376153846,0.6560279054515441,0.46016563293897395,0.0,4,0.3167210341911129,130
SNE_13375179.jpg,1,,1,0,0,0,0,0,0,0.79999999984,0.7609837927129495,0.0,0.17848294314573618,0.3442051907691142,0.09187005532797198,0.372282608571558,0.7679778566739545,0.40071191312902416,0.011322331163008612,5,0.18648721239069546,184
SNE_13375180.jpg,1,,1,0,0,0,0,0,0,0.39999999992,0.6668683970845939,0.0,0.20651001302599611,0.2970299789284454,0.05551197388950175,0.3630952379742064,0.6260972451382907,0.3820491840468867,0.005085722293928778,3,0.1622582433710524,126
SNE_13375183.jpg,1,,1,0,0,0,0,0,0,0.39999999992,0.3520246210316049,0.0,0.19242878744033917,0.4006073365820155,0.0987849843812006,0.4099099097732733,0.6667685066488205,0.4358871141490328,0.0,3,0.14262758209573798,222
SNE_13375184.jpg,1,,1,0,0,0,0,0,0,0.19999999996,0.6188973586246946,0.0,0.21977309681199278,0.38819735302875713,0.06069191173033191,0.39084507029225346,0.5967941408501763,0.40370647056127995,0.0,2,0.1414404852160685,142
SNE_13375188.jpg,1,,1,0,0,0,0,0,0,0.9999999998,0.7251741121257067,0.0,0.20992255790245098,0.29015123952187194,0.07188898358754206,0.3556149731434938,0.6689582307374432,0.39110321115497626,0.12024291337651354,6,0.12965587044534085,187
SNE_13375196.jpg,1,,1,0,0,0,0,0,0,0.39999999992,0.4259269672633964,0.0,0.2132395107289266,0.4880463370598672,0.10741344015700965,0.3104838708642473,0.6748438473750193,0.4372928180971199,0.0,3,0.24434744224825913,124
SNE_13375198.jpg,1,,1,0,0,0,0,0,0,0.59999999988,0.6935133009638461,0.0,0.200182422218954,0.3529847196548497,0.09933239933605684,0.30821917797945203,0.6305057134840184,0.4178040053884514,0.347841100716161,4,0.20776806549854812,146
SNE_13375199.jpg,1,,1,0,0,0,0,0,0,0.39999999992,0.4968526747618511,0.023619258715842695,0.17706562032759374,0.27592026349700627,0.11166790379055544,0.24553571420386902,0.6811696988730562,0.4173778695311838,0.0,3,0.34015273984055183,112
SNE_13375201.jpg,1,,1,0,0,0,0,0,0,0.19999999996,0.31860218900508175,0.0,0.18681892341395911,0.3519350747971822,0.06829311573058065,0.35059171585946747,0.7062919712384186,0.389275149144591,0.1175014032586581,2,0.15830115830115402,169
SNE_13375202.jpg,1,,1,0,0,0,0,0,0,0.19999999996,0.2913970208652279,0.0,0.18984791892295017,0.45574367362162016,0.08896485649299933,0.336038960926948,0.6671338560101423,0.4109162513309519,0.0,2,0.20733028196079076,154
SNE_13375204.jpg,1,,1,0,0,0,0,0,0,0.39999999992,0.481936095704526,0.0,0.18642958246827518,0.261389389501575,0.06406961456497368,0.3813559320762712,0.7278902258980805,0.3924333228310791,0.19623848275583186,3,0.14200886929070375,177
SNE_13375206.jpg,1,,1,0,0,0,0,0,0,0.79999999984,0.7130078818866188,0.0,0.21036933202475777,0.3024776455268656,0.08019574552365864,0.33646616530137846,0.7311173246869123,0.3960258400733317,0.0,5,0.18573055028462293,133
SNE_13375210.jpg,1,,1,0,0,0,0,0,0,0.39999999992,0.2899439010381298,0.0,0.20902916206022998,0.47084137775494145,0.08744658982018368,0.3420245397632925,0.6803179561167007,0.4031741691077339,0.0,3,0.1725883351838491,163
SNE_13375212.jpg,1,,1,0,0,0,0,0,0,0.79999999984,0.7527361197661584,0.0,0.1954873070681461,0.35902154580066015,0.11060866682837299,0.23507462678731345,0.6796515073634288,0.44698185422791986,0.0,5,0.2555781872048766,134
SNE_13375214.jpg,1,,1,0,0,0,0,0,0,0.59999999988,0.5957868151829446,0.0,0.21179920610824543,0.3791368744134762,0.09186429748411364,0.30057803458188825,0.6522140891720988,0.4088665950921457,0.0,4,0.15631446980035685,173
SNE_13375216.jpg,1,,1,0,0,0,0,0,0,0.39999999992,0.3050874706004195,0.0,0.20535531735207238,0.3554092550135716,0.06977947045429864,0.36091549283744134,0.6073534054019369,0.40561789064104536,0.0,3,0.1737150719035551,142
SNE_13375218.jpg,1,,1,0,0,0,0,0,0,0.39999999992,0.7736222455815512,0.0,0.2076834712016558,0.25133109998888936,0.07456406928018712,0.29790419151746506,0.7283668208454357,0.4177052335026908,0.10853327785980284,3,0.14300599114352283,167
SNE_13375221.jpg,1,,1,0,0,0,0,0,0,0.59999999988,0.9083658447845762,0.0,0.21143969646643268,0.2825825792005306,0.04948605758418924,0.39781021884549883,0.6965626723540079,0.383607439303606,0.027371004686270937,4,0.13355048859934476,137
SNE_13375228.jpg,1,,1,0,0,0,0,0,0,0.39999999992,0.8502004017435443,0.0,0.19879286226631906,0.1970185723007,0.08333269499626869,0.33626760552171364,0.6405210431943609,0.4072335755521048,0.0,3,0.18254257022266837,142
SNE_13375229.jpg,1,,1,0,0,0,0,0,0,0.59999999988,0.6649680391209489,0.0,0.19209822944887014,0.3832470063829827,0.07436150697925822,0.3694444443212963,0.6886716326697273,0.3867269582080472,0.5499553099147885,4,0.14890080428954025,180
SNE_13375230.jpg,1,,1,0,0,0,0,0,0,0.39999999992,0.6505082908176361,0.0,0.2169650657577301,0.28772344227956015,0.09707542305402464,0.28571428561904766,0.6873304362304391,0.4184453137540693,0.0,3,0.1956884383420935,133
SNE_13375235.jpg,1,,1,0,0,0,0,0,0,0.39999999992,0.781149771858819,0.0,0.18959222174849186,0.34045468464340445,0.057859053796367715,0.3114754097322404,0.7076239675972285,0.37622272951077995,0.02923678707389361,3,0.19544343875829592,122
SNE_13375236.jpg,1,,1,0,0,0,0,0,0,0.59999999988,0.6273931618617236,0.0,0.20301991725183094,0.35607764286469734,0.1155441349846916,0.2610294116776961,0.6937608776485924,0.4231454889422958,0.0,4,0.24101311028615943,136
SNE_13375237.jpg,1,,1,0,0,0,0,0,0,0.79999999984,0.6347316998334707,0.0,0.21010955505222237,0.28419676266968674,0.06511418999747993,0.37913907272130243,0.6655283838161088,0.3819218198415531,0.0,5,0.13906009244991885,151
SNE_13375240.jpg,1,,1,0,0,0,0,0,0,0.59999999988,0.8311980136608699,0.0,0.19639249613415882,0.351582480227984,0.07224218995456744,0.3260869564130434,0.6634444770569444,0.37525965845430787,0.0,4,0.16148427598808804,161
SNE_13375243.jpg,1,,1,0,0,0,0,0,0,0.39999999992,0.572741684265992,0.0,0.22054586719341907,0.4872442223257566,0.06666368427910661,0.28320312490559896,0.7437455889363044,0.4157516408385383,0.17132738119770607,3,0.1669145771355657,128
SNE_13375247.jpg,1,,1,0,0,0,0,0,0,0.79999999984,0.6862455322881471,0.0,0.2120810580010383,0.34865995983807907,0.09655394870227466,0.2882882881921922,0.6677813660575611,0.4401353520362425,0.0,5,0.24366700715014078,111
SNE_13375249.jpg,1,,1,0,0,0,0,0,0,0.19999999996,0.5254247016953193,0.016350125050547712,0.20762346917868238,0.3787810362045083,0.1481657808749613,0.2762096773272849,0.6332461956650026,0.4712921537298087,0.0,2,0.3277952126022812,124
SNE_13375252.jpg,1,,1,0,0,0,0,0,0,0.19999999996,0.254814698256871,0.0,0.22934995262770494,0.4872454573791215,0.10050631214052111,0.20572916659809026,0.6744580132035619,0.43383713389917306,0.3980642892106432,2,0.265684669939973,96
SNE_13375253.jpg,1,,1,0,0,0,0,0,0,0.19999999996,0.4206124762373859,0.033670301659712354,0.22038633196782154,0.4382740550574137,0.1735966517996088,0.27083333324305553,0.7578052099809749,0.5182496529028846,0.0,2,0.3572395128551813,108
SNE_13375257.jpg,1,,1,0,0,0,0,0,0,0.19999999996,0.5236139549183514,0.0,0.1990768186492019,0.3555364370488988,0.09576180144542426,0.3098591548262911,0.7106574018321814,0.4392256438525532,0.0,2,0.21519339210546362,142
SNE_13375259.jpg,1,,1,0,0,0,0,0,0,0.59999999988,0.5961170609864705,0.1620558261006383,0.21266580190707474,0.4044218854859945,0.25870668232387983,0.24257425734488447,0.6260634406402481,0.5369925029663537,0.0,4,0.5754949045331409,101
SNE_13375260.jpg,1,,1,0,0,0,0,0,0,0.59999999988,0.6215948558516302,0.0,0.18989527599427425,0.33566757802043945,0.1017480524342513,0.3423076921935897,0.7380787529459629,0.4174080888969332,0.0,4,0.17030685920577107,195
SNE_13375264.jpg,1,,1,0,0,0,0,0,0,0.59999999988,0.4165097976231198,0.0,0.20885678684776748,0.31023007611907766,0.0815655276511413,0.34477124171514156,0.6385997297704648,0.40797538848352355,0.0,4,0.16358364163583097,153
SNE_13375266.jpg,1,,1,0,0,0,0,0,0,0.39999999992,0.8433291358962138,0.0012579242996081,0.1973595650021703,0.3888490575176996,0.1465616189387625,0.2832167831223776,0.6567913284082986,0.469314038025081,0.0,3,0.3021384713105917,143
SNE_13375269.jpg,1,,1,0,0,0,0,0,0,0.59999999988,0.5905846786130451,0.0,0.18877874642117903,0.3712890557028631,0.11563960456266444,0.3472906402783251,0.6687550548320123,0.44425605501144705,0.010190989038947891,4,0.18231643934859412,203
SNE_13375277.jpg,1,,1,0,0,0,0,0,0,0.39999999992,0.9145535344377078,0.06190794347393945,0.19958676713106546,0.34997050714548905,0.19713707792776936,0.19877049173702183,0.737778198818877,0.505461781338988,0.0,3,0.405243503967605,122
SNE_13375278.jpg,1,,1,0,0,0,0,0,0,0.59999999988,0.5156792081396332,0.0,0.1935697466411987,0.3601936553874221,0.06553455882453278,0.2983870966747312,0.6908325377504192,0.3924519621236795,0.06224877700814308,4,0.19174361759912395,124
SNE_13375281.jpg,1,,1,0,0,0,0,0,0,0.39999999992,0.6073095553505801,0.0,0.1972039184400254,0.2826999639291381,0.13358816033281165,0.30427631568804825,0.6521319617501957,0.47165742855280385,0.0,3,0.23594040968341545,152
SNE_13375282.jpg,1,,1,0,0,0,0,0,0,0.59999999988,0.9256444775815216,0.06259879857207386,0.20062971609527896,0.24863223475283866,0.18864502385402926,0.2543103447428161,0.7432108741399384,0.5036906884999754,0.0,4,0.40641795763512434,116
SNE_13375287.jpg,1,,1,0,0,0,0,0,0,0.39999999992,0.43380040139871856,0.01959523844383897,0.2198324537942416,0.22305194220947303,0.09539050763236337,0.24714285706047615,0.5625955075522531,0.39466548802515894,0.0,3,0.3333119053741215,175
SNE_13375294.jpg,1,,1,0,0,0,0,0,0,0.79999999984,0.6030349641492038,0.0,0.20058548619167485,0.11001704171607724,0.05608278881481249,0.4234104044831406,0.6059782569790634,0.37660877694297734,0.10558381150462988,5,0.11684218067196513,173
SNE_13375295.jpg,1,,1,0,0,0,0,0,0,0.39999999992,0.41317171062603625,0.0,0.202951457969197,0.5334929196374723,0.1046629550586349,0.3026315788464912,0.5799195682399332,0.38766615625390194,0.0,3,0.1983484073928353,152
SNE_13375296.jpg,1,,1,0,0,0,0,0,0,0.39999999992,0.5141381520044631,0.0,0.1905206407888899,0.39183302216956295,0.16327664424450783,0.25304878040345524,0.8181191092469049,0.4759760944623665,0.0,3,0.2729000950522651,164
SNE_13375299.jpg,1,,1,0,0,0,0,0,0,0.59999999988,0.5458219870716559,0.0,0.18380030055616842,0.4302769261911503,0.0961400949188743,0.28897849452732977,0.7685513839474732,0.38434280555582434,0.11286181627173238,4,0.18655967903710569,186
SNE_13375300.jpg,1,,1,0,0,0,0,0,0,0.59999999988,0.5392181473834041,0.0,0.2034894738049622,0.3887887649593894,0.08827564510660757,0.37984496111369503,0.6604953314494684,0.39558104357321816,0.0,4,0.21401295035695608,129
SNE_13375301.jpg,1,,1,0,0,0,0,0,0,0.39999999992,0.5812559735460692,0.0,0.20167260594429767,0.39605521984312436,0.10691394685279067,0.3092485548102119,0.7499929102818577,0.4158752312747894,0.0,3,0.18794462940248158,173
SNE_13375302.jpg,1,,1,0,0,0,0,0,0,0.59999999988,0.39837196222962756,0.0,0.1825291416960748,0.38939252631171295,0.11859925214970173,0.3328488370983527,0.6127152791363133,0.4680234832368776,0.0,4,0.25183475826586016,172
SNE_13375303.jpg,1,,1,0,0,0,0,0,0,0.59999999988,0.4538467453179339,0.0,0.18027146949278552,0.4022271650558799,0.10166927066935016,0.31999999989333333,0.7420904083549595,0.3914831295752491,0.0,4,0.19667627152716624,175
SNE_13375305.jpg,1,,1,0,0,0,0,0,0,0.39999999992,0.4054162286991447,0.0,0.1793600565844261,0.30184013363511375,0.14415377438181684,0.34465020564643345,0.689116059432316,0.45649534697290844,0.0,3,0.1899618414574043,243
SNE_13375306.jpg,1,,1,0,0,0,0,0,0,0.9999999998,0.7969999992575,0.0,0.17056135222987082,0.21980074418955167,0.15865905774244776,0.26195652165181155,0.7769223495402477,0.4316136309012581,0.0,6,0.25689450534105085,230
SNE_13375310.jpg,1,,1,0,0,0,0,0,0,0.59999999988,0.7468024426346661,0.0,0.16902751592414705,0.41537636695221714,0.13812118926791092,0.2848484847535353,0.6780552457925545,0.41766705071068433,0.0,4,0.29310723542589756,165
SNE_13375312.jpg,1,,1,0,0,0,0,0,0,0.19999999996,0.3878586468482592,0.03254196461332711,0.17999650417947413,0.30604903947729634,0.20560077276317051,0.19907407400771607,0.8089075831569718,0.508416807580494,0.0,2,0.35532133987519804,162
SNE_13375313.jpg,1,,1,0,0,0,0,0,0,0.59999999988,0.7888421577473013,0.0,0.17953249737931962,0.18508983238536522,0.08927308261261782,0.3257575756489899,0.5954877291879822,0.40997180834645197,0.0,4,0.25985538624942767,132
SNE_13375315.jpg,1,,1,0,0,0,0,0,0,0.19999999996,0.6040957343645881,0.0,0.21961420084460165,0.31626785356832054,0.10763412386234937,0.3178391958739531,0.7666161433272617,0.40316172979381376,0.0,2,0.1430713673644221,199
SNE_13375320.jpg,1,,1,0,0,0,0,0,0,0.79999999984,0.635975420222117,0.014608795578763377,0.17823372114368152,0.41817682381229515,0.19878866290582814,0.2921348313632958,0.7116128471736327,0.5156040056004698,0.0,5,0.3248349524985065,178
SNE_13375324.jpg,1,,1,0,0,0,0,0,0,0.39999999992,0.7501375320386638,0.045640459623855656,0.1982244215866025,0.4141189290609346,0.2788144482843576,0.24871134012328178,0.6405397137511306,0.5316089906285584,0.0,3,0.37758878140619506,194
SNE_13375325.jpg,1,,1,0,0,0,0,0,0,0.59999999988,0.9323621217078564,0.052733010141898747,0.1831430581814801,0.260619640827059,0.2649217140370005,0.2383419688324698,0.7212418094208153,0.5333487287657234,0.0,4,0.38964611729396087,193
SNE_13375326.jpg,1,,1,0,0,0,0,0,0,0.79999999984,0.6306730360817124,0.0,0.18769682131962415,0.22732337783441614,0.0912882488893475,0.38775510191156465,0.7048758771679315,0.4411698689848363,0.0,5,0.21031288366381895,147
SNE_13375328.jpg,1,,1,0,0,0,0,0,0,0.39999999992,0.3219542462841568,0.0,0.20323269459392923,0.4738337917443099,0.1744696313127473,0.26538461529615387,0.5645804574810229,0.5119419741656477,0.0,3,0.23729863692687922,195
SNE_13375330.jpg,1,,1,0,0,0,0,0,0,0.59999999988,0.6685164650743185,0.13083416919140645,0.19573101896954795,0.36767962946436406,0.25999132719871354,0.16129032252688172,0.7940952399089043,0.5327571407257824,0.0,4,0.5224180877562251,124
SNE_13375333.jpg,1,,1,0,0,0,0,0,0,0.19999999996,0.2992417307813612,0.011357535777563594,0.1948385600549951,0.3684215132638594,0.14854993354748272,0.271317829366925,0.6647160805695744,0.49864535135022303,0.0,2,0.31930781083321563,129
SNE_13375334.jpg,1,,1,0,0,0,0,0,0,0.59999999988,0.7462032791532405,0.014619198469310915,0.1728459523162899,0.2685201400924011,0.15817050307300382,0.25786163513417193,0.670850085495043,0.4677809203887266,0.0,4,0.32485263741244774,159
SNE_13375335.jpg,1,,1,0,0,0,0,0,0,0.39999999992,0.7830925343217753,0.06305965005243257,0.18916174730729102,0.2693666755268043,0.1476642425551027,0.29567307682451927,0.6304133486806178,0.49564550301952465,0.0,3,0.407201405152195,104
SNE_13375336.jpg,1,,1,0,0,0,0,0,0,0.9999999998,0.7970364321013458,0.16622871869075787,0.1915340970366137,0.40087753114146185,0.25629052890142356,0.18584070790265486,0.6994434252200791,0.5022582727737263,0.0,6,0.5825888219405171,113
SNE_13375339.jpg,1,,1,0,0,0,0,0,0,0.79999999984,0.6377963319480865,0.12433341149504377,0.19145117874546666,0.39047576436136633,0.2208553302775095,0.21205357135788686,0.7115250445321741,0.5236114380507019,0.0,5,0.5113667996659078,112
SNE_13375341.jpg,1,,1,0,0,0,0,0,0,0.59999999988,0.8216325709281184,0.1839484285782986,0.1886741465048076,0.40198916131835205,0.2674837778958755,0.19594594588063066,0.7548801413593239,0.5216892762438731,0.0,4,0.6127123287670561,111
SNE_13375343.jpg,1,,1,0,0,0,0,0,0,0.79999999984,0.8915264413288762,0.13272392703057995,0.20911895316990378,0.32767355387194125,0.27930320246592644,0.17599999994133333,0.673668937574811,0.5272047612942069,0.0,5,0.5256306760847098,125
SNE_13375344.jpg,1,,1,0,0,0,0,0,0,0.39999999992,0.37993584771799105,0.10078502443412578,0.2097386628750831,0.375910039968302,0.22099439189084466,0.20412844029892963,0.774727420276437,0.5208855225140385,0.0,3,0.47133454163879884,109
SNE_13375345.jpg,1,,1,0,0,0,0,0,0,0.39999999992,0.6150721317738627,0.14439026066844876,0.19284517848383234,0.3807639483653188,0.2693292396702445,0.17799999994066668,0.7538454663707518,0.522516849972904,0.0,3,0.5454634432807531,125
SNE_13375346.jpg,1,,1,0,0,0,0,0,0,0.59999999988,0.41236386705964456,0.0,0.20326653051252602,0.47943980183272766,0.12087912086686028,0.2698412697513227,0.6250680701332959,0.42265004125766803,0.0,4,0.2625850340135917,126
SNE_13375347.jpg,1,,1,0,0,0,0,0,0,0.39999999992,0.8174645540690171,0.13104060140954232,0.1985384267545617,0.28644751691322207,0.23741966340449536,0.23245614027339181,0.6749097908310571,0.5405408251504339,0.0,3,0.5227690225272625,114
SNE_13375349.jpg,1,,1,0,0,0,0,0,0,0.39999999992,0.8296396034704712,0.15060182005033554,0.19396664629398694,0.37720432380227664,0.23321367315463631,0.20270270263513512,0.7035580598139541,0.5254792339975647,0.0,3,0.5560230942361722,111
SNE_13375350.jpg,1,,1,0,0,0,0,0,0,0.19999999996,0.26130110189002775,0.09212666214802073,0.2111420324475421,0.43790828601112325,0.20919202240571588,0.26442307683493593,0.6428452903618245,0.5305382224324654,0.0,2,0.4566153257437619,104
SNE_13375352.jpg,1,,1,0,0,0,0,0,0,0.79999999984,0.9296383187153057,0.16194028519911977,0.19595379548394698,0.3374203678377501,0.36981512670829814,0.15781249994739582,0.6677997094225121,0.5321519049405119,0.0,5,0.5752984850004439,160
SNE_13375353.jpg,1,,1,0,0,0,0,0,0,0.39999999992,0.7208969591700247,0.21876123145148513,0.180326858305959,0.3690916569753397,0.2903848214817071,0.21289062492903646,0.6819805248661164,0.5378717063939514,0.0,3,0.6718940936862859,128
SNE_13375355.jpg,1,,1,0,0,0,0,0,0,0.79999999984,0.8968161737697535,0.015757179079323818,0.19466704284554812,0.4199143257703796,0.20942829951874276,0.2234636870763501,0.7305245481243088,0.4784567137581544,0.0,5,0.32678720445060766,179
SNE_13375356.jpg,1,,1,0,0,0,0,0,0,0.59999999988,0.7624403538087934,0.08718318131018954,0.17190685262905875,0.49088926480770445,0.16956425867823288,0.2996183205108143,0.631951716496172,0.45468642729001885,0.0,4,0.4482114083145054,131
SNE_13375357.jpg,1,,1,0,0,0,0,0,0,0.59999999988,0.8602570969842047,0.02832780148536328,0.184059314896197,0.23539245844731133,0.22337043168210066,0.2360335194743948,0.8273627924852269,0.5201253480310327,0.0,4,0.34815726255344537,179
SNE_13375358.jpg,1,,1,0,0,0,0,0,0,0.39999999992,0.6465017936829767,6.534334291609554e-05,0.22001106584590413,0.3664233934600952,0.13575595368044518,0.28663793093893675,0.5960219145285583,0.47889127921300434,0.0,3,0.3001110836830227,116
SNE_13375359.jpg,1,,1,0,0,0,0,0,0,0.79999999984,0.9398335441552998,0.0,0.18915656678434478,0.33886204075120696,0.13179426687382942,0.3197969542081219,0.7916633252262711,0.43592619820100487,0.0,5,0.19946638207043046,197
SNE_13375360.jpg,1,,1,0,0,0,0,0,0,0.59999999988,0.6258535055632355,0.12293817546637653,0.19155442593581243,0.28725748147181773,0.24649177760738827,0.24212598417125986,0.7831576249321862,0.5265434355117086,0.0,4,0.5089948984157783,127
SNE_13375361.jpg,1,,1,0,0,0,0,0,0,0.59999999988,0.5155577606809856,0.0,0.20163032460204805,0.48399038906187675,0.13118200024127374,0.3052147238246421,0.6940195558666575,0.4260499398148827,0.0,4,0.21991772368871187,163
SNE_13375363.jpg,1,,1,0,0,0,0,0,0,0.79999999984,0.7872534693120437,0.0,0.18512648292194847,0.49269481562272716,0.11876046875299291,0.3296943230342067,0.6788655665488037,0.411912554438109,0.0,5,0.17587668155057662,229
SNE_13375364.jpg,1,,1,0,0,0,0,0,0,0.9999999998,0.8822314040030992,0.0,0.17192256990784233,0.12429003877334503,0.1694839960702132,0.2550200802362784,0.7405219419444793,0.4441220264126327,0.0,6,0.23989017321445918,249
SNE_13375367.jpg,1,,1,0,0,0,0,0,0,0.59999999988,0.5335176037386871,0.0,0.18751293554585938,0.38215346873932987,0.09830280259290299,0.31474820133393283,0.7358379556538188,0.4117198735024854,0.0,4,0.24076748504228426,139
SNE_13375368.jpg,1,,1,0,0,0,0,0,0,0.19999999996,0.3705756308020395,0.033245280568020605,0.19938091684000186,0.4118766735806416,0.16174266441872343,0.34873949568207274,0.6926445752508543,0.515055043187444,0.0,2,0.3565169769988803,119
SNE_13375369.jpg,1,,1,0,0,0,0,0,0,0.39999999992,0.5753907185946533,0.15690761421196803,0.20302938859323152,0.44108421537449527,0.22552376360627105,0.22680412363573885,0.7803102753448243,0.5247730703320729,0.0,3,0.5667429443172532,97
SNE_13375372.jpg,1,,1,0,0,0,0,0,0,0.79999999984,0.818689774363875,0.0,0.19164867338445465,0.3193916728244546,0.1347360926243609,0.3349999998883333,0.7049694396076369,0.43900528700775565,0.0,5,0.1981844072623639,200
SNE_13375373.jpg,1,,1,0,0,0,0,0,0,0.79999999984,0.7653517043825501,0.0,0.17777026083171235,0.3974656069886123,0.1379880657047884,0.3026960783304739,0.68998305613472,0.4085618512644302,0.0,5,0.22227745623689868,204
SNE_13375375.jpg,1,,1,0,0,0,0,0,0,0.39999999992,0.7161386137977481,0.0,0.1745140629895261,0.27534363716985316,0.15822580262543212,0.3072429905517912,0.8169036045989347,0.4797044424544558,0.0,3,0.24404672757225385,214
SNE_13375376.jpg,1,,1,0,0,0,0,0,0,0.9999999998,0.5512537394617933,0.0,0.1874210190380304,0.48345360526550024,0.10955265114427871,0.30890804587404214,0.6670188771511616,0.40858355277575503,0.0,6,0.21223391067190123,174
SNE_13375377.jpg,1,,1,0,0,0,0,0,0,0.19999999996,0.36101104979619136,0.0,0.1838075597989427,0.3788159511917954,0.14638204929503246,0.31302520997969185,0.6434188994952681,0.4498303190587603,0.0,2,0.18696577801785177,238
SNE_13375378.jpg,1,,1,0,0,0,0,0,0,0.19999999996,0.5099012895341148,0.0,0.18583328813109223,0.408658713969594,0.10625099300910802,0.3054347825068841,0.7363192341368887,0.41336348740177853,0.0,2,0.16078225488908884,230
SNE_13375380.jpg,1,,1,0,0,0,0,0,0,0.59999999988,0.6583769453215114,0.0,0.18509689765548043,0.43919284881078036,0.08425593289852785,0.30945121940904474,0.7599756872519169,0.37196581846175064,0.0,4,0.19484267952295753,164
SNE_13375381.jpg,1,,1,0,0,0,0,0,0,0.39999999992,0.755524927518944,0.0,0.19013762947906288,0.3341617297466896,0.08699562357615834,0.32564102553247865,0.7468380287179369,0.3960152260425108,0.0,3,0.15599151066608197,195
SNE_13375383.jpg,1,,1,0,0,0,0,0,0,0.59999999988,0.4431207649566702,0.0,0.1858673817454054,0.41368307695255774,0.11586337725624533,0.31467181456692406,0.7314386812911953,0.4051588494925059,0.0,4,0.15112110949049096,259
SNE_13375385.jpg,1,,1,0,0,0,0,0,0,0.59999999988,0.438187787684883,0.0,0.18578633994026575,0.34459204530240933,0.049288597166852195,0.39999999986666673,0.7285549990652661,0.3747717380065138,0.020620840450339184,4,0.1447490067714414,155
SNE_13375387.jpg,1,,1,0,0,0,0,0,0,0.39999999992,0.4691819654714357,0.0,0.18735137124954895,0.32745815670428935,0.10563770089478569,0.3651832459515706,0.7521819789166184,0.3980619444821521,0.0,3,0.18420555450594545,191
SNE_13375388.jpg,1,,1,0,0,0,0,0,0,0.39999999992,0.3969438282632496,0.0,0.18569975021063465,0.30892172953286173,0.12480280395884862,0.3566350709711691,0.7587807477883104,0.431846578613876,0.0,3,0.18952514859077813,211
SNE_13375389.jpg,1,,1,0,0,0,0,0,0,0.79999999984,0.8148937422087372,0.0,0.1931356722202641,0.3174904731587245,0.08682183802601195,0.3349999998883333,0.7457010991951923,0.40386699215562993,0.0,5,0.1938811559386634,150
SNE_13375390.jpg,1,,1,0,0,0,0,0,0,0.39999999992,0.7615779855992393,0.0,0.17164787570357812,0.3653688676707094,0.1623061097140934,0.27316293920607027,0.7524082532535288,0.45495547565612177,0.0,3,0.17760033401179018,313
SNE_13375392.jpg,1,,1,0,0,0,0,0,0,0.59999999988,0.5656696812266131,0.0,0.1985735534658067,0.38427244729107835,0.12379427099534533,0.29663212425345425,0.671845766285053,0.39630245225510147,0.0,4,0.19396970960121598,193
SNE_13375393.jpg,1,,1,0,0,0,0,0,0,0.19999999996,0.39986308444810764,0.0,0.1940648449444878,0.42366778161623553,0.12578378728094108,0.2754010694269162,0.7636055841986992,0.41814200264989854,0.0,2,0.196613733594366,187
SNE_13375396.jpg,1,,1,0,0,0,0,0,0,0.19999999996,0.5488764099976284,0.0,0.20376921894393518,0.3267979246588183,0.10280641229181613,0.34513274324778764,0.7161752914351007,0.427289309352421,0.0,2,0.13198473681459066,226
SNE_13375397.jpg,1,,1,0,0,0,0,0,0,0.59999999988,0.6284016543502244,0.0,0.19594787232659566,0.28936723070724607,0.10850857717091267,0.34502923965107213,0.666469197744876,0.42256170787245995,0.0,4,0.19412017474754015,171
SNE_13375399.jpg,1,,1,0,0,0,0,0,0,0.39999999992,0.5451135913930336,0.12698041288070228,0.18712099677371796,0.3678562177550615,0.17998390298335043,0.15999999994666667,0.8010818879447246,0.48178733642914384,0.0,3,0.5158667020241743,100
SNE_13375400.jpg,1,,1,0,0,0,0,0,0,0.79999999984,0.4515107708137728,0.11185643841599945,0.20398061327397024,0.28248998294313005,0.14486508667028014,0.14285714280952383,0.7983528159644353,0.4669627885188918,0.0,5,0.4901559454190555,77
SNE_13375401.jpg,1,,1,0,0,0,0,0,0,0.19999999996,0.510340599656333,0.0,0.1909922021314718,0.2729206364341988,0.14392833211519673,0.3054187191100164,0.7185876539675095,0.4609583083650481,0.0,2,0.19857973360805803,203
SNE_13375403.jpg,1,,1,0,0,0,0,0,0,0.79999999984,0.9004079450791505,0.0,0.17886975537961217,0.3018817767733555,0.09805108465021198,0.38948497841094415,0.6945431878884223,0.39286196100406695,0.0,5,0.14125626658802368,233
SNE_13375404.jpg,1,,1,0,0,0,0,0,0,0.59999999988,0.7290380623876997,0.0,0.1924049628249872,0.3402951604521546,0.10630695615153206,0.3137019229723557,0.75379071485928,0.41277023048687594,0.034381563079038606,4,0.15970266267893496,208
SNE_13375407.jpg,1,,1,0,0,0,0,0,0,0.9999999998,0.9283197522874916,0.17864769519506218,0.18088049769156855,0.2854795219140462,0.2826692071053517,0.1865079364457672,0.8314577537933221,0.5196693256282379,0.0,6,0.6037010820102534,126
SNE_13375408.jpg,1,,1,0,0,0,0,0,0,0.39999999992,0.4661099307211306,0.0,0.1953717977344121,0.4823439579133636,0.12899251742060888,0.30542452820007865,0.7389450249948923,0.44254835498320333,0.0,3,0.18325357294005978,212
SNE_13375411.jpg,1,,1,0,0,0,0,0,0,0.79999999984,0.8850789682808602,0.01252228926455733,0.1923293216065421,0.3079142344575204,0.19374562453202432,0.2439024389430894,0.8166792209584448,0.502303877385922,0.0,5,0.32128789176226974,164
SNE_13375414.jpg,1,,1,0,0,0,0,0,0,0.59999999988,0.42569514170138345,0.0,0.20017916471313013,0.3757185403799729,0.12130675842828717,0.2740112993436912,0.7362417643755848,0.4119304071433441,0.0,4,0.18835654804136867,177
SNE_13375416.jpg,1,,1,0,0,0,0,0,0,0.79999999984,0.8649258713427292,0.13762411479698017,0.17753393316317373,0.32591355703818653,0.33891976069153995,0.21186440670903958,0.7350392346190313,0.5380292116668702,0.0,5,0.5339609952924904,177
SNE_13375419.jpg,1,,1,0,0,0,0,0,0,0.59999999988,0.593455733360113,0.07024510471013447,0.18431733197997116,0.41374405768870326,0.22663361125218498,0.23064516121344084,0.7467025674999037,0.5204705357800271,0.0,4,0.4194166780774737,155
SNE_13375424.jpg,1,,1,0,0,0,0,0,0,0.59999999988,0.860769577268281,0.018277595966567837,0.18238014572042982,0.07092547942084634,0.19552952936457865,0.3021582732805755,0.7553783977946011,0.5055259417177421,0.0,4,0.3310719131614429,139
SNE_13375425.jpg,1,,1,0,0,0,0,0,0,0.19999999996,0.43867959110665755,0.09625327234818917,0.17205647349897737,0.4373850954301408,0.2160253880562721,0.25585937491471356,0.8070229174027381,0.5344274316288902,0.0,2,0.46363056308817485,128
SNE_13375428.jpg,1,,1,0,0,0,0,0,0,0.39999999992,0.4767416072036562,0.12611743848295498,0.17414143560618178,0.39414575783888395,0.22719958955017716,0.2520833332493056,0.8183483912956127,0.5156713936441732,0.0,3,0.5143996455471409,120
SNE_13375430.jpg,1,,1,0,0,0,0,0,0,0.59999999988,0.8035227503420528,0.23674167639708638,0.15913305696623617,0.32774357101005147,0.21869160789049127,0.23113207539465408,0.6156194456684605,0.5126180534435825,0.0,4,0.7024608501117885,106
SNE_13375431.jpg,1,,1,0,0,0,0,0,0,1.0,1.0,0.19855884696083279,0.15389885086541336,0.0972299230968131,0.30344275416686867,0.20414201176627214,0.7665444276201093,0.5092085423520337,0.0,8,0.6375500400319746,169
SNE_13375432.jpg,1,,1,0,0,0,0,0,0,0.79999999984,0.886436263680613,0.0857993703971195,0.17607786067903972,0.07517504843232323,0.2064166039900574,0.2556390976591479,0.750510803986459,0.47849674873569753,0.0,5,0.4458589297609025,133
SNE_13375433.jpg,1,,1,0,0,0,0,0,0,0.9999999998,0.55771869128328,0.13511671670650655,0.18220094656704383,0.39859235351106126,0.24982094806960223,0.29399999990199993,0.731993510409896,0.5447086615953647,0.0,6,0.5296984185361778,125
SNE_13375434.jpg,1,,1,0,0,0,0,0,0,0.9999999998,0.9288106699821512,0.15433779136378975,0.18196536387640722,0.2953309600946165,0.28094885095978855,0.1646825396276455,0.7853907893969827,0.5108194719322079,0.0,6,0.5623742454727804,126
SNE_13375436.jpg,1,,1,0,0,0,0,0,0,0.19999999996,0.40249592305589,0.0884354352888511,0.18880311739552955,0.4300341456326401,0.24716600735082556,0.23322147643232657,0.7665449778325532,0.5324858687931586,0.0,2,0.4503402400794823,149
SNE_13375439.jpg,1,,1,0,0,0,0,0,0,0.59999999988,0.6267142240491426,0.10838528953592745,0.20342877482787594,0.3680035922360113,0.30107526877532326,0.21785714278452378,0.6245747579397607,0.5395175436817178,0.0,4,0.48425499231946195,140
SNE_13375440.jpg,1,,1,0,0,0,0,0,0,0.59999999988,0.5066931694936643,0.2139644757241448,0.18165293131835267,0.41284447368157173,0.24931753334194973,0.2142857142142857,0.7632357423225766,0.5148291247108947,0.0,4,0.6637396089450106,98
SNE_13375441.jpg,1,,1,0,0,0,0,0,0,0.59999999988,0.4482307470310399,0.10764673442533838,0.19084887256701255,0.5372540835076547,0.2157981794838685,0.24099099091066067,0.8280584594478243,0.528405288152705,0.0,4,0.482999448630722,111
SNE_13375442.jpg,1,,1,0,0,0,0,0,0,0.59999999988,0.5233847581168025,0.17399964690600586,0.17913933142742938,0.3413796734825024,0.22090373809287844,0.21134020611512025,0.7925762724035708,0.5194640959063264,0.0,4,0.5957993999142096,97
SNE_13375445.jpg,1,,1,0,0,0,0,0,0,0.79999999984,0.6844463720719105,0.16633983225272883,0.1915672182837136,0.40351210559998774,0.2715204215322562,0.21330275222247705,0.7471581830234436,0.5131554292940417,0.0,5,0.5827777149959789,109
SNE_13375447.jpg,1,,1,0,0,0,0,0,0,0.79999999984,0.722724077373196,0.11342861843148792,0.16573057157546708,0.4140957862144547,0.27344032657304534,0.21746575335216897,0.7657091824746116,0.5320667598006191,0.0,5,0.4928286514469581,146
SNE_13375449.jpg,1,,1,0,0,0,0,0,0,0.39999999992,0.7422007141473692,0.0,0.19330621676200788,0.33926544806671477,0.16123311249885172,0.2560975608902439,0.8082096785451461,0.5127423267689946,0.0,3,0.26560951437065083,164
SNE_13375452.jpg,1,,1,0,0,0,0,0,0,0.59999999988,0.38204665009880134,0.1533855421519549,0.19340836320089397,0.4358434096727064,0.23955369378597943,0.24999999991666666,0.7348397288490971,0.524636478749515,0.0,4,0.5607554218117089,107
SNE_13375453.jpg,1,,1,0,0,0,0,0,0,0.39999999992,0.5064161643137134,0.09415740677071349,0.19649230641979662,0.3918529366887662,0.19779437919699822,0.1799065419961059,0.7028491838957602,0.5218785100816874,0.0,3,0.46006759160437033,107
SNE_13375454.jpg,1,,1,0,0,0,0,0,0,0.79999999984,0.838189170498205,0.20680562262549282,0.19686529279957046,0.38516966966658095,0.3405963651780408,0.15503875963824287,0.7718455400432287,0.5346013738179645,0.0,5,0.6515695586701434,129
SNE_13375455.jpg,1,,1,0,0,0,0,0,0,0.59999999988,0.9264012421019316,0.05336548343557463,0.1885062807245011,0.30983691202548475,0.19656147038522537,0.22818791938702457,0.7031053336202181,0.5253395903431936,0.0,4,0.39072132189384234,149
SNE_13375458.jpg,1,,1,0,0,0,0,0,0,0.59999999988,0.776276752858789,0.0,0.15964262526971806,0.4538362098530583,0.07684478485615606,0.3489130433619565,0.8036612048379108,0.371204907330804,0.021182107660325713,4,0.15727212441439756,230
SNE_13375459.jpg,1,,1,0,0,0,0,0,0,0.39999999992,0.6911908335219725,0.0,0.15866265503223423,0.27464274379838494,0.09926330978271566,0.3406862743962418,0.8024462091876343,0.4098752472163913,0.0,3,0.2097162097162038,204
SNE_13375460.jpg,1,,1,0,0,0,0,0,0,0.19999999996,0.26889435126507466,0.0,0.16558341957941886,0.32878438046502906,0.0766921661612111,0.3325123151600985,0.715846003847642,0.3779796134526637,0.0,2,0.17144378812820346,203
SNE_13375461.jpg,1,,1,0,0,0,0,0,0,0.19999999996,0.19986824788765922,0.0,0.15546095390673348,0.5351906575879241,0.11226094991357143,0.32887700523796787,0.7608806930507969,0.39990732290419817,0.0,2,0.2639391502479472,187
SNE_13375464.jpg,1,,1,0,0,0,0,0,0,0.19999999996,0.32839211972006954,0.0,0.16178374251289704,0.3870951312461578,0.07142104708218107,0.3854748602067039,0.7032080996763883,0.3688038543502634,0.0,2,0.20349204677129984,179
SNE_13375465.jpg,1,,1,0,0,0,0,0,0,0.19999999996,0.5322334234480647,0.0,0.16104492931331413,0.36478733700070465,0.11818176344788318,0.2962555065091777,0.7904909335793227,0.37566996230902855,0.010728582723243053,2,0.20450646231270148,227
SNE_13375466.jpg,1,,1,0,0,0,0,0,0,0.39999999992,0.44305175366323635,0.0,0.1571854178537868,0.3889236953921406,0.05138339920593545,0.4184491977214795,0.7606902745301695,0.342720456014434,0.17372844702238815,3,0.14533617974677887,187
SNE_13375467.jpg,1,,1,0,0,0,0,0,0,0.19999999996,0.1216779770930174,0.0,0.16110758898529642,0.42583333007545326,0.0924991895218432,0.3019480518474026,0.8462652348368623,0.3698050895666178,0.13817504471259354,2,0.2399369717805386,154
SNE_13375469.jpg,1,,1,0,0,0,0,0,0,0.39999999992,0.3865713815745873,0.02037654626393286,0.17012023209129412,0.4847951475619384,0.0994751655876886,0.2673913042586956,0.7841280285522194,0.3830493897693885,0.0,3,0.3346401286690624,115
SNE_13375470.jpg,1,,1,0,0,0,0,0,0,0.59999999988,0.7365191852710657,0.0,0.1698247322481286,0.33915379998369966,0.10866176472725077,0.2419354837903226,0.7583559339099993,0.4017450892111989,0.0,4,0.2668353829728235,155
SNE_13375472.jpg,1,,1,0,0,0,0,0,0,0.39999999992,0.6878559223527057,0.0,0.17340830680932384,0.3821047873938752,0.09176126842660115,0.2994652405418895,0.7033618156532517,0.39011344700595113,0.0,3,0.1999354479035181,187
SNE_13375473.jpg,1,,1,0,0,0,0,0,0,0.19999999996,0.7001537380555238,0.0,0.17700228782472574,0.27282094026135667,0.1211149759221815,0.2928921567651144,0.7429954782401396,0.4102722436660046,0.0,2,0.20282866204931702,204
SNE_13375474.jpg,1,,1,0,0,0,0,0,0,0.19999999996,0.28238610322672386,0.0,0.1819024973535234,0.3728372988508232,0.08016336866210746,0.3430232556996124,0.7611092819074903,0.3989838330552043,0.012742653001089718,2,0.1862696200674729,172
SNE_13375475.jpg,1,,1,0,0,0,0,0,0,0.59999999988,0.4609151428968117,0.00884763103768662,0.18163565681307467,0.3823316409886735,0.14771067238420227,0.2690972221325232,0.7618105025398811,0.414798022808691,0.0,4,0.3150409727729149,144
SNE_13375477.jpg,1,,1,0,0,0,0,0,0,0.39999999992,0.3881115052702444,0.0,0.17078690504625993,0.3766507146052944,0.07871642686668501,0.3461538460384615,0.7618707049341489,0.4073024523692862,0.0,3,0.20743747257568543,182
SNE_13375478.jpg,1,,1,0,0,0,0,0,0,0.19999999996,0.3271037989608468,0.0,0.15563201357562856,0.12828702271620768,0.07939275169910236,0.3268072288067269,0.7665908384751161,0.3901354317483677,0.0,2,0.24023815280463492,166
SNE_13375482.jpg,1,,1,0,0,0,0,0,0,0.19999999996,0.25761340420690226,0.0,0.15975432122724587,0.3724712261677265,0.07659664547640524,0.37976190463531745,0.8165790307891396,0.3618168959140401,0.07332647300354074,2,0.1711018613787258,210
SNE_13375483.jpg,1,,1,0,0,0,0,0,0,0.59999999988,0.7861235182038147,0.0,0.17544812470421328,0.4632094921283062,0.09480055989596145,0.3060344826566092,0.7365905213199728,0.3848051089004981,0.0,4,0.22248695988150485,174
SNE_13375485.jpg,1,,1,0,0,0,0,0,0,0.79999999984,0.7389100613544022,0.0,0.1852768525056463,0.3981625387983345,0.09858003068999328,0.27112676047300466,0.7187989671194921,0.3660560016026227,0.0,5,0.16822682025411617,213
SNE_13375487.jpg,1,,1,0,0,0,0,0,0,0.39999999992,0.411627215655761,0.0,0.15585201701864188,0.39844342721082815,0.144985142897127,0.25259067349093267,0.7868496340310147,0.4159146204769305,0.008038597612748862,3,0.2791331076611696,193
SNE_13375488.jpg,1,,1,0,0,0,0,0,0,0.39999999992,0.6029827415365097,0.014045409867546073,0.18697027627742527,0.31795186461199254,0.19288348880781656,0.2325581394573643,0.7844832544140589,0.47662480563072807,0.0,3,0.3238771967888737,172
SNE_13375489.jpg,1,,1,0,0,0,0,0,0,0.39999999992,0.8405363680469804,0.03203340758324469,0.15358883197305,0.22374957198249698,0.21476405914350372,0.22321428563988097,0.779151841475515,0.4186858673073074,0.0,3,0.35445679292354937,224
SNE_13375490.jpg,1,,1,0,0,0,0,0,0,0.19999999996,0.4717080118753443,0.0,0.19173259661227404,0.47762408430925385,0.08938385118833386,0.30930232547829456,0.6745245140741156,0.4070058479014778,0.0,2,0.14658634538152243,215
SNE_13375492.jpg,1,,1,0,0,0,0,0,0,0.59999999988,0.46430301993031897,0.002101271135107668,0.16275054163687425,0.3373119066244893,0.10386226813711966,0.34310344816149424,0.8224085155099891,0.4465396303322842,0.0,4,0.3035721609317843,145
SNE_13375494.jpg,1,,1,0,0,0,0,0,0,0.59999999988,0.599345848860343,0.023002753884462875,0.18720718052972704,0.38285021415410136,0.20066426458302336,0.19082840230325443,0.6929881489962669,0.46249675696203246,0.0,4,0.33910468162658963,169
SNE_13375495.jpg,1,,1,0,0,0,0,0,0,0.39999999992,0.7937268300797129,0.0,0.17163687338447559,0.2289264040876023,0.11244431344691962,0.2821888411076538,0.7617491805394083,0.4004806099625775,0.0,3,0.17103704501399497,233
SNE_13375496.jpg,1,,1,0,0,0,0,0,0,0.39999999992,0.7763023039030944,0.0,0.14060785504323198,0.4144715422405826,0.11492392979165039,0.29183673459659865,0.7682193045755654,0.3888069068083473,0.0,3,0.23425764702824312,245
SNE_13375497.jpg,1,,1,0,0,0,0,0,0,0.39999999992,0.5151909513427041,0.0,0.1727781374261072,0.3166526935394467,0.10393186358106336,0.3064516128010753,0.779489620081969,0.40293573822996703,0.06588364655818187,3,0.24546117529650152,155
SNE_13375499.jpg,1,,1,0,0,0,0,0,0,0.19999999996,0.24077509021492927,0.0,0.16413368866866151,0.3460387695991167,0.05420420163326092,0.3383333332205556,0.7930308202619137,0.37905798721663675,0.24223593195837165,2,0.2021489661145339,150
SNE_13375500.jpg,1,,1,0,0,0,0,0,0,0.19999999996,0.3088636854207887,0.3066000934379107,0.2097868536925142,0.3195868190849071,0.2777700218059191,0.21830985908215964,0.7762864811050071,0.527475919532521,0.0,2,0.8212201591510484,71
SNE_13375501.jpg,1,,1,0,0,0,0,0,0,0.79999999984,0.8559573715769129,0.03219120363441717,0.16892907037116608,0.26304641906732007,0.13585951939403965,0.2419354837903226,0.783108457260273,0.4140356008494913,0.0,5,0.3547250462107004,124
SNE_13375502.jpg,1,,1,0,0,0,0,0,0,0.39999999992,0.45558940564368033,0.0,0.18213412754091435,0.3899121218992394,0.08554273814061765,0.37021857911156647,0.7163524438108717,0.3737717272901179,0.0010462992046703801,3,0.1664132212435037,183
SNE_13375503.jpg,1,,1,0,0,0,0,0,0,0.79999999984,0.6763565887063954,0.0,0.19704120234321934,0.42872628091030435,0.06851104428929199,0.2686335402831263,0.6351128582600957,0.3589526338983819,0.30389431744403367,5,0.1521129982272502,161
SNE_13375504.jpg,1,,1,0,0,0,0,0,0,0.39999999992,0.540952351058388,0.0,0.15022054970764906,0.42369845646020166,0.05517659976342852,0.365606936294316,0.6955777867409974,0.3558020722758711,0.0,3,0.1903904899476618,173
SNE_13375505.jpg,1,,1,0,0,0,0,0,0,0.39999999992,0.6464427763382437,0.0,0.15628539162214833,0.2842089930474012,0.10138602149281364,0.31777777767185184,0.7117978008118961,0.39611798202617554,0.02246731146126314,3,0.19477681822910742,225
SNE_13375507.jpg,1,,1,0,0,0,0,0,0,0.79999999984,0.5997411921085405,0.0,0.1754757582602676,0.34984808954817026,0.051344368333760944,0.3896648043393855,0.6738438028854831,0.365575423664675,0.03222084835489414,5,0.1319088822179028,179
SNE_13375508.jpg,1,,1,0,0,0,0,0,0,0.59999999988,0.7696085635588099,0.0,0.17901063033062614,0.41470602314079463,0.03240207311729501,0.23333333325555553,0.7523067410495043,0.34561574133122736,0.0,4,0.1697498451678873,120
SNE_13375509.jpg,1,,1,0,0,0,0,0,0,0.39999999992,0.6476699631732201,0.0,0.15576554760958225,0.354502682936654,0.07533254432435947,0.3248730963384095,0.7602144702100158,0.362910392971751,0.2700153824075701,3,0.18300298669562406,197
SNE_13375510.jpg,1,,1,0,0,0,0,0,0,0.59999999988,0.628823946903289,0.0,0.1691433560026837,0.3662117322138594,0.07038877450057579,0.34662576675562373,0.7473456760298978,0.35552441345734803,0.0,4,0.1933291269932261,163
SNE_13375512.jpg,1,,1,0,0,0,0,0,0,0.39999999992,0.68599195255917,0.0,0.18170271198855062,0.2427977518424077,0.09104366275447107,0.32828282817340065,0.6904674690127951,0.39341253156478284,0.0,3,0.1697457673854252,198
SNE_13375513.jpg,1,,1,0,0,0,0,0,0,0.0,0.217064789600492,0.0,0.1868215632409868,0.32129214097486003,0.06893768603540215,0.31656804723175547,0.7693428280843997,0.3685509853781269,0.0,1,0.16215181915096735,169
SNE_13375514.jpg,1,,1,0,0,0,0,0,0,0.19999999996,0.3732201532655087,0.0,0.195684947304385,0.43969738778628054,0.06232218089795342,0.32656249989114583,0.6980341096957452,0.38721342382477175,0.0,2,0.15810309053182928,160
SNE_13375515.jpg,1,,1,0,0,0,0,0,0,0.39999999992,0.5246720482179479,0.0,0.15307121110847458,0.4028926914579645,0.10286634505799178,0.31752873552634103,0.7366113435547001,0.40823333318691435,0.0,3,0.2803341596766978,174
SNE_13375518.jpg,1,,1,0,0,0,0,0,0,0.39999999992,0.570266042909292,0.0,0.1733704712017837,0.4117228217156269,0.10595398266284949,0.28196347022564683,0.7739605043120006,0.42694977247483445,0.014417141144918271,3,0.1964998211386534,219
SNE_13375519.jpg,1,,1,0,0,0,0,0,0,0.59999999988,0.7505765881853679,0.0,0.17485389186623657,0.39557737927802594,0.11258179252535944,0.28846153836538463,0.7875139595454199,0.38875319725959995,0.0,4,0.1909993661525402,208
SNE_13375520.jpg,1,,1,0,0,0,0,0,0,0.59999999988,0.6553490487121982,0.0,0.1706274966632781,0.35526622403176583,0.0684232337950672,0.42792792778528527,0.7266437213185046,0.37754546644858783,0.05075286574130624,4,0.12857438872772217,222
SNE_13375521.jpg,1,,1,0,0,0,0,0,0,0.39999999992,0.7119729002723811,0.0,0.1901857288968949,0.24362879455297937,0.05145796928705366,0.34218749988593744,0.7593993681312027,0.3540565903015936,0.5062075035716819,3,0.12600430150057784,160
SNE_13375522.jpg,1,,1,0,0,0,0,0,0,0.59999999988,0.6610507601299704,0.0,0.1809961279535782,0.33076970279777435,0.04464381551788642,0.36206896539655176,0.7383847808292352,0.34379498814060017,0.526467248815457,4,0.12111233854520478,174
SNE_13375523.jpg,1,,1,0,0,0,0,0,0,0.0,0.20938227389105774,0.0,0.17315829159861204,0.48652505868131296,0.10072632004055831,0.2690972221325232,0.7417971830378475,0.3880839437433996,0.0,1,0.26187778227437225,144
SNE_13375526.jpg,1,,1,0,0,0,0,0,0,0.59999999988,0.6947404893357965,0.0,0.16458791207218412,0.3642947944678605,0.10123417961097235,0.32268722456204113,0.7298897185302569,0.37467166004972363,0.0,4,0.1727282093550337,227
SNE_13375528.jpg,1,,1,0,0,0,0,0,0,0.59999999988,0.5015406366862809,0.0,0.18334024586512324,0.3103676076812986,0.08019126488947588,0.3412698411560846,0.6063904507498227,0.3806682283951908,0.020570065064262073,4,0.16874966618596998,189
SNE_13375529.jpg,1,,1,0,0,0,0,0,0,0.59999999988,0.6716920315292993,0.0,0.1738384804977052,0.3622723287379106,0.09632419251497938,0.2676630433890399,0.774175712830238,0.3861161323340802,0.31437946279485984,4,0.19814193865935958,184
SNE_13375532.jpg,1,,1,0,0,0,0,0,0,0.39999999992,0.5829629669273384,0.0,0.15796128452212752,0.4253951336096884,0.07039576206583904,0.3607843136052288,0.7081895228280105,0.39026409794490435,0.13377944637833838,3,0.1377394811623405,255
SNE_13375533.jpg,1,,1,0,0,0,0,0,0,0.59999999988,0.8515321946215574,0.0,0.19533234116514847,0.41443497965423115,0.11318325464276195,0.23692810449618734,0.69500120002064,0.40610233069068996,0.0,4,0.22893501359030438,153
SNE_13375534.jpg,1,,1,0,0,0,0,0,0,0.19999999996,0.17592049190703524,0.05166975576577589,0.1591005757401067,0.38716453112884974,0.15248319802951213,0.2446808509822695,0.8363627594282478,0.46018713886127327,0.043891652261648574,2,0.38783858485348877,141
SNE_13375535.jpg,1,,1,0,0,0,0,0,0,0.59999999988,0.5617919156089559,0.32530749385444435,0.17176151117113012,0.39327067113624925,0.30131068097168884,0.24484536074312716,0.7412515581079273,0.5299597263826696,0.0,4,0.8530227398778628,97
SNE_13375536.jpg,1,,1,0,0,0,0,0,0,0.19999999996,0.43359547342730065,0.0,0.1680159666894658,0.26855984851509695,0.07772587082921645,0.34444444432962956,0.77084531608546,0.4145492024289353,0.4470382405933675,2,0.23322203060212698,135
SNE_13375539.jpg,1,,1,0,0,0,0,0,0,0.59999999988,0.6163824702399769,0.059078090596981596,0.18079464647761076,0.4425529127855063,0.14844247678780437,0.14380530968657815,0.7505282849334793,0.40485844933887033,0.0,4,0.4004327540739468,113
SNE_13375540.jpg,1,,1,0,0,0,0,0,0,0.19999999996,0.5475373506279202,0.0,0.16246888219318337,0.4704534833040762,0.07406971478525866,0.32377049169535516,0.5709088460745135,0.38030869414124113,0.20028764849982789,2,0.2041884816753873,183
SNE_13375541.jpg,1,,1,0,0,0,0,0,0,0.19999999996,0.31240130201745087,0.0,0.1782388599731635,0.5618262959199796,0.08490851012674057,0.3668224297842679,0.7254706553155413,0.37336267020608366,0.0030203117601101098,2,0.1561607033825826,214
SNE_13375543.jpg,1,,1,0,0,0,0,0,0,0.39999999992,0.7159187286529325,0.0,0.1844642859737153,0.33413107572576306,0.05073367797574376,0.3229166665590278,0.7042293217999978,0.37454184934791906,0.5290617570366412,3,0.1527781566242014,144
SNE_13375545.jpg,1,,1,0,0,0,0,0,0,0.39999999992,0.7728491798106403,0.0,0.13992207956391675,0.28640650112663146,0.07940833616605142,0.2914201182460552,0.6528117785917508,0.3479579706652778,0.17084891801573499,3,0.2443441600854984,169
SNE_13375546.jpg,1,,1,0,0,0,0,0,0,0.39999999992,0.5764654926379238,0.02478974577436718,0.16295947694517465,0.34008841197701,0.18451962224657284,0.2401685392457865,0.8023879186719547,0.4520132546689859,0.0,3,0.34214256784121394,178
SNE_13375547.jpg,1,,1,0,0,0,0,0,0,0.59999999988,0.8333577328757391,0.0,0.17136266948741977,0.3651870573804987,0.04433284338374034,0.3414634145203252,0.7152229190942422,0.34666236552572705,0.0675383995727975,4,0.14936305016962526,164
SNE_13375548.jpg,1,,1,0,0,0,0,0,0,0.19999999996,0.5002137245114028,0.0,0.14077179399305706,0.33420160642765595,0.09136976262902136,0.31751054841736986,0.7391237303388668,0.39651332723624705,0.03061423923839499,2,0.20549052203827653,237
SNE_13375549.jpg,1,,1,0,0,0,0,0,0,0.39999999992,0.7144773427063831,0.0,0.17322910338955347,0.32804163579606016,0.11053829534055289,0.3338607593823839,0.7250035051195914,0.38390757398730463,0.0,3,0.25708343144179197,158
SNE_13375551.jpg,1,,1,0,0,0,0,0,0,0.39999999992,0.7155945050751799,0.0,0.17938293064367572,0.27092213528263354,0.05955746932201499,0.365606936294316,0.7153346577656459,0.36253299058006627,0.0,3,0.14472646623952332,173
SNE_13375552.jpg,1,,1,0,0,0,0,0,0,0.39999999992,0.48949360821892796,0.0,0.17406523936074825,0.39651175483285783,0.10095831439813611,0.2793427229115806,0.7088673277066271,0.3957416560399064,0.0,3,0.18572407179065117,213
SNE_13375553.jpg,1,,1,0,0,0,0,0,0,0.39999999992,0.6443896574836586,0.0,0.17593464561885566,0.4569761984377096,0.10300219254712295,0.3241758240677656,0.738997375300398,0.3799743575130837,0.13393557153365468,3,0.21885357769545008,182
SNE_13375554.jpg,1,,1,0,0,0,0,0,0,0.59999999988,0.7649816589946257,0.0,0.17849172930225757,0.3723759380410573,0.12128340337186407,0.26442307683493593,0.7655079798389135,0.40342653671829704,0.11803996171074085,4,0.29531878839227726,156
SNE_13375555.jpg,1,,1,0,0,0,0,0,0,0.19999999996,0.1768644747307484,0.0,0.1560905413094293,0.5074251227016886,0.09130343340269909,0.34246575331050233,0.6903873041324304,0.3923333475120069,0.0,2,0.20064935064934566,219
SNE_13375556.jpg,1,,1,0,0,0,0,0,0,0.39999999992,0.5744484940069625,0.02202950613939066,0.16565168181908288,0.44197529573146943,0.13290714873067988,0.24827586198620688,0.7974429891884096,0.40280745172235194,0.0,3,0.3374501604589936,145
SNE_13375558.jpg,1,,1,0,0,0,0,0,0,0.0,0.2081370232226184,0.0,0.17616432899924567,0.40256788336544,0.10279001182302658,0.28124999990625,0.8292009426969887,0.4141218821226831,0.0,1,0.24465689712449726,160
SNE_13375561.jpg,1,,1,0,0,0,0,0,0,0.59999999988,0.5842599771752421,0.0,0.17139557783622109,0.2264410113219016,0.09505907625514977,0.34625668437655965,0.7499326961235698,0.38332161157593175,0.06658663376603578,4,0.1957683073229233,187
SNE_13375562.jpg,1,,1,0,0,0,0,0,0,0.39999999992,0.6277230233239077,0.0,0.17035668375579324,0.4231599369989443,0.06361644137915819,0.28960396029950497,0.6131326867083369,0.3723604932452961,0.0,3,0.15065167949614788,202
SNE_13375564.jpg,1,,1,0,0,0,0,0,0,0.59999999988,0.5030738394946404,0.0,0.1774635127221832,0.3560459245660855,0.08257417130978155,0.2989864863868243,0.7117186866727878,0.3844204590164791,0.0,4,0.21349718808580803,148
SNE_13375565.jpg,1,,1,0,0,0,0,0,0,0.59999999988,0.5510018896986548,0.02297586161523847,0.16271961297017595,0.4337134304170117,0.13571156036811224,0.21774193541129033,0.7789646999210288,0.3922021728820916,0.37229840509587386,4,0.33905896476888125,155
SNE_13375566.jpg,1,,1,0,0,0,0,0,0,0.39999999992,0.35945666252810315,0.0,0.18479125708989544,0.3173476616232618,0.04219682994944381,0.41242038202813164,0.7162367021034663,0.3526043559252432,0.4015561469560361,3,0.13413206637746716,157
SNE_13375567.jpg,1,,1,0,0,0,0,0,0,0.59999999988,0.8085567241910697,0.0,0.17792763339546913,0.166134136578606,0.07951644516639116,0.2875722542394027,0.600339419705514,0.38606995095975505,0.11910442692392846,4,0.17227366404458008,173
SNE_13375568.jpg,1,,1,0,0,0,0,0,0,0.39999999992,0.6791605166374879,0.0,0.1484195211176585,0.3377947068846621,0.0816651403870664,0.3653017240161638,0.7389011006737918,0.35657918839823466,0.39996040028958607,3,0.18712742790523335,232
SNE_13375571.jpg,1,,1,0,0,0,0,0,0,0.59999999988,0.6478425920172795,0.0,0.14908060913221802,0.2824288057450204,0.07697509297270907,0.2577639750693582,0.7385656551588242,0.3722174928130308,0.06262873374228897,4,0.24429489140409164,161
SNE_13375573.jpg,1,,1,0,0,0,0,0,0,0.59999999988,0.7049047986495443,7.424401024663922e-06,0.1620331538971406,0.299009302301146,0.08022612380239247,0.2520833332493056,0.7204730333422087,0.3808902071475553,0.0842301586087885,4,0.30001262148174934,120
SNE_13375574.jpg,1,,1,0,0,0,0,0,0,0.59999999988,0.8672705780499212,0.012486375527919641,0.17869404756572616,0.28216594258470323,0.11963035920946759,0.19959677412701615,0.7568318886842715,0.41132101857691383,0.312717094494833,4,0.32122683840994976,124
SNE_13375575.jpg,1,,1,0,0,0,0,0,0,0.39999999992,0.7393514030802274,0.14080316378402094,0.13553693788854926,0.058917888602827845,0.24500223222843515,0.22777777770185184,0.8009138959513153,0.4051298033845684,0.0,3,0.5393653785736388,180
SNE_13375576.jpg,1,,1,0,0,0,0,0,0,0.79999999984,0.8418909928308824,0.0,0.17066367105245928,0.40704247154113427,0.10178742173579325,0.2697740112095104,0.6931510577208475,0.3618559311580953,0.11986915810646363,5,0.2174114838880713,177
SNE_13375577.jpg,1,,1,0,0,0,0,0,0,0.59999999988,0.47894698533727825,0.0,0.18066619760645033,0.2728384023909192,0.08665146159254439,0.2075892856450893,0.7073251268701589,0.3797452367506297,0.008314036717899934,4,0.2602428996739162,112
SNE_13375578.jpg,1,,1,0,0,0,0,0,0,0.39999999992,0.565358914197011,0.0,0.13937315687916257,0.4047338349805343,0.06540811467006509,0.31196581186182337,0.5837804352349616,0.3371046804650574,0.3422685636519202,3,0.15998313142155807,234
SNE_13375579.jpg,1,,1,0,0,0,0,0,0,0.59999999988,0.32176178204985684,0.03713496210763912,0.16556830700124583,0.3404232358199255,0.15488281364224024,0.2517857142017857,0.7958721152149102,0.40290189346510097,0.12859449342264184,4,0.36312943562012145,140
SNE_13375581.jpg,1,,1,0,0,0,0,0,0,0.59999999988,0.799044422265503,0.0,0.16014838894132316,0.394555312515527,0.1515032063131425,0.2370689654382184,0.8028681488445107,0.4239389847602409,0.7406981310896259,4,0.23247960411929142,232
SNE_13375582.jpg,1,,1,0,0,0,0,0,0,0.39999999992,0.4484863403638716,0.010389194066356114,0.172248213885705,0.37865751791049007,0.1820398158969115,0.281944444350463,0.7344261346872902,0.47844823392268226,0.0,3,0.3176616299231946,180
SNE_13375583.jpg,1,,1,0,0,0,0,0,0,0.39999999992,0.7328975011688653,0.12956307917475132,0.1801778179569619,0.2947731911614095,0.27858230782192184,0.18795620431690996,0.8084388822760498,0.501562986608577,0.0,3,0.5202572347266403,137
SNE_13375585.jpg,1,,1,0,0,0,0,0,0,0.39999999992,0.653875101378198,0.0,0.14254047948491025,0.36126882500206325,0.11405592364884325,0.30999999989666666,0.7543762231025579,0.3947755027897701,0.0,3,0.26425969912904945,200
SNE_13375586.jpg,1,,1,0,0,0,0,0,0,0.39999999992,0.796587592708246,0.005539305245275152,0.16938180435175343,0.2938907236208636,0.15788434097965673,0.2623456789248971,0.7528669570768963,0.4127481314438166,0.0,3,0.30941681892250705,162
SNE_13375587.jpg,1,,1,0,0,0,0,0,0,0.39999999992,0.5583909119847007,0.20918402502199976,0.18363170116153907,0.30582278042831934,0.3297398640196363,0.19354838703225805,0.7925898966443369,0.5151548837241265,0.0,3,0.6556128427465836,124
SNE_13375589.jpg,1,,1,0,0,0,0,0,0,0.39999999992,0.5989694884397498,0.0,0.19056470879862364,0.44200448846137064,0.12733208821733474,0.281496062898294,0.7057416444078815,0.41300694282846345,0.0,3,0.2994992192127349,127
SNE_13375590.jpg,1,,1,0,0,0,0,0,0,0.39999999992,0.7385538808579963,0.0,0.18134772115359205,0.4239009839140616,0.05255038584789263,0.2909356724176413,0.7528877485211908,0.36484861788923484,0.4054834810250691,3,0.14255662295771354,171
SNE_13375591.jpg,1,,1,0,0,0,0,0,0,0.59999999988,0.5426342138474505,0.1387767421739266,0.20864538322934326,0.399119515789231,0.22870035894345828,0.21499999992833332,0.7650115337257948,0.5182779114015958,0.0,4,0.535920461834452,100
SNE_13375592.jpg,1,,1,0,0,0,0,0,0,0.39999999992,0.6855426939291624,0.0,0.1502503315897944,0.30651308215253914,0.11010074609507423,0.329545454435606,0.7669331180123331,0.40085360796294967,0.0,3,0.24891470689277465,198
SNE_13375593.jpg,1,,1,0,0,0,0,0,0,0.59999999988,0.787277352971374,0.2571559552654398,0.16142408207701556,0.4991017957828434,0.37293306324505954,0.19728915656074297,0.8002682891826555,0.5234496335124658,0.0,4,0.7371651242084035,166
SNE_13375594.jpg,1,,1,0,0,0,0,0,0,0.59999999988,0.8226135428431806,0.00684158555104988,0.19534390893131437,0.29332238962567103,0.19506500061109092,0.18312101904723987,0.7393546770688662,0.4202510796741571,0.0,4,0.31163069544362637,157
SNE_13375597.jpg,1,,1,0,0,0,0,0,0,0.39999999992,0.6947594650088127,0.015608903716343452,0.1570041342401668,0.3334061907485769,0.15504789460688037,0.23314606733801496,0.8202159855455702,0.41819458115362185,0.0,3,0.32653513633339276,178
SNE_13375598.jpg,1,,1,0,0,0,0,0,0,0.79999999984,0.8007876146744297,0.32295425135146716,0.16285409090372657,0.38261911063203463,0.24463168118895698,0.21236559132706095,0.80233092551044,0.5160662543498322,0.0,5,0.8490222276204483,93
SNE_13375600.jpg,1,,1,0,0,0,0,0,0,0.59999999988,0.4756780062335292,0.0,0.1428501215743272,0.3572064520715241,0.06567739149684106,0.37134502911598444,0.6631931339621913,0.3697147463589246,0.23234829851101688,4,0.2182143232726833,171
SNE_13375601.jpg,1,,1,0,0,0,0,0,0,0.39999999992,0.6983367862047687,0.15190283057348195,0.1993834058759134,0.19977482509381275,0.2954527251743464,0.1792035397632743,0.8182108432177972,0.5225867089298067,0.0,3,0.5582348121268221,113
SNE_13375603.jpg,1,,1,0,0,0,0,0,0,0.79999999984,0.9484722054410024,0.0,0.18342041520940142,0.3332327562931719,0.08246223439681331,0.2574850298542914,0.714296751172688,0.354749554941609,0.0,5,0.17481786603546848,167
SNE_13375605.jpg,1,,1,0,0,0,0,0,0,0.39999999992,0.693121000023982,0.0,0.18357969585942385,0.3186219197194551,0.12729124799043037,0.26666666657777777,0.7606277180463424,0.38526777850285326,0.11752509689845046,3,0.1947337049892993,195
SNE_13376365.jpg,1,,0,0,0,0,1,0,0,0.39999999992,0.5762272564614579,0.0,0.15163420902580796,0.4910526316588242,0.0658675753937998,0.41098484834785354,0.7080101557675517,0.3808806326712974,0.0,3,0.29862864160468383,132
SNE_13376382.jpg,1,,0,0,0,0,1,0,0,0.59999999988,0.9341351218222176,0.0,0.15849782070382196,0.40047559036170743,0.07770625338719299,0.3105095540366242,0.5779104708921026,0.37838243874191774,0.0,4,0.24720022713649492,157
SNE_13376400.jpg,1,,0,0,0,0,1,0,0,1.0,0.9325559067957798,0.0,0.16290944574270416,0.3928785658051708,0.13604801028613886,0.28743961343075686,0.65574281479278,0.39727043918355953,0.0,7,0.27144885871634955,207
SNE_13376403.jpg,1,,0,0,0,0,1,0,0,1.0,0.9514781479715616,0.0,0.16926966269041294,0.41212976279367913,0.0953561983520697,0.3587962961766975,0.6463383851238761,0.38738857761623074,0.0,9,0.19409008070814388,216
SNE_13376437.jpg,1,,0,0,0,0,1,0,0,1.0,0.8615702470299587,0.29515653181532353,0.17439331886390155,0.5461848562007781,0.3019001709613504,0.11134453777801118,0.8067376866097036,0.4563352134669886,0.0,7,0.8017661043812065,119
SNE_13376445.jpg,1,,0,0,0,0,1,0,0,0.79999999984,0.8181852064816023,0.04208407153294473,0.169457314794071,0.3498490166295897,0.1323580643202115,0.3266423356575426,0.7148259690775871,0.4292890217972451,0.0,5,0.3715429216480901,137
SNE_13376459.jpg,1,,0,0,0,0,1,0,0,0.59999999988,0.6504731791481789,0.0,0.15606922914887644,0.44160212469484017,0.11347432647788304,0.33749999988750007,0.6920586165297653,0.4170117119402722,0.0,4,0.27909667917381636,180
SNE_13376465.jpg,1,,0,0,0,0,1,0,0,0.79999999984,0.743193985039583,0.030424147356920537,0.1775524306514318,0.42670875207647463,0.13978888724668267,0.272108843446712,0.6648949913359646,0.451050593834411,0.0,5,0.35172105053718905,147
SNE_13376479.jpg,1,,0,0,0,0,1,0,0,0.9999999998,0.8290784223268112,0.0,0.1780737659580286,0.33419693780787707,0.1278767396170854,0.37376237611303625,0.6314055012290576,0.43303470589757576,0.0,6,0.23861591225507695,202
SNE_13376493.jpg,1,,0,0,0,0,1,0,0,0.9999999998,0.7793220939932299,0.1927486366320052,0.1519269791738372,0.41618088120384467,0.18578790963019562,0.23799999992066664,0.5709920833157531,0.4032932423246844,0.0,6,0.6276726824671575,125
SNE_13376499.jpg,1,,0,0,0,0,1,0,0,0.9999999998,0.7945261430545343,0.0033049805268449586,0.1699225162169158,0.522212526423656,0.12731523930661892,0.2595541400408705,0.7847269865297617,0.40751908011736004,0.09186991747424784,6,0.3056184668989414,157
SNE_13376503.jpg,1,,1,0,0,0,0,0,0,0.79999999984,0.8279004717426945,0.0,0.16135106332344593,0.26790153689189267,0.08009889495926847,0.35135135123423417,0.7753457749009197,0.4009515231300025,0.0,5,0.2085389459908883,185
SNE_13376510.jpg,1,,1,0,0,0,0,0,0,0.79999999984,0.6933101645905733,0.0,0.16856696147216987,0.3998225172857167,0.0941732428048412,0.30726256972998134,0.8330910905265005,0.39201106321677853,0.0,5,0.22588587278336317,179
SNE_13376511.jpg,1,,1,0,0,0,0,0,0,0.59999999988,0.8180619636082729,0.0,0.17526746228883222,0.3600984132266499,0.07835154293481866,0.3139097743314536,0.8182809877839036,0.3800234747921976,0.0,4,0.2539575614684984,133
SNE_13376515.jpg,1,,1,0,0,0,0,0,0,0.19999999996,0.5404045979685984,0.0014505583823626997,0.16184005570456728,0.3439892898004002,0.09053099730214825,0.3339416057281022,0.7540765657643629,0.39921783945752715,0.0,2,0.30246594925146714,137
SNE_13376518.jpg,1,,1,0,0,0,0,0,0,0.9999999998,0.7717123870682894,0.0,0.1824664270938337,0.3981195664246549,0.11740613998826017,0.31730769220192306,0.7597343355817731,0.4070631024314665,0.0,6,0.19763287875492536,208
SNE_13376523.jpg,1,,1,0,0,0,0,0,0,0.59999999988,0.8842817478248611,0.0,0.18083275109036392,0.500301869368178,0.0999237223416972,0.328124999890625,0.7531062537434894,0.38078478594338366,0.0,4,0.22490118577074358,176
SNE_13376524.jpg,1,,1,0,0,0,0,0,0,0.19999999996,0.6456222398438083,0.0062659665611745135,0.178652282921957,0.4220965752497732,0.15335800243330794,0.2123493975195783,0.8233495728259781,0.4176954968929328,0.0,2,0.31065214316026263,166
SNE_13376525.jpg,1,,1,0,0,0,0,0,0,0.59999999988,0.6886434570162692,0.0,0.18315501446669746,0.2993512999835461,0.0962079528229516,0.2701612902325269,0.7545897033900373,0.40103453963109187,0.0,4,0.2892720306513278,124
SNE_13376527.jpg,1,,1,0,0,0,0,0,0,0.79999999984,0.6367875677257681,0.0,0.17570415515449425,0.5322281480582907,0.09356725145498852,0.3030726255972998,0.7543563131562757,0.39286226057759044,0.0,5,0.22392923649906193,179
SNE_13376528.jpg,1,,1,0,0,0,0,0,0,0.39999999992,0.5418993473767928,0.0,0.1778014417104807,0.2988670518715859,0.1282080958189018,0.28333333323888893,0.804979097733413,0.41690724097410625,0.0,3,0.29617921935127833,150
SNE_13376529.jpg,1,,1,0,0,0,0,0,0,0.59999999988,0.5380127976442391,0.0,0.1702672817489013,0.36897899672644907,0.07786244715169513,0.4069767440503876,0.7002129570224704,0.413458298470749,0.0,4,0.2185896327048314,172
SNE_13376531.jpg,1,,1,0,0,0,0,0,0,0.59999999988,0.6025074098178904,0.0,0.17993283129054813,0.2894775104012193,0.10895040580089281,0.35109289605783234,0.7526950191954901,0.4216051265928277,0.0,4,0.21899745000670315,183
SNE_13376537.jpg,1,,1,0,0,0,0,0,0,0.39999999992,0.6186937755491614,0.0,0.18773357049972078,0.26117052984532696,0.09411335167590881,0.3684210525087719,0.7845545894790514,0.4115234929483612,0.0,3,0.15472251867662343,209
SNE_13376538.jpg,1,,1,0,0,0,0,0,0,0.79999999984,0.8388574195411178,0.0070153765315033555,0.18793882215521646,0.4177330665975232,0.12491623212946666,0.27443609013408515,0.7181390129184767,0.40110486985664523,0.0,5,0.31192614011057107,133
SNE_13376539.jpg,1,,1,0,0,0,0,0,0,0.59999999988,0.8183991118786187,0.0,0.16680723806167655,0.09672152371586024,0.10110659286498117,0.3075916229341186,0.8939770985201402,0.4130440050891607,0.0,4,0.22426133235455362,191
SNE_13376543.jpg,1,,1,0,0,0,0,0,0,0.39999999992,0.4365866992718599,0.17229292762379264,0.19905461463533677,0.2592907271175862,0.2106420404228568,0.18681318675091574,0.7920791856745955,0.5103320858000944,0.0,3,0.5928979771327404,91
SNE_13376545.jpg,1,,1,0,0,0,0,0,0,0.39999999992,0.5691253888046957,0.0,0.19745465966344886,0.4610727016382293,0.10419153328518614,0.29861111101157406,0.6941047890708052,0.4107689381222097,0.0,3,0.2324532362191594,144
SNE_13376546.jpg,1,,1,0,0,0,0,0,0,0.59999999988,0.6723833518372678,0.0,0.18205048841738017,0.3088015056171151,0.08356977727221201,0.2920353981327434,0.751783132566241,0.39877607331511516,0.0,4,0.28255393212108815,113
SNE_13376552.jpg,1,,1,0,0,0,0,0,0,0.79999999984,0.6163944328172397,0.0,0.18295869724212568,0.40926533793164066,0.11625438210885684,0.31366459616873704,0.8066957358409603,0.42057608443074074,0.0,5,0.24367202136563784,161
SNE_13376553.jpg,1,,1,0,0,0,0,0,0,0.59999999988,0.4008630008604588,0.0,0.1810060323151773,0.4048662807854938,0.10311272055376983,0.38101604265374334,0.7085466073837194,0.41104502093897666,0.0,4,0.19666424027596935,187
SNE_13376554.jpg,1,,1,0,0,0,0,0,0,0.59999999988,0.8198021946140365,0.0,0.1706381813014385,0.29952374099520074,0.10137450428591877,0.34975961526802885,0.758289908928617,0.41029075015432154,0.0,4,0.19264532102863677,208
SNE_13376555.jpg,1,,1,0,0,0,0,0,0,0.59999999988,0.7002253128896654,0.0,0.16038043229445587,0.372376929464947,0.10618476207308782,0.2881773398054187,0.7872306603691525,0.3784695438233095,0.0,4,0.22650652555221257,203
SNE_13376556.jpg,1,,1,0,0,0,0,0,0,0.19999999996,0.5895032125373592,0.0,0.19242754990545363,0.3225070247822706,0.04770753007370819,0.27777777768518513,0.7902464222101685,0.38783139656385723,0.0,2,0.21426301853485563,108
SNE_13376557.jpg,1,,1,0,0,0,0,0,0,0.39999999992,0.7351699496177474,0.0,0.163743870016561,0.14924598740261358,0.11235526857218477,0.3403755867410016,0.7636933520349782,0.395721543508439,0.0,3,0.22832165773826374,213
SNE_13376560.jpg,1,,1,0,0,0,0,0,0,0.39999999992,0.8150929056046949,0.0,0.1808388731427618,0.36776648163143266,0.09273422780120374,0.22244094480774276,0.7384194372003452,0.3864620809433534,0.0,3,0.27836979687702673,127
SNE_13376562.jpg,1,,1,0,0,0,0,0,0,0.59999999988,0.5826227611281013,0.0,0.17211975205598154,0.4028860919508158,0.12171201740305522,0.2565789472828947,0.8689876262388613,0.3962581870246884,0.0,4,0.2376303218382706,190
SNE_13376563.jpg,1,,1,0,0,0,0,0,0,0.59999999988,0.9219917409819849,0.0,0.1856932921149268,0.22738954266556471,0.06460153681448084,0.28571428561904766,0.7793758965443345,0.37130758849442663,0.0,4,0.17356591165494598,154
SNE_13376564.jpg,1,,1,0,0,0,0,0,0,0.59999999988,0.8480629531249999,0.0,0.18453124387633724,0.346955878020317,0.12159932429633322,0.2764900661330022,0.7963729974142848,0.4098928167842341,0.0,4,0.2646994343841687,151
SNE_13376568.jpg,1,,1,0,0,0,0,0,0,0.59999999988,0.7130938689380171,0.0,0.1751277585569229,0.48144951105823786,0.07712812433454556,0.31658291446733666,0.6854602398354981,0.39539736091360594,0.0,4,0.1662123990286891,199
SNE_13376569.jpg,1,,1,0,0,0,0,0,0,0.19999999996,0.4506457906607742,0.0,0.18859080111957116,0.3259900658407433,0.0784022676120523,0.3139999998953333,0.7614589836968472,0.39407134947235467,0.0,2,0.23972275334607077,125
SNE_13376572.jpg,1,,1,0,0,0,0,0,0,0.39999999992,0.79133076572577,0.0,0.18803595681074753,0.44664847780742556,0.11649033167921781,0.267080745252588,0.7346923956382394,0.4169197742270431,0.0,3,0.2544307839693336,161
SNE_13376573.jpg,1,,1,0,0,0,0,0,0,0.59999999988,0.8419328410780098,0.0,0.18174826695606855,0.4181364372105424,0.12084229449770603,0.3096590908058712,0.7499855882537729,0.4517660574783248,0.0,4,0.24427881194051296,176
SNE_13376574.jpg,1,,1,0,0,0,0,0,0,0.59999999988,0.7555448097736261,0.0,0.17292292774106865,0.3407258614178096,0.09961336475636708,0.34890109878479847,0.6908862702674464,0.4011484691410447,0.0,4,0.2220668171270472,182
SNE_13376576.jpg,1,,1,0,0,0,0,0,0,0.59999999988,0.8190300584269192,0.0,0.18444425544936308,0.4219804769192344,0.1282258097940315,0.2629310343951149,0.6492442827234881,0.4254713303431686,0.0,4,0.2632514416620482,174
SNE_13376577.jpg,1,,1,0,0,0,0,0,0,0.79999999984,0.5299167927907389,0.0,0.1763512262093115,0.36744504144125056,0.06344060204373643,0.37157534234189493,0.7824905676229847,0.3834978819189888,0.0,5,0.20497870154979594,146
SNE_13376578.jpg,1,,1,0,0,0,0,0,0,0.59999999988,0.7502670955306289,0.0,0.17513891384115457,0.3428832241657309,0.0732742434919919,0.29239766072124757,0.7801318158208868,0.4021957532296369,0.0,4,0.19893119946279628,171
SNE_13376580.jpg,1,,1,0,0,0,0,0,0,0.59999999988,0.6044548810851877,0.0,0.18065822876943735,0.38512204549391316,0.06916913271209325,0.3979591835408163,0.7917999600394424,0.3995110420715118,0.021493848156042043,4,0.14898339906014244,196
SNE_13376581.jpg,1,,1,0,0,0,0,0,0,0.79999999984,1.0,0.0,0.17351948295501082,0.28193901527589993,0.10884196451685188,0.27237354076523995,0.8150848574547246,0.41144665149222154,0.0425237953136998,5,0.16705663260433182,257
SNE_13376582.jpg,1,,1,0,0,0,0,0,0,0.39999999992,0.6649591758924819,0.0,0.17378446564005773,0.36310721139532864,0.07037750876871336,0.3674033147946593,0.7076975243463146,0.37669379540541215,0.0,3,0.173389804245644,181
SNE_13376583.jpg,1,,1,0,0,0,0,0,0,0.79999999984,0.8421633545529801,0.0,0.1850495141315432,0.34720695492638914,0.08585588422934398,0.2538167938085242,0.777415638559732,0.39553582172222096,0.0,5,0.2726871007913762,131
SNE_13376588.jpg,1,,1,0,0,0,0,0,0,0.19999999996,0.40157679300619287,0.0033532779882325136,0.16528715873651842,0.3751997924725776,0.08475297370278664,0.33266129021169355,0.7895511426419071,0.38603106766323864,0.0,2,0.30570057258334854,124
SNE_13376590.jpg,1,,1,0,0,0,0,0,0,0.39999999992,0.5471693304256295,0.0,0.17639159007772937,0.39734147949708354,0.08121207393177948,0.33278145684271526,0.7962802608241082,0.40657043032818213,0.0,3,0.22563912560206723,151
SNE_13376594.jpg,1,,1,0,0,0,0,0,0,0.0,0.2967307865682381,0.0,0.18964108687194708,0.37925110696387054,0.06289559922285647,0.36091549283744134,0.7617252362190263,0.38627462013286734,0.0,1,0.19040994249674795,142
SNE_13376595.jpg,1,,1,0,0,0,0,0,0,0.79999999984,0.7152223483787057,0.0,0.18762315938368257,0.39447468087863435,0.06664350645153067,0.3288834950360032,0.7865793476106218,0.37817248013500443,0.040997432530006206,5,0.13999999999999693,206
SNE_13376599.jpg,1,,1,0,0,0,0,0,0,0.59999999988,0.5640340398597707,0.0,0.17475659113395975,0.25390345072749176,0.07092795601676206,0.3258064515043011,0.7027204835243714,0.3966159836841848,0.0,4,0.2071065067248211,155
SNE_13376600.jpg,1,,1,0,0,0,0,0,0,0.59999999988,0.6628858073485445,0.0,0.15453221647921,0.4635464755167908,0.11433658280485563,0.31283422449465237,0.7845690013548086,0.40445827465123196,0.0,4,0.28626200251076284,187
SNE_13376601.jpg,1,,1,0,0,0,0,0,0,0.59999999988,0.6241541697507458,0.0,0.1865766256126252,0.3700826640367584,0.09079284328703247,0.38403614445030115,0.7398635441747202,0.4290617732077924,0.0,4,0.20296802153784874,166
SNE_13376603.jpg,1,,1,0,0,0,0,0,0,0.79999999984,0.6889383063611063,0.0,0.16640995777744444,0.2770072109972316,0.06139996741487332,0.451863353886646,0.7201396696288574,0.38527137286455904,0.0,5,0.18199434800160996,161
SNE_13376604.jpg,1,,1,0,0,0,0,0,0,0.79999999984,0.6664702411866529,0.0,0.16466508814955239,0.34475864744539236,0.0789375007347098,0.37124999987625,0.8330916799019571,0.3777934304005637,0.0,5,0.17696172787040532,200
SNE_13376605.jpg,1,,1,0,0,0,0,0,0,0.59999999988,0.5380226638817693,0.0,0.17149838635109982,0.3184908423086493,0.08154648190061271,0.3251748250664336,0.800760502281439,0.39072641533776437,0.0,4,0.237716608429001,143
SNE_13376606.jpg,1,,1,0,0,0,0,0,0,0.39999999992,0.8397250436277555,0.0,0.17812624573226593,0.2466480969483222,0.12465479096798518,0.3462441313399843,0.7174783816816456,0.465585009005153,0.0,3,0.20488977448840165,213
SNE_13376608.jpg,1,,1,0,0,0,0,0,0,0.59999999988,0.7436585869137423,0.0,0.17181555964369521,0.35899342276241863,0.07411472309999446,0.3575418993221602,0.7763455201447464,0.3827153668149954,0.0,4,0.18670792412215292,179
SNE_13376609.jpg,1,,1,0,0,0,0,0,0,0.19999999996,0.36235661216235454,0.0,0.16591731207221613,0.4622709304710688,0.0968846426203372,0.3062499998979166,0.6664553577106355,0.4087546938213459,0.0,2,0.27335677000105557,160
SNE_13376613.jpg,1,,1,0,0,0,0,0,0,0.59999999988,0.7309544392548663,0.0,0.16862709431955908,0.2817980658872098,0.12510413348958097,0.30828220848619636,0.7028541657738727,0.42222226415036235,0.0,4,0.2926162260710909,163
SNE_13376615.jpg,1,,1,0,0,0,0,0,0,0.59999999988,0.6720296909411416,0.0,0.1850767034240883,0.14805810322598198,0.1150018625851186,0.3174603173544973,0.6703643086554821,0.41935935911656963,0.0,4,0.2210987529490994,189
SNE_13376618.jpg,1,,1,0,0,0,0,0,0,0.59999999988,0.4713265591314494,0.0,0.17197700948458097,0.3481441565190248,0.06333661160161885,0.2751937983578811,0.799810672960705,0.377041758870582,0.0,4,0.22659105660505494,129
SNE_13376620.jpg,1,,1,0,0,0,0,0,0,0.59999999988,0.8546260504887474,0.0,0.1792058182474671,0.2661378782220555,0.0668355974405906,0.379934210399671,0.7230776968570938,0.39407564316366983,0.0,4,0.1882205364076164,152
SNE_13376625.jpg,1,,1,0,0,0,0,0,0,0.79999999984,0.7893783801328849,0.05736172868505095,0.15471851404459933,0.41720232373549987,0.18074851359011007,0.24999999991666666,0.824771316867456,0.4750490272924667,0.0,5,0.3975149388219483,187
SNE_13376627.jpg,1,,1,0,0,0,0,0,0,0.79999999984,0.8575540639839683,0.0,0.1624930340780783,0.3165658167370917,0.10436582410689399,0.2821100916490826,0.8150594253932364,0.3911035597916322,0.044988733516162976,5,0.1951506526914919,218
SNE_13376629.jpg,1,,1,0,0,0,0,0,0,0.39999999992,0.8703308421905015,0.0,0.18222729822388656,0.4373817783342583,0.0668117682090282,0.34477124171514156,0.6442690458590372,0.37592493830854623,0.0,3,0.19561541428104676,153
SNE_13376631.jpg,1,,1,0,0,0,0,0,0,0.9999999998,0.7059836419082401,0.0,0.1712011944605081,0.39579907225271493,0.1279028360375473,0.2694954127542049,0.7653559846579654,0.4392125397389931,0.0,6,0.22148094533781598,218
SNE_13376634.jpg,1,,1,0,0,0,0,0,0,0.79999999984,0.880588490291866,0.0,0.18154904404907396,0.2791292908557307,0.06315271490815601,0.2927631577971491,0.7647218061842008,0.3683291781458262,0.0,5,0.18508119373606435,152
SNE_13376635.jpg,1,,1,0,0,0,0,0,0,0.9999999998,0.8611791288766717,0.0,0.19057701585972406,0.38497155690457496,0.11767699109467518,0.2743902438109756,0.7576683035302272,0.409426454253703,0.0,6,0.23562606053430268,164
SNE_13376637.jpg,1,,1,0,0,0,0,0,0,0.59999999988,0.8379891552134902,0.0,0.18117024323553693,0.41753640842008677,0.11098630250424196,0.20035460986229311,0.78652720950282,0.4063655553945701,0.0,4,0.2729517594143984,141
SNE_13376641.jpg,1,,1,0,0,0,0,0,0,0.39999999992,0.668248671277553,0.04233534566570556,0.18665571764514127,0.30788479917609707,0.10005157296328487,0.21388888881759258,0.7937960420196462,0.4154410297761914,0.0,3,0.3719700876740348,90
SNE_13376643.jpg,1,,1,0,0,0,0,0,0,0.59999999988,0.4247493426858159,0.0,0.1755771607212812,0.35763139729593446,0.13676032238532498,0.21874999992708333,0.8471521312533246,0.4144389972508382,0.02602058167445497,4,0.27924759762828544,176
SNE_13376644.jpg,1,,1,0,0,0,0,0,0,0.19999999996,0.5960215075822628,0.0,0.1612743396456495,0.37623289731222204,0.11222262810444139,0.2897727271761364,0.7776887462344471,0.3892057204545067,0.0,2,0.2659903897490562,176
SNE_13376647.jpg,1,,1,0,0,0,0,0,0,0.79999999984,0.9028080687857823,0.0,0.18744478581231108,0.33971332911353885,0.0852554956603082,0.2949101795424151,0.6846205264539571,0.3763314527036053,0.0,5,0.19499874497991357,167
SNE_13376650.jpg,1,,1,0,0,0,0,0,0,0.79999999984,0.678571428125,0.25248848249372063,0.18484338114618828,0.287416846295351,0.2515972010541213,0.14460784308905228,0.7605554259227522,0.47853940466096023,0.0,5,0.7292304204918135,102
SNE_13376651.jpg,1,,1,0,0,0,0,0,0,0.79999999984,0.8059601020376942,0.0,0.19471718722080497,0.3459429428530425,0.05832267887446761,0.24615384607179489,0.7591701537470328,0.36985179041270955,0.0,5,0.2001427042454448,130
SNE_13376652.jpg,1,,1,0,0,0,0,0,0,0.59999999988,0.74107082072227,0.0,0.18091540093896027,0.40187757674794666,0.16356615649448342,0.27209302316511624,0.7140159343711571,0.4629760067343522,0.0,4,0.24329384791745345,215
SNE_13376654.jpg,1,,1,0,0,0,0,0,0,0.39999999992,0.5709222190299355,0.0,0.17311308917237117,0.43334373086815425,0.08960517860383613,0.28846153836538463,0.8468733850936314,0.39613129833372024,0.0,3,0.2569452318856916,143
SNE_13376656.jpg,1,,1,0,0,0,0,0,0,0.39999999992,0.5495087694295385,0.0,0.17479061975517168,0.3125566900591379,0.07017379019658158,0.32214765089932884,0.7652413804876959,0.37814620651632425,0.0,3,0.20057001472015407,149
SNE_13376657.jpg,1,,1,0,0,0,0,0,0,0.9999999998,0.810502012010863,0.0,0.18351394244705949,0.4281150065391886,0.09539772129681663,0.32661290311693547,0.7722980754093187,0.39679383257582473,0.04341619732832993,6,0.19197967700961135,186
SNE_13376658.jpg,1,,1,0,0,0,0,0,0,0.59999999988,0.7585388987843927,0.0,0.1821473143153539,0.20823717691330038,0.11899313500319937,0.3276255706670472,0.7639425488536503,0.4125197440671009,0.0,4,0.19255509231684956,219
SNE_13376660.jpg,1,,1,0,0,0,0,0,0,0.19999999996,0.8543913704545454,0.1019918170749989,0.19770218073087395,0.09365142541515936,0.15342291586910736,0.18617021270390072,0.7499958467752318,0.4574123962807921,0.0,2,0.47338608912948993,94
SNE_13376662.jpg,1,,1,0,0,0,0,0,0,0.79999999984,0.7081064551834109,0.1968126608565434,0.19699983283895514,0.3904172062003276,0.20993939240531637,0.14999999995,0.5844811708173158,0.5111463664084495,0.0,5,0.6345815236529364,85
SNE_13376663.jpg,1,,1,0,0,0,0,0,0,0.59999999988,0.5038186789314012,0.0,0.1981276387734061,0.3977793436824656,0.08587257616933044,0.3222656248925781,0.7749544276622722,0.38672053549781404,0.0,4,0.22487664473683286,128
SNE_13376664.jpg,1,,1,0,0,0,0,0,0,0.59999999988,0.7740597792458737,0.2568716982999139,0.19476688264963393,0.32919711540681784,0.2611284680032123,0.1595744680319149,0.7963590230646729,0.5169202554526569,0.0,4,0.7366818873667254,94
SNE_13376665.jpg,1,,1,0,0,0,0,0,0,0.59999999988,0.7184632758243557,0.0,0.19171343370107166,0.35414173857917347,0.12625129747796252,0.26973684201535086,0.7530550755494052,0.41354172641765186,0.0,4,0.25870936004649797,152
SNE_13376666.jpg,1,,1,0,0,0,0,0,0,0.59999999988,0.44364077775183314,0.0,0.19040217527475362,0.5366539415213469,0.0857986086652565,0.3515228425224196,0.8132340526927015,0.40576626311695596,0.0,4,0.1517757009345754,197
SNE_13376672.jpg,1,,1,0,0,0,0,0,0,0.59999999988,0.5404186492829529,0.0,0.15370343205255188,0.5578569526848164,0.16161066961246842,0.24369747891036417,0.9246574368358754,0.38658556508131225,0.008588173473319968,4,0.2807689676404091,238
SNE_13376673.jpg,1,,1,0,0,0,0,0,0,0.19999999996,0.5632923878278244,0.0,0.16094816133053136,0.34724882714962635,0.08286434567163597,0.3521126759389671,0.9183443727049303,0.3650201868923216,0.4820600150864671,2,0.24921135646686793,142
SNE_13376674.jpg,1,,1,0,0,0,0,0,0,1.0,0.8306224976831942,0.022277142272038215,0.14166299416840966,0.3450314800698902,0.15325810123210404,0.2274999999241667,0.9242844615098535,0.3898069593127959,0.11484567385892969,7,0.3378711418847421,200
SNE_13376675.jpg,1,,1,0,0,0,0,0,0,0.59999999988,0.9444154686795414,0.0,0.14765771412377096,0.2912130699221062,0.14910710634554258,0.23788546247577091,0.8901090750733938,0.404469157659859,0.0,4,0.27125054878253785,227
SNE_13376676.jpg,1,,1,0,0,0,0,0,0,0.59999999988,0.932114697624425,0.0,0.1622570174751138,0.2764603817459337,0.17036126595533094,0.23622047236220475,0.8965063790938542,0.41161492158137675,0.0,4,0.23256046705587213,254
SNE_13376677.jpg,1,,1,0,0,0,0,0,0,0.9999999998,0.9374999989062499,0.0,0.1583004967954388,0.3608248745179985,0.12280701753684281,0.26456310670792876,0.8880884101962488,0.37767080773103456,0.07428982281385292,6,0.1640776699029091,309
SNE_13376678.jpg,1,,1,0,0,0,0,0,0,0.59999999988,0.8514962200066519,0.0,0.16178113075405862,0.38340217657677245,0.13045528122194666,0.24999999991666666,0.9042547269036829,0.3958694014598867,0.21003284282511372,4,0.21060017915795132,233
SNE_13376679.jpg,1,,1,0,0,0,0,0,0,0.79999999984,0.8122569976641476,0.0,0.1627991761841272,0.345866000879817,0.09166134156434165,0.3469387753945578,0.8359605085515338,0.3777520002919022,0.0,5,0.18813293795109418,196
SNE_13376680.jpg,1,,1,0,0,0,0,0,0,0.39999999992,0.6692037071755697,0.0,0.16426704654427166,0.3351354026042337,0.09670725728920966,0.3074162678401116,0.8973317598914536,0.39927809664381836,0.1610524293604073,3,0.18634771511580042,209
SNE_13376681.jpg,1,,1,0,0,0,0,0,0,0.59999999988,0.7166702451436411,0.0,0.1496723678286162,0.3020846783962227,0.12179519124961084,0.28138528129148627,0.8694697699441165,0.3861602121205401,0.0,4,0.22329344925539518,231
SNE_13376682.jpg,1,,1,0,0,0,0,0,0,0.39999999992,0.6926468330248602,0.0,0.16483923517195526,0.46415561970594144,0.11040101358920332,0.2583333332472222,0.8126040831425158,0.3765529937803979,0.0,3,0.21367672655396605,210
SNE_13376683.jpg,1,,1,0,0,0,0,0,0,0.59999999988,0.9036470578144118,0.0,0.1690061088391571,0.33014973353938065,0.1667220589881683,0.23390151507354795,0.8712755720412255,0.430029611519164,0.0,4,0.22714069209395596,264
SNE_13376684.jpg,1,,1,0,0,0,0,0,0,0.59999999988,0.8083221167706931,0.0,0.15201010989537328,0.30646972777545,0.13750398256027133,0.255791505706242,0.7714112834198235,0.3940996624870114,0.0,4,0.23815103076965333,259
SNE_13376685.jpg,1,,1,0,0,0,0,0,0,0.79999999984,0.9548494971906354,0.0,0.16848860641739413,0.26805651438706446,0.1378907400974753,0.26777777768851846,0.860918818278309,0.4191379917185607,0.01870991244332622,5,0.21420297316428938,225
SNE_13376687.jpg,1,,1,0,0,0,0,0,0,0.59999999988,0.8166688590233657,0.0,0.182040598258239,0.3143921830354747,0.12315290771479791,0.2676211452852423,0.8683660962664985,0.4107901683292243,0.2684028252866989,4,0.18921225318541068,227
SNE_13376688.jpg,1,,1,0,0,0,0,0,0,0.79999999984,0.8687938344416182,0.0,0.1557841653245362,0.3138943305998625,0.13876346452727303,0.27150537625358423,0.7714725185500564,0.3821719099234252,0.0,5,0.2987018065222375,186
SNE_13376689.jpg,1,,1,0,0,0,0,0,0,0.39999999992,0.6342666110157351,0.06781464466030425,0.1482644644453878,0.4219135527528678,0.19198811014349723,0.24054054046036033,0.7895407598405366,0.43407679208443056,0.0,3,0.41528489599033186,185
SNE_13376690.jpg,1,,1,0,0,0,0,0,0,0.79999999984,0.8532835535180525,0.0,0.15567892695233276,0.4035822890907351,0.12527420147100482,0.2912735848085692,0.8128896401391146,0.3835455468525213,0.1756879979125958,5,0.24662776236486347,212
SNE_13376691.jpg,1,,1,0,0,0,0,0,0,0.79999999984,0.9368750921774734,0.03176438024212638,0.17415799293346196,0.39092025715421574,0.1877285241707212,0.21212121205050508,0.8475341720738343,0.3900012658233625,0.0,5,0.3539994464433792,165
SNE_13376693.jpg,1,,1,0,0,0,0,0,0,0.79999999984,0.7120744414500888,0.0,0.15965453941745128,0.2948395700701717,0.10327440593280902,0.291158536488313,0.837997765061633,0.4032000391099735,0.06627170395465487,5,0.2545336319629993,164
SNE_13376694.jpg,1,,1,0,0,0,0,0,0,0.39999999992,0.5305245647056138,0.0,0.18550077246706456,0.4016008536564906,0.10761341784038223,0.31944444433796293,0.8273453928907454,0.4004070425788769,0.0652683798243836,3,0.16976770410464115,216
SNE_13376695.jpg,1,,1,0,0,0,0,0,0,0.59999999988,0.7298308909457256,0.0,0.15028513707741908,0.190044420703715,0.09170171903123644,0.3945578229977324,0.8797236919000371,0.3933855553184962,0.1278461789286631,4,0.27303932542346565,147
SNE_13376696.jpg,1,,1,0,0,0,0,0,0,0.19999999996,0.35132454759436443,0.0,0.1670392989453584,0.35274204675451404,0.16019107538679042,0.2468487394135154,0.8470157252469852,0.4182752435677228,0.0,2,0.24017125964184172,238
SNE_13376697.jpg,1,,1,0,0,0,0,0,0,0.59999999988,0.6381848352451089,0.0,0.1511573313059617,0.37738104765457303,0.13420457400417013,0.2632743361954277,0.8480389719171028,0.40915996242438135,0.0,4,0.254303845187225,226
SNE_13376698.jpg,1,,1,0,0,0,0,0,0,0.39999999992,0.43440111646531204,0.0,0.16812858211948772,0.20684453204152525,0.15325515072357915,0.25123762367863034,0.775141972446719,0.4484150636451426,0.0,3,0.28033618652928927,202
SNE_13376699.jpg,1,,1,0,0,0,0,0,0,0.19999999996,0.43135127445226384,0.0,0.17126924703166999,0.34590211151037775,0.09288607314609301,0.2928240739764661,0.8082952652298606,0.4048258353073764,0.03471063049993199,2,0.17508064103220075,216
SNE_13376700.jpg,1,,1,0,0,0,0,0,0,0.79999999984,0.9489673739149954,0.0,0.17494364366338902,0.39936436949029797,0.11919688416920836,0.28354978345526693,0.7532939608107951,0.3925497696845665,0.04262912864562101,5,0.18155350782971957,231
SNE_13376701.jpg,1,,1,0,0,0,0,0,0,0.59999999988,0.7404048918494306,0.050044835509604195,0.1754784386384537,0.3610060674863507,0.20492256203426898,0.2196969696237374,0.7353992021845,0.44229024941060985,0.0,4,0.38507622041637196,165
SNE_13376702.jpg,1,,1,0,0,0,0,0,0,0.59999999988,0.8655911480537102,0.0850205476373741,0.15094229320611185,0.34875682273982245,0.13565543780636907,0.24999999991666666,0.8372954715395168,0.388426157040389,0.0,4,0.4445349310685565,123
SNE_13376703.jpg,1,,1,0,0,0,0,0,0,0.59999999988,0.7888700077740017,0.0,0.18025747479759946,0.45676796967792244,0.13933263223744752,0.25197628450098813,0.7931672500201393,0.4166457353895717,0.0,4,0.18265432632701376,253
SNE_13376704.jpg,1,,1,0,0,0,0,0,0,0.59999999988,0.6998719351022229,0.0,0.1620770833451035,0.35657789451148925,0.08060720753493113,0.30508474566101695,0.8151269215015363,0.3708236913874193,0.2376898621015389,4,0.20280900483422862,177
SNE_13376705.jpg,1,,1,0,0,0,0,0,0,0.59999999988,0.832826891200978,0.027436415590020122,0.14934021887809354,0.16980094751891003,0.18822124948698415,0.24758454098027374,0.8691658664616684,0.41771643192871544,0.0,4,0.3466419065304706,207
SNE_13376706.jpg,1,,1,0,0,0,0,0,0,0.19999999996,0.4148000166013166,0.0,0.14967352527821315,0.4426693251961422,0.15353577002523952,0.2517857142017857,0.855623093610068,0.3973962256441604,0.15344152005819198,2,0.21936205931728542,280
SNE_13376707.jpg,1,,1,0,0,0,0,0,0,0.39999999992,0.5777672581897817,0.0,0.17027837723634934,0.33603708863547066,0.0915388185122449,0.3431952661577909,0.8508119717800129,0.4082407235814327,0.1377766233358625,3,0.2106781639004081,169
SNE_13376708.jpg,1,,1,0,0,0,0,0,0,0.59999999988,0.7766262748186383,0.0,0.14652567737382677,0.306552689764561,0.14245623803689783,0.28990610318974963,0.8361005172667157,0.40394375959046475,0.027537240340058902,4,0.285013225671715,213
SNE_13376710.jpg,1,,1,0,0,0,0,0,0,0.59999999988,0.7992323675305242,0.0,0.16034868182979048,0.2863555145172437,0.17799192816354384,0.23660714277827383,0.7770352602504451,0.42251027896933413,0.0,4,0.29776995305163156,224
SNE_13376711.jpg,1,,1,0,0,0,0,0,0,0.59999999988,0.8190582712807606,0.0014840156487389451,0.16577686179439358,0.46360833981975136,0.19334230680936004,0.22106481474112652,0.8846935249299742,0.40980640959070375,0.061998931768146345,4,0.3025228266043402,216
SNE_13376712.jpg,1,,1,0,0,0,0,0,0,0.59999999988,0.6890294912655563,0.003305760139347943,0.14995169304933448,0.3276626739330571,0.15215303978431263,0.259433962177673,0.8110168930783529,0.40534376730028926,0.0,4,0.30561979224019725,212
SNE_13376713.jpg,1,,1,0,0,0,0,0,0,0.19999999996,0.4879104895087236,0.0,0.17770283026619405,0.260663194460546,0.09110021322965677,0.3059701491517413,0.7557915301940529,0.4175733779973799,0.0,2,0.2565011820330865,134
SNE_13376715.jpg,1,,1,0,0,0,0,0,0,0.19999999996,0.35941424871385763,0.0,0.20430009448818923,0.5008869577929623,0.1341071018048646,0.29395604385805857,0.7839485744792657,0.402063584549999,0.0,2,0.21802869619462656,182
SNE_13376716.jpg,1,,1,0,0,0,0,0,0,0.59999999988,0.7929635534043296,0.1267828732258993,0.14121687010352688,0.23026873242228987,0.23797032439397436,0.2459893047308378,0.8370324082024356,0.45310983306367314,0.0,4,0.5155308846108116,187
SNE_13376718.jpg,1,,1,0,0,0,0,0,0,0.39999999992,0.45606920331476153,0.0,0.16629612512814565,0.3824306320632712,0.19134375513189472,0.26666666657777777,0.8409868183719318,0.4530370921265149,0.0,3,0.27287827867268233,240
SNE_13376719.jpg,1,,1,0,0,0,0,0,0,0.39999999992,0.540680650297456,0.0,0.17050597834018782,0.3544938076095132,0.16416845257431556,0.2679425836427432,0.7880623971265388,0.44747049440965975,0.0,3,0.25834680121407,209
SNE_13376720.jpg,1,,1,0,0,0,0,0,0,0.59999999988,0.47077296995787943,0.0,0.16705721828622858,0.448825877982033,0.10806261998404161,0.3105263156859649,0.7961372167362414,0.39812689051734945,0.0,4,0.2177085007231169,190
SNE_13376721.jpg,1,,1,0,0,0,0,0,0,0.39999999992,0.5257979428061929,0.0,0.14028850778020716,0.3204802400964334,0.1070893475965132,0.36393805297603243,0.7960131038242678,0.41315176606634785,0.0,3,0.24129874315178212,226
SNE_13376723.jpg,1,,1,0,0,0,0,0,0,0.79999999984,0.8339990006627559,0.0,0.1581781284521613,0.1953836990159203,0.13478300009701719,0.24563318769104805,0.8287084781176948,0.4082879568535868,0.10873373617525676,5,0.23193904524956516,229
SNE_13376724.jpg,1,,1,0,0,0,0,0,0,0.0,0.40902947746458873,0.0,0.1510549449244515,0.1528973264855589,0.1371082403173455,0.28289473674780696,0.8347654030141302,0.4194065487471976,0.0,1,0.18862509783458986,304
SNE_13376726.jpg,1,,1,0,0,0,0,0,0,0.39999999992,0.5336016050855207,0.0,0.14888511857323936,0.2204491387550026,0.10995149083212838,0.30889423066626603,0.8264362203017288,0.38189140623002593,0.26323105360848925,3,0.24186889238719692,208
SNE_13376727.jpg,1,,1,0,0,0,0,0,0,0.39999999992,0.6835915271817989,0.020627138384367662,0.17981381577115818,0.2815527018341586,0.10696859979279832,0.29047619037936506,0.8053489476211676,0.4223852820337596,0.0,3,0.33506613527405216,105
SNE_13376728.jpg,1,,1,0,0,0,0,0,0,0.59999999988,0.6838696826219075,0.0,0.15803571798124563,0.41958523876578235,0.13553630764133687,0.32461240299257105,0.6841374948583965,0.3899026096537022,0.0,4,0.22058089906323874,258
SNE_13376729.jpg,1,,1,0,0,0,0,0,0,0.39999999992,0.49788999981001336,0.0,0.1695797798371457,0.35853209184535484,0.07958418747438936,0.3635321099705658,0.7733287125277043,0.3850843142372782,0.020296535029369858,3,0.15989859414611293,218
SNE_13376730.jpg,1,,1,0,0,0,0,0,0,0.39999999992,0.5643373528865855,0.0,0.16305270395875993,0.26306617545357014,0.0904938334184796,0.32801418428782503,0.825408116444396,0.4137460722919087,0.0,3,0.2732497589199509,141
SNE_13376731.jpg,1,,1,0,0,0,0,0,0,0.79999999984,0.7657223858929871,0.03868574454532783,0.18779319603492678,0.40255831752205523,0.1697323457576206,0.2040441175790441,0.8271814474519662,0.42245751741171317,0.0,5,0.36576576576574305,136
SNE_13376732.jpg,1,,1,0,0,0,0,0,0,0.39999999992,0.4888567756884562,0.0,0.15811389021076117,0.31865870356340853,0.09932909362429827,0.3593749998802083,0.7778233828919965,0.40917329417601145,0.0,3,0.18134353495981473,240
SNE_13376733.jpg,1,,1,0,0,0,0,0,0,0.39999999992,0.367745794112454,0.0,0.1728863466877059,0.36346477373320724,0.08565231788580993,0.3190789472620614,0.8676976966807475,0.3670301847727347,0.11033671981764354,3,0.20835926156398366,152
SNE_13376734.jpg,1,,1,0,0,0,0,0,0,0.19999999996,0.5272429258551757,0.0,0.18012804206315394,0.4615837098367059,0.06309464284213254,0.33206106859160306,0.8020394695548843,0.3734478190550958,0.0,2,0.2041021853704319,131
SNE_13376735.jpg,1,,1,0,0,0,0,0,0,0.79999999984,0.7150841190350474,0.0,0.17280074391329633,0.4200926637348926,0.12858104013206476,0.23333333325555553,0.8642141978511386,0.36639507013318084,0.16592979508966385,5,0.22448619252771296,195
SNE_13376736.jpg,1,,1,0,0,0,0,0,0,0.0,0.21117485307426154,0.013836592760900575,0.14194881908857337,0.5115252461111975,0.15148337858440145,0.2368421051842105,0.8844562104288756,0.3744336182927049,0.30182886599519515,1,0.32352220770736756,190
SNE_13376737.jpg,1,,1,0,0,0,0,0,0,0.0,0.2969242662334697,0.0,0.15548895384030736,0.16463845596030321,0.12178573800664015,0.24206349198280425,0.8145726571956575,0.3847974597491593,0.0,1,0.25427829990180056,189
SNE_13376738.jpg,1,,1,0,0,0,0,0,0,0.39999999992,0.26827059137909076,0.0789801925394646,0.16741163701583753,0.34975570433345826,0.22208143178044432,0.22656249992447916,0.7484322533947193,0.458151874750393,0.0,3,0.43426632739607,160
SNE_13376739.jpg,1,,1,0,0,0,0,0,0,0.39999999992,0.43490772813242207,0.0,0.1606714412425353,0.2581441833117424,0.07706319160979817,0.38611111098240736,0.8809421834615103,0.3817117474417725,0.0,3,0.18782684883497558,180
SNE_13376740.jpg,1,,1,0,0,0,0,0,0,0.19999999996,0.320403272955515,0.0,0.15453235084020756,0.3772887441833261,0.100112011960639,0.3323754788164113,0.7584848460201238,0.38808289928527584,0.0,2,0.16927969399781687,261
SNE_13376741.jpg,1,,1,0,0,0,0,0,0,0.39999999992,0.4952236387765469,0.0,0.17146899078086067,0.37399934647439326,0.16167510676532537,0.26874999991041665,0.837262436304973,0.4131700036595427,0.0,3,0.2632436174111217,200
SNE_13376743.jpg,1,,1,0,0,0,0,0,0,0.59999999988,0.7214545884368961,0.0,0.164009346114974,0.3997013101696232,0.1265463837103849,0.2996894408938924,0.8854413660770297,0.3912669992427956,0.019041980066946854,4,0.28913981223038615,161
SNE_13376744.jpg,1,,1,0,0,0,0,0,0,0.59999999988,0.779692134357538,0.0,0.17890582934007193,0.3917905422520156,0.11095163212881626,0.29193548377365586,0.8365451469326929,0.38550353290788464,0.03279192523618789,4,0.24463605373971348,155
SNE_13376746.jpg,1,,1,0,0,0,0,0,0,0.39999999992,0.611334223920786,0.0,0.17541759496067258,0.2410580090693178,0.1085171982546759,0.3599397589161646,0.8641767676713483,0.41395245758867455,0.0,3,0.22115242732771798,166
SNE_13376748.jpg,1,,1,0,0,0,0,0,0,0.59999999988,0.7621981884793133,0.07745888586159602,0.15492063227766714,0.31797617917773,0.17991709637966125,0.2015624999328125,0.8271356231661426,0.4046245523964632,0.08061415997672151,4,0.4316801060421721,160
SNE_13376749.jpg,1,,1,0,0,0,0,0,0,0.39999999992,0.5112122797533671,0.0,0.17646170095187735,0.3525459571742965,0.11575565044081185,0.3127705626663059,0.7476892221880627,0.4016937467577902,0.0,3,0.1741226004819763,231
SNE_13376750.jpg,1,,1,0,0,0,0,0,0,0.59999999988,0.8483699979892141,0.0,0.1733470183227067,0.2825062908032829,0.08866754258135837,0.3708530804451026,0.8170852936804263,0.406260392696233,0.10807101330996273,4,0.16103010407918772,211
SNE_13376751.jpg,1,,1,0,0,0,0,0,0,0.39999999992,0.3539309387334919,0.016132417054952483,0.19042760448025048,0.4811699793087293,0.14407741987830988,0.2803030302095959,0.7952390423060289,0.43959357521184506,0.0,3,0.32742510900955163,132
SNE_13376752.jpg,1,,1,0,0,0,0,0,0,0.19999999996,0.5299931553139803,0.0,0.18157180947204624,0.4165932204307512,0.14381986147623424,0.24683544295569618,0.7891755366880855,0.43060543105555604,0.0,2,0.2920859910229014,158
SNE_13376754.jpg,1,,1,0,0,0,0,0,0,0.39999999992,0.37927659100652655,0.0,0.16174948016990934,0.4903944508017727,0.12696519063712253,0.2969314078432611,0.7769078887127464,0.3903009833513913,0.0,3,0.17591406326992767,277
SNE_13376755.jpg,1,,1,0,0,0,0,0,0,0.59999999988,0.859268928605744,0.0,0.16985589195530032,0.38187016043368915,0.1721343775099402,0.22872340417907802,0.8400988495465779,0.39473226879280227,0.0,4,0.2479828450970325,235
SNE_13376756.jpg,1,,1,0,0,0,0,0,0,0.39999999992,0.3721641912767405,0.0,0.1691869519856861,0.3708386304082679,0.08931419457070074,0.3412921347176966,0.8216534127692503,0.3817999420625828,0.227474744441742,3,0.20172727272726662,178
SNE_13376757.jpg,1,,1,0,0,0,0,0,0,0.39999999992,0.7325693520862175,0.0,0.1570599677373256,0.3902446568678172,0.15737355620443802,0.23083941598144764,0.8156096882539512,0.41593907536821073,0.0,3,0.231134410950918,274
SNE_13376758.jpg,1,,1,0,0,0,0,0,0,0.19999999996,0.5012450207095924,0.0,0.17357675891330826,0.4419052920421215,0.19824031285719435,0.2377232142064732,0.8502941667482448,0.4584645632522521,0.0,2,0.2733540451972476,224
SNE_13376759.jpg,1,,1,0,0,0,0,0,0,0.79999999984,0.5734164698763642,0.09005057601047463,0.15477739310322744,0.35572843037991475,0.16330247665259667,0.32427536221074876,0.784567262024186,0.43091791362995674,0.0,5,0.45308597930785743,138
SNE_13376761.jpg,1,,1,0,0,0,0,0,0,0.79999999984,0.8277777769583333,0.0,0.15179920996842503,0.3248449480499621,0.15629266337759154,0.23156682019930874,0.7732687862082461,0.4004151256947104,0.0,5,0.2877474115537889,217
SNE_13376764.jpg,1,,1,0,0,0,0,0,0,0.79999999984,0.8310236395590718,0.0,0.17833123134309292,0.4160620911506187,0.12448934892806522,0.2607526880851254,0.7638206844868362,0.39226713039204564,0.0,5,0.2284421928713505,186
SNE_13376766.jpg,1,,1,0,0,0,0,0,0,0.79999999984,0.7974560543751656,0.04907189539596076,0.14116970535970655,0.43399857623938354,0.19064327483797203,0.23076923069230768,0.8853127622025745,0.42949468967765947,0.0,5,0.3834222222222052,208
SNE_13376767.jpg,1,,1,0,0,0,0,0,0,0.59999999988,0.47501173739791724,0.05275277367630718,0.13372850533773575,0.25616612953970397,0.1738719470887666,0.22716346146274036,0.8411746472305112,0.38478602539234963,0.2240999721837172,4,0.38967971530247497,208
SNE_13376768.jpg,1,,1,0,0,0,0,0,0,0.59999999988,0.7036924001827114,0.0,0.15841565712039138,0.29728590467276045,0.11220571693557281,0.24836601298910677,0.7948620526219071,0.3812042943123376,0.0,4,0.29841152869891513,153
SNE_13376769.jpg,1,,1,0,0,0,0,0,0,0.59999999988,0.7137998763434925,0.0,0.15614624530461352,0.13397749591915917,0.09175400578424017,0.326680672160014,0.8351916351882127,0.38993577383509354,0.021857469701034343,4,0.17190741850707336,238
SNE_13376770.jpg,1,,1,0,0,0,0,0,0,0.79999999984,0.7931484108365932,0.0,0.1420973477761073,0.2624837346687361,0.12199465374114471,0.2637362636483517,0.6958116541225803,0.38526494662485705,0.0,5,0.2943085280927446,182
SNE_13376771.jpg,1,,1,0,0,0,0,0,0,0.59999999988,0.8723875713772975,0.0,0.15602763971405378,0.25800747762159437,0.16545507413841412,0.2611111110240741,0.8550329043626936,0.42925245530585615,0.07861673723701895,4,0.2335788827501463,270
SNE_13376772.jpg,1,,1,0,0,0,0,0,0,0.79999999984,0.8107297559709263,0.0,0.16531322935796022,0.28461448994059385,0.12633927496890943,0.30434782598550725,0.8412871470837858,0.411355208602264,0.05877798905527295,5,0.18184995027014916,253
SNE_13376773.jpg,1,,1,0,0,0,0,0,0,0.39999999992,0.41020837206852395,0.01290407690532983,0.16354511192436194,0.3373949611621827,0.1340564785452988,0.2967741934494624,0.8898637601882295,0.4095396191436595,0.13837704058253447,3,0.3219369307519648,155
SNE_13376774.jpg,1,,1,0,0,0,0,0,0,0.79999999984,0.8148435148613262,0.0,0.15640985761992712,0.3295618719173706,0.15663380160165408,0.24574468076914896,0.8417634106907799,0.41856101056425143,0.0,5,0.25318083378450684,235
SNE_13376775.jpg,1,,1,0,0,0,0,0,0,0.59999999988,0.7001009932438149,0.0,0.17718696164336667,0.33999243448519595,0.09774986937213534,0.34455128193643164,0.7920841749206181,0.40112879099338106,0.0,4,0.2339279827099808,156
SNE_13376776.jpg,1,,1,0,0,0,0,0,0,0.0,0.33256556674282545,0.0,0.16150658594436942,0.40150440074256677,0.14896313119616308,0.25595238086706346,0.7920782270914031,0.39992753833431055,0.022342197442832074,1,0.2593295151935119,210
SNE_13376778.jpg,1,,1,0,0,0,0,0,0,0.0,0.2344124409111924,0.0,0.17618021584393867,0.46580712305508387,0.12532315405415972,0.2930402929426129,0.8433827163160305,0.40246294474783334,0.13017429829819055,1,0.16006539347551066,273
SNE_13376779.jpg,1,,1,0,0,0,0,0,0,0.39999999992,0.589034572472669,0.0,0.17721438691160973,0.40056009061330217,0.10005776018802598,0.2799999999066667,0.7713293314989581,0.4137684626989088,0.03324160295188821,3,0.21501276482874523,175
SNE_13376780.jpg,1,,1,0,0,0,0,0,0,0.19999999996,0.7510679883241166,0.0,0.1665087764798227,0.10124239823648779,0.15196076881472553,0.2596525095659588,0.8060816028206361,0.42682939082671634,0.0,2,0.2039382842048327,259
SNE_13376781.jpg,1,,1,0,0,0,0,0,0,0.39999999992,0.49464661192238096,0.0,0.16559497413142646,0.34015183123427184,0.10008149736737264,0.3019801979191419,0.7859022468007694,0.4055170770904319,0.0773573873834376,3,0.20253382745841012,202
SNE_13376782.jpg,1,,1,0,0,0,0,0,0,0.59999999988,0.7993551878740055,0.0,0.1714971755911066,0.29100864908141677,0.08896394033404381,0.3842592591311728,0.8281167467910282,0.39431397438219684,0.03208892388904799,4,0.20957884947521557,162
SNE_13376783.jpg,1,,1,0,0,0,0,0,0,0.59999999988,0.7016457645966889,0.0,0.17502122658375435,0.27768601971173373,0.12381699252289256,0.29166666656944445,0.8206475111079311,0.40663467618552374,0.03763404397275487,4,0.21307145275989797,198
SNE_13376785.jpg,1,,1,0,0,0,0,0,0,0.79999999984,0.7733736901016143,0.09003307117964081,0.14367768819252794,0.32676508948396366,0.1790447311058922,0.2610759492800633,0.8359293277876688,0.4330539856497722,0.0,5,0.45305622109542243,158
SNE_13376787.jpg,1,,1,0,0,0,0,0,0,0.79999999984,0.8405288712479762,0.0,0.1694551096290877,0.3844439637267569,0.10038622675353245,0.28475935819385023,0.8281328572234964,0.37389049065784846,0.14270314900939096,5,0.20960820895521737,187
SNE_13376788.jpg,1,,1,0,0,0,0,0,0,0.0,0.18580587283131775,0.012189742965675291,0.15753638964845318,0.3455062978591775,0.14244968247636974,0.2528735631340996,0.8719619987310767,0.4365202280550254,0.0,1,0.32072256305383773,174
SNE_13376789.jpg,1,,1,0,0,0,0,0,0,0.39999999992,0.673363910675199,0.0,0.16424381574483746,0.3556838531279102,0.12039562256800353,0.28452380942896827,0.8284971377248074,0.40573032637618883,0.010146424820617462,3,0.2273083064591807,210
SNE_13376790.jpg,1,,1,0,0,0,0,0,0,0.39999999992,0.9227605108260968,0.0,0.15910977491566267,0.10453912376063736,0.1120339824976078,0.3177966100635593,0.8809526539043879,0.3993702301525278,0.12140559105633256,3,0.2620638455827673,177
SNE_13376791.jpg,1,,1,0,0,0,0,0,0,0.59999999988,0.4404734232794152,0.0,0.1641405355084291,0.5052051934909942,0.11996227905352694,0.30851063819503544,0.8205909666698671,0.3854241100795707,0.02226935677748692,4,0.19823616421533874,235
SNE_13376792.jpg,1,,1,0,0,0,0,0,0,0.59999999988,0.6844538015808799,0.2130275298213558,0.14248388195622003,0.43925952155807335,0.30206321255790797,0.1415662650130522,0.8683296886404386,0.4242068370421631,0.0,4,0.6621468009093324,166
SNE_13376793.jpg,1,,1,0,0,0,0,0,0,0.59999999988,0.8304417157793471,0.0,0.15281238905058553,0.4567658172220209,0.08652789780774263,0.33400809705465584,0.8437848561925272,0.36540881546422466,0.2735960913230355,4,0.16294504271125132,247
SNE_13376794.jpg,1,,1,0,0,0,0,0,0,0.39999999992,0.377865953832529,0.0,0.16609906942594754,0.3007127874604152,0.08056829333038233,0.3216911763633578,0.8755054920203023,0.3805416966421043,0.4742292789747258,3,0.24184003870630683,136
SNE_13376797.jpg,1,,1,0,0,0,0,0,0,0.79999999984,0.8900903032072837,0.0,0.1460365884817774,0.28777249700006613,0.0817605773574769,0.3003731342282338,0.8942090685420758,0.3747563227769072,0.0,5,0.27581081596096363,134
SNE_13376798.jpg,1,,1,0,0,0,0,0,0,0.59999999988,0.8772934334848602,0.0,0.17871447160063642,0.22184984802330843,0.11883256657199028,0.2858974358021368,0.8640830696904804,0.4018595760884309,0.014862336075556391,4,0.21738839882383662,195
SNE_13376799.jpg,1,,1,0,0,0,0,0,0,0.79999999984,0.5952624722093314,0.0,0.16177521958603405,0.406996413279787,0.13294482487125772,0.26777251175908373,0.9047504505213106,0.3841085777047434,0.11068925801858377,5,0.23943050031749474,211
SNE_13376801.jpg,1,,1,0,0,0,0,0,0,0.59999999988,0.623880906643475,0.0,0.15535772126928232,0.47461317071911024,0.12007999271935034,0.26674641139433813,0.8567521777645806,0.3972800765943328,0.0,4,0.23363165332076516,209
SNE_13376802.jpg,1,,1,0,0,0,0,0,0,0.39999999992,0.6856199565550523,0.05076617857067837,0.15245000732715422,0.4235964343286134,0.21553573565732698,0.16878172583206427,0.9058729997091912,0.3742559676263619,0.025753499898011175,3,0.3863025036209194,197
SNE_13376803.jpg,1,,1,0,0,0,0,0,0,0.39999999992,0.6739449717762438,0.0,0.15376822300463788,0.3528266893032928,0.07510095921536684,0.316384180685499,0.8478611495389429,0.3582464407859093,0.3538163356177269,3,0.2092360006581416,177
SNE_13376804.jpg,1,,1,0,0,0,0,0,0,0.79999999984,0.8150625801359517,0.0,0.16447544939858308,0.2801454711404412,0.06524692032141106,0.344370860812362,0.8683911336571346,0.36858225338951023,0.0,5,0.19296944526846063,151
SNE_13376806.jpg,1,,1,0,0,0,0,0,0,0.39999999992,0.49162196028966076,0.011453571246264234,0.16463771846120526,0.3380134081535717,0.16857473279075028,0.239766081791423,0.8751411812248869,0.40144753394750654,0.0,3,0.31947107113010276,171
SNE_13376808.jpg,1,,1,0,0,0,0,0,0,0.79999999984,0.8047910287996942,0.0,0.15421166911564804,0.15631757843783706,0.1709023722300868,0.28112033185650065,0.9257835370730912,0.3895424449529534,0.1701865666485497,5,0.2670590723248179,241
SNE_13376809.jpg,1,,1,0,0,0,0,0,0,0.39999999992,0.3653110260663484,0.035550967968802825,0.15560005467028487,0.4022347005640074,0.12053394042979516,0.29263565881718345,0.8710374419862379,0.38219810829312756,0.1672991884106979,3,0.36043664558251576,129
SNE_13376810.jpg,1,,1,0,0,0,0,0,0,0.39999999992,0.6024288293273429,0.0,0.1411842181297419,0.23203338487415442,0.09902501659051043,0.3347222221106482,0.8846341733206261,0.3928279465265363,0.019137264691152907,3,0.2503361721201175,180
SNE_13376811.jpg,1,,1,0,0,0,0,0,0,0.59999999988,0.6962845712834662,0.0,0.16534272310545567,0.26338262548708385,0.12521682490984987,0.24025974017965365,0.8369845462811248,0.39662503364590745,0.0,4,0.29288629481720746,154
SNE_13376812.jpg,1,,1,0,0,0,0,0,0,0.39999999992,0.48404187613015937,0.0,0.1830002020522226,0.44273616461313575,0.1079247655740804,0.26569037648047417,0.8267483043720543,0.387211324053311,0.1579778567930349,3,0.15523447272355564,239
SNE_13376813.jpg,1,,1,0,0,0,0,0,0,0.79999999984,0.7437160770282977,0.0,0.16900406234048682,0.3599895693439722,0.13860144911222858,0.25099206340839947,0.8129039167435311,0.40503453177206283,0.0,5,0.19871388200010964,252
SNE_13376814.jpg,1,,1,0,0,0,0,0,0,0.59999999988,0.35295231860136345,0.006112643217047723,0.17567750652641057,0.4807292988713354,0.09236600441680325,0.24780701746125733,0.8568435169337119,0.37742476234413624,0.3728371144101609,4,0.31039149347509376,114
SNE_13376815.jpg,1,,1,0,0,0,0,0,0,0.39999999992,0.7618155163718684,0.01208354511556843,0.14763095300841628,0.15839315388261307,0.14168768345496394,0.29521276585904255,0.8411637912148027,0.39443574358984196,0.07211311765592543,3,0.32054202670854987,188
SNE_13376816.jpg,1,,1,0,0,0,0,0,0,0.39999999992,0.40652821806999784,0.0,0.15621000330914125,0.5092638105306213,0.12137571376726494,0.25124378101077943,0.8467615746243251,0.40145141771213744,0.38292431009050293,3,0.25120073689057665,201
SNE_13376817.jpg,1,,1,0,0,0,0,0,0,0.39999999992,0.6856743949044173,0.0,0.16019165096135313,0.07870727102035288,0.16648607518240946,0.2609890109020147,0.8231145166279803,0.4095774683177064,0.014259716567525997,3,0.21990423033518713,273
SNE_13376818.jpg,1,,1,0,0,0,0,0,0,0.79999999984,0.4888201607134082,0.0,0.17708918401526663,0.34807200088485857,0.11316313035015486,0.33187134491861603,0.8072324363945533,0.4006183794789111,0.022248421583340294,5,0.22404391717632363,171
SNE_13376820.jpg,1,,1,0,0,0,0,0,0,0.39999999992,0.43140551018516926,0.07299060174444941,0.13890028692453593,0.20273503729603237,0.1664437702208283,0.28779069757848835,0.7933016986323146,0.4024176218270208,0.0,3,0.4240840230385546,172
SNE_13376847.jpg,1,,0,0,0,0,0,1,0,0.39999999992,0.596162583337648,0.0,0.19753861362098385,0.45624904697466906,0.08039717396306079,0.28320312490559896,0.7913972726634236,0.42355593202133845,0.0949909811854304,3,0.2368784803127745,128
SNE_13376868.jpg,1,,0,0,0,0,0,0,1,0.0,0.20528792413733132,0.0,0.21081655521618414,0.41394103022897544,0.15797739091787838,0.29528301876949686,0.6830402912059612,0.4787615990229717,0.0,1,0.15668035757428858,265
SNE_13376899.jpg,1,,0,0,0,0,0,1,0,0.19999999996,0.6399986228130186,0.0,0.18080215181546677,0.2630780833079382,0.02380501357276382,0.2690217390407609,0.7539732166258445,0.41761330913188704,0.0,2,0.2104249542211211,92
SNE_13376907.jpg,1,,0,0,0,0,0,0,1,0.39999999992,0.4922467205622166,0.0,0.17993615499700144,0.4952307725624166,0.04686240203125874,0.31296296285864195,0.7556088006688823,0.3946615233572768,0.0009204544270976859,3,0.20984680874897893,135
SNE_13376995.jpg,1,,1,0,0,0,0,0,0,0.59999999988,0.7512885900355595,0.0,0.1608615652786834,0.2648076620087787,0.07168119900085444,0.379107981094288,0.7218996789313106,0.3865418071447089,0.0,4,0.17981814149478423,213
SNE_13376998.jpg,1,,1,0,0,0,0,0,0,0.19999999996,0.34306974704814835,0.0,0.1837632613681419,0.4890300290656854,0.08665182438515483,0.27952755896194226,0.735226980872689,0.4139728593220472,0.0,2,0.2705146905605222,127
SNE_13377001.jpg,1,,1,0,0,0,0,0,0,0.19999999996,0.850820558936344,0.0,0.16516914695722495,0.13564734903986664,0.09141707466586778,0.44642857127976193,0.4993664510070298,0.4502554839389815,0.0,2,0.2623537550001425,182
SNE_13377002.jpg,1,,1,0,0,0,0,0,0,0.59999999988,0.7347986654608396,0.0,0.16734999775946305,0.31283289555083316,0.08852001272353635,0.39545454532272734,0.7034058034760229,0.40814084404924406,0.0,4,0.18936512580455947,220
SNE_13377003.jpg,1,,1,0,0,0,0,0,0,0.39999999992,0.5164756737025911,0.0,0.15852926312512716,0.2976068676788064,0.08049397410491568,0.32205882342205877,0.7426825022279431,0.38946963863507855,0.0,3,0.24008332093437765,170
SNE_13377004.jpg,1,,1,0,0,0,0,0,0,0.59999999988,0.5427403645404169,0.05518129198495638,0.17978769602502045,0.3161387382324397,0.11749006581921279,0.29128440357262997,0.5593767358927879,0.43718842947757647,0.0,4,0.3938081964296071,109
SNE_13377005.jpg,1,,1,0,0,0,0,0,0,0.39999999992,0.5772605432808986,0.0,0.1531954787313406,0.34826114189177354,0.09373883757097887,0.3830275228081039,0.6841966714259032,0.39298449116796064,0.0,3,0.22329948461498642,218
SNE_13377006.jpg,1,,1,0,0,0,0,0,0,0.79999999984,0.6942752778943011,0.0,0.17309711903690694,0.3248851993701348,0.07463175534697947,0.3576732672075083,0.6791997537084855,0.39024860439100506,0.0,5,0.1927699305721764,202
SNE_13377007.jpg,1,,1,0,0,0,0,0,0,0.79999999984,0.6769254101198293,0.0,0.15314922804092887,0.40385700478109055,0.11501713340172301,0.3868534481469109,0.6883063360351684,0.4058480544655104,0.0,5,0.23856989867368983,232
SNE_13377008.jpg,1,,1,0,0,0,0,0,0,0.59999999988,0.5227358927114746,0.0,0.1733475625226844,0.34941272322744543,0.07382951346675289,0.35402684551957486,0.6799114963462582,0.4160378014415277,0.0,4,0.240663097464999,149
SNE_13377009.jpg,1,,1,0,0,0,0,0,0,0.59999999988,0.9827586194827586,0.0,0.17540690380767535,0.24600161518162939,0.0811764891873368,0.37159090896704544,0.6444619309142734,0.4098607559539779,0.0,4,0.17278757482607593,220
SNE_13377010.jpg,1,,1,0,0,0,0,0,0,0.39999999992,0.5291527693039293,0.0,0.1669045965351679,0.2504744414796851,0.07903461709913555,0.44427710828564254,0.5219638179571311,0.4160001025253046,0.0,3,0.23551751160406792,166
SNE_13377011.jpg,1,,1,0,0,0,0,0,0,0.39999999992,0.6575616766887382,0.06371228523579342,0.1574855925850606,0.21676488038901956,0.13115623538281285,0.32321428560654764,0.49019066105841613,0.46156074429678023,0.0,3,0.4083108849645611,140
SNE_13377012.jpg,1,,1,0,0,0,0,0,0,0.19999999996,0.3170459155031825,0.0,0.1830499589220035,0.3900542380587465,0.0787426293887335,0.37175324662932896,0.622711030416541,0.404513076504989,0.0,2,0.21492479253111335,154
SNE_13377014.jpg,1,,1,0,0,0,0,0,0,0.39999999992,0.7180779165274328,0.0,0.16935876665781724,0.16620316522818768,0.12244497651005289,0.32175925915200615,0.5223420111808443,0.4228915587575531,0.0,3,0.2635291218775907,216
SNE_13377015.jpg,1,,1,0,0,0,0,0,0,0.39999999992,0.7273771024367175,0.0,0.17956028383557876,0.2624854685351697,0.09167865531967166,0.38788659780884877,0.6624024722351436,0.4329165035295488,0.0,3,0.19557904853435298,194
SNE_13377016.jpg,1,,1,0,0,0,0,0,0,0.39999999992,0.5968231943642233,0.0,0.20982660605031664,0.5076426664347501,0.09945892150564148,0.3614130433577899,0.5964555727304464,0.4527938265304355,0.0,3,0.18494204855984595,184
SNE_13377018.jpg,1,,1,0,0,0,0,0,0,0.79999999984,0.6269289939162757,0.0,0.193474094728805,0.3902384067403013,0.10069562129060339,0.3815789472412281,0.5105820149729166,0.4328967387908331,0.0,5,0.1922723091076298,190
SNE_13377020.jpg,1,,1,0,0,0,0,0,0,0.59999999988,0.7494839252718486,0.0,0.18018325291052772,0.23235058871157727,0.11178133435259717,0.3413978493485664,0.5952311742417086,0.4456035691086214,0.0,4,0.2322058378959312,186
SNE_13377021.jpg,1,,1,0,0,0,0,0,0,0.39999999992,0.381721374627934,0.0,0.18357394170816535,0.3584260151899198,0.12040805891822863,0.3636363635151515,0.573697734325246,0.4332826787050216,0.0,3,0.24979451543001382,176
SNE_13377023.jpg,1,,1,0,0,0,0,0,0,0.59999999988,0.6099439531221444,0.0,0.17996650930270966,0.4526258001810637,0.09805694373927756,0.3030821916797945,0.7415993396767269,0.41308088866979353,0.0,4,0.2648546887869057,146
SNE_13377024.jpg,1,,1,0,0,0,0,0,0,0.59999999988,0.6990908740508459,0.0,0.16447853518726105,0.22860329869850132,0.07419615679265386,0.35406091358756353,0.7160817526044464,0.41830226141413795,0.0,4,0.18353067814854235,197
SNE_13377025.jpg,1,,1,0,0,0,0,0,0,0.59999999988,0.6520270014734681,0.0,0.16854646345703236,0.41741753731844794,0.08343912651992914,0.33769633496596857,0.6864741325844974,0.39414887566250717,0.0,4,0.20753133544491711,191
SNE_13377026.jpg,1,,1,0,0,0,0,0,0,0.39999999992,0.5937106829933042,0.0,0.1836994368972184,0.13714131371620103,0.14020177922465135,0.29510309268513746,0.544442232283657,0.47301909277011384,0.0,3,0.27833805476863915,194
SNE_13377028.jpg,1,,1,0,0,0,0,0,0,0.19999999996,0.4218740039841251,0.0,0.17232901434715073,0.2965497845499263,0.10395177231924858,0.31874999989375,0.6373489526151437,0.40143409022648957,0.0,2,0.26537746374115784,160
SNE_13377029.jpg,1,,1,0,0,0,0,0,0,0.19999999996,0.38325186567818736,0.0,0.16394928976647574,0.09509836366998226,0.09229005278308905,0.3815261042904953,0.687496786562748,0.42362241007770235,0.0,2,0.19296693575140567,249
SNE_13377031.jpg,1,,1,0,0,0,0,0,0,0.79999999984,0.797836505700245,0.0,0.19243692671417187,0.30646949058498874,0.10480334794177286,0.3624338623130512,0.6041751781204713,0.4235885293216883,0.0,5,0.20799569511268018,189
SNE_13377032.jpg,1,,1,0,0,0,0,0,0,0.39999999992,0.37627115484396595,0.0,0.17175689869551222,0.2921603799869864,0.08015689824089933,0.43152173898659424,0.6475597028236835,0.45593929846044956,0.0,3,0.16824992869835748,230
SNE_13377033.jpg,1,,1,0,0,0,0,0,0,0.39999999992,0.8644992689373414,0.0,0.1539958820437218,0.19380429783401637,0.09695244547210352,0.3688725488966503,0.5348330173089187,0.4304155029700796,0.0,3,0.25681963832928595,204
SNE_13377034.jpg,1,,1,0,0,0,0,0,0,0.59999999988,0.3361403014883316,0.0,0.16418633040365282,0.518512399849422,0.1379491305918083,0.31159420279468597,0.5997566496225811,0.43244372907585493,0.0,4,0.277577581079653,207
SNE_13377035.jpg,1,,1,0,0,0,0,0,0,0.19999999996,0.8605845450976225,0.09822425792482,0.1612597985528285,0.07641300740754732,0.1208543110578567,0.374999999875,0.4657387016035214,0.43275528401210395,0.0,2,0.46698123857041823,292
SNE_13377036.jpg,1,,1,0,0,0,0,0,0,0.19999999996,0.8677474094949651,0.07992886394564096,0.1613119802594038,0.12693600760750384,0.11036941346730128,0.3460884352587869,0.4892879303197156,0.420013401136067,0.0,2,0.4358790687875185,294
SNE_13377037.jpg,1,,1,0,0,0,0,0,0,0.59999999988,0.8153690120932229,0.004062246536791086,0.13922434785583476,0.3150902561052139,0.12264301791271118,0.33223684199451753,0.6621500907437079,0.4056957736615097,0.0,4,0.3069058191166071,228
SNE_13377038.jpg,1,,1,0,0,0,0,0,0,0.79999999984,0.6138171046330548,0.0,0.16768519377248747,0.48385002401099864,0.09275029075668277,0.34051724126580457,0.6549976611240087,0.3742993435467702,0.0,5,0.23641097282193813,174
SNE_13377039.jpg,1,,1,0,0,0,0,0,0,0.19999999996,0.3793815061769242,0.0,0.1412695260525324,0.2623717094791716,0.08632263028968,0.3121301774107495,0.7492578700585274,0.4039565854822019,0.0,2,0.28147847278634375,169
SNE_13377040.jpg,1,,1,0,0,0,0,0,0,0.79999999984,0.8352322515720858,0.14504918522363963,0.1809096539523971,0.12480251859891917,0.2412209070871248,0.21768707475736962,0.5716257399094655,0.5219698849709686,0.0,5,0.5465836150252366,294
SNE_13377041.jpg,1,,1,0,0,0,0,0,0,0.79999999984,0.7978971955169392,0.0799278156759832,0.18354066934320626,0.24273310753283084,0.20958333469820317,0.22003154566798103,0.5803681465156377,0.5146561284973084,0.0,5,0.43587728672909926,317
SNE_13377042.jpg,1,,1,0,0,0,0,0,0,0.39999999992,0.5652004944906103,0.023175594349680653,0.17362300822370205,0.39452547760742407,0.11607528294513397,0.27022058814522054,0.6029274718532012,0.42252158803148465,0.0,3,0.3393985104176327,136
SNE_13377043.jpg,1,,1,0,0,0,0,0,0,0.39999999992,0.8686932500377351,0.0,0.16853215397048088,0.14315404526222705,0.1178731591656587,0.2941810343846982,0.6637190590396556,0.4078821040673177,0.0,3,0.21956600664673895,232
SNE_13377044.jpg,1,,1,0,0,0,0,0,0,0.59999999988,0.6918220343701804,0.08075356005761321,0.18732116924625258,0.335985392964332,0.17703114030514794,0.24295774639788734,0.5851931426915518,0.5326298851799144,0.0,4,0.437281052178696,142
SNE_13377045.jpg,1,,1,0,0,0,0,0,0,0.59999999988,0.6036781716741901,0.0,0.16604083986560386,0.39386526414418166,0.12397837930899905,0.33974358963034185,0.7680245427411574,0.41207890348192117,0.0,4,0.2620112885462465,195
SNE_13377046.jpg,1,,1,0,0,0,0,0,0,1.0,0.8766456773640525,0.023254376599056954,0.18494826555577917,0.12092211244309063,0.15681639084931567,0.24257425734488447,0.6899761639769163,0.4762304757333017,0.0,7,0.3395324402416512,303
SNE_13377047.jpg,1,,1,0,0,0,0,0,0,0.59999999988,0.5395772606945901,0.0,0.1752062769590247,0.19923115651719903,0.14524603857166557,0.3110749184630836,0.0,0.5551350006416361,0.0,4,0.17240619182913267,307
SNE_13377048.jpg,1,,1,0,0,0,0,0,0,0.9999999998,0.7057066630759609,0.0,0.15528917394831168,0.07614757379123988,0.07842970626207883,0.36986301357534246,0.6971006795319027,0.3797492929320502,0.0,6,0.1970299956791623,219
SNE_13377050.jpg,1,,1,0,0,0,0,0,0,0.39999999992,0.3611529574933202,0.0,0.17604568769290396,0.4576312438668083,0.09780650399244843,0.3192771083273092,0.6347712166465764,0.4122969222123524,0.0,3,0.2467456436393606,166
SNE_13377051.jpg,1,,1,0,0,0,0,0,0,0.59999999988,0.5568257342611356,0.0,0.1589899041622463,0.09660274245406385,0.082057319957284,0.352528089770131,0.6827170173398727,0.4088783776497499,0.0,4,0.23825406866409116,178
SNE_13377052.jpg,1,,1,0,0,0,0,0,0,0.19999999996,0.25004619483698715,0.0,0.16700038266020759,0.1667116608990282,0.0911747516006455,0.324866310052139,0.6380551555250475,0.4036262723285695,0.0,2,0.21390999415545842,187
SNE_13377053.jpg,1,,1,0,0,0,0,0,0,0.59999999988,0.7281823145548707,0.0,0.19496264871129634,0.35107811388463045,0.08454954907583416,0.3324324323216216,0.6497613098486681,0.38105923432274524,0.0,4,0.17830877173208098,185
SNE_13377055.jpg,1,,1,0,0,0,0,0,0,0.79999999984,0.7393579849306333,0.0,0.18135638741945512,0.13421636402014403,0.08642584348422286,0.31547619037103175,0.7188248220254787,0.3835914418993234,0.0,5,0.20718397131443378,168
SNE_13377058.jpg,1,,1,0,0,0,0,0,0,0.39999999992,0.5654464990579201,0.0,0.16358803636753522,0.36557099878827976,0.10899281649007413,0.3614130433577899,0.6247029792844792,0.4012701785327732,0.0,3,0.27223872625921186,184
SNE_13377059.jpg,1,,1,0,0,0,0,0,0,0.59999999988,0.5630466226837566,0.0,0.16985849842055467,0.5131421435535548,0.09260780362078573,0.374999999875,0.6420941335062601,0.3903718873231844,0.0,4,0.17978804814135893,238
SNE_13377062.jpg,1,,1,0,0,0,0,0,0,0.79999999984,0.5519149612448779,0.0,0.17343776176405581,0.3550574104739843,0.09316019749266621,0.392307692176923,0.5073710083393541,0.3896653950691078,0.0,5,0.20126143530881865,195
SNE_13377064.jpg,1,,1,0,0,0,0,0,0,0.59999999988,0.8198133044857678,0.0,0.1557511271930623,0.2884861729907139,0.0746306645388189,0.4197530862798353,0.621671750564404,0.37520732402607493,0.0,4,0.23941013164571365,162
SNE_13377065.jpg,1,,1,0,0,0,0,0,0,0.39999999992,0.4754852191804533,0.0,0.17866216241363844,0.32340508842887805,0.06082935475025793,0.36811023609776894,0.6161396223666653,0.3977688125277562,0.0,3,0.23013986963605954,127
SNE_13377066.jpg,1,,1,0,0,0,0,0,0,0.79999999984,0.7944183648389858,0.0,0.16734954610999045,0.20904065934685975,0.08621359941664689,0.3761904760650793,0.6593535796456991,0.3817531132778079,0.0,5,0.191347168483991,210
SNE_13377067.jpg,1,,1,0,0,0,0,0,0,0.79999999984,0.7958443937876505,0.0,0.17626999709573637,0.13915300769961925,0.11100421115019322,0.33835341354183407,0.5449980117715012,0.40257438582652333,0.0,5,0.19363699930076433,249
SNE_13377068.jpg,1,,1,0,0,0,0,0,0,0.39999999992,0.4462624703529179,0.03612510365325672,0.1570588406990344,0.24216941352712648,0.1216294712074252,0.34183673457993197,0.6808153934061953,0.3735471276474854,0.0,3,0.3614126762466615,147
SNE_13377069.jpg,1,,1,0,0,0,0,0,0,0.79999999984,0.7341775571740101,0.0,0.16040381707085477,0.2697387185957794,0.10785586013644091,0.3954741377992098,0.6343396000616155,0.40692498091448054,0.0,5,0.2107407602123913,232
SNE_13377070.jpg,1,,1,0,0,0,0,0,0,0.79999999984,0.8207781225130868,0.0,0.18644784622035843,0.3569573199305781,0.08914622321642339,0.3928571427261904,0.6323442376755838,0.41382002885729835,0.0,5,0.15949153383980935,217
SNE_13377071.jpg,1,,1,0,0,0,0,0,0,0.59999999988,0.5629083487678885,0.0,0.16920763307981856,0.13120672242902612,0.12707892376052984,0.31944444433796293,0.6662566588601007,0.4127443462790188,0.0,4,0.247740911912801,198
SNE_13377073.jpg,1,,1,0,0,0,0,0,0,0.59999999988,0.5518729501067415,0.0,0.18383950867716173,0.5456636870969133,0.10273839579752937,0.3333333332222222,0.6225829079006557,0.4083444903991484,0.0,4,0.21174661746616816,192
SNE_13377076.jpg,1,,1,0,0,0,0,0,0,0.39999999992,0.43956235912786906,0.0,0.18375547551250065,0.45528891962291507,0.12601168680722769,0.35209923652385494,0.4762648841062411,0.462571638108972,0.0,3,0.18580126959450227,262
SNE_13377077.jpg,1,,1,0,0,0,0,0,0,0.79999999984,0.5258171177965429,0.0,0.16874424746554034,0.4940092608717426,0.07931775250339587,0.3567251460799221,0.6203608128022982,0.3988224274101139,0.0,5,0.22463640628664602,171
SNE_13377078.jpg,1,,1,0,0,0,0,0,0,0.39999999992,0.4114140395614313,0.0,0.17148475786307069,0.5013267291432435,0.09908069760317675,0.3329268291573171,0.6817570097378864,0.3974415737074597,0.0,3,0.20937034224808884,205
SNE_13377079.jpg,1,,1,0,0,0,0,0,0,0.39999999992,0.5262061822383481,0.07245526156197912,0.1795077381917877,0.3722816045824524,0.16422032151440832,0.25680272100283447,0.5586861604252744,0.49666127239840857,0.0,3,0.4231739447278198,147
SNE_13377080.jpg,1,,1,0,0,0,0,0,0,0.79999999984,0.7661063471451879,0.0,0.18326830397029678,0.3921963280537303,0.08465193662699073,0.3627659573258865,0.5072951409507294,0.3906176545704771,0.0,5,0.1517970120096754,235
SNE_13377081.jpg,1,,1,0,0,0,0,0,0,0.39999999992,0.4985646436143032,0.08050818133595827,0.1509121655193482,0.40590861605573125,0.15328647910965057,0.25163398684422655,0.7348861559964803,0.42514346177452716,0.0,3,0.43686390835163724,153
SNE_13377083.jpg,1,,1,0,0,0,0,0,0,0.39999999992,0.6285201570468372,0.0,0.17651785498129988,0.35253778568562194,0.08326918141505595,0.30590062101604554,0.7156076403186051,0.40894722249493015,0.0,3,0.2060880164228828,161
SNE_13377084.jpg,1,,1,0,0,0,0,0,0,0.19999999996,0.4676921723353389,0.0,0.17670973786521157,0.4189135647395673,0.096403675999494,0.374999999875,0.6146109433169298,0.4107158312813663,0.0,2,0.19748794437590567,202
SNE_13377085.jpg,1,,1,0,0,0,0,0,0,0.59999999988,0.6355366294447232,0.004826324354962842,0.1932589007454852,0.4437519089890175,0.12654523891180103,0.21942446035851315,0.6223810698814107,0.43889922227813566,0.0,4,0.30820475140826314,139
SNE_13377087.jpg,1,,1,0,0,0,0,0,0,0.59999999988,0.6061174506641182,0.0,0.1776450584615068,0.3607634901141845,0.08534902674894987,0.36482558127374026,0.7585209326012243,0.38159429145808865,0.0,4,0.19796366296792473,172
SNE_13377090.jpg,1,,1,0,0,0,0,0,0,0.39999999992,0.6207740834729143,0.0,0.15874585401606373,0.45136502590357275,0.0728453698415161,0.3434782607550725,0.6682871049170975,0.36363351186435094,0.0,3,0.16497709227356253,230
SNE_13377091.jpg,1,,1,0,0,0,0,0,0,0.39999999992,0.41433409284945444,0.0,0.15367425383020067,0.33293643160743835,0.06638132161800667,0.438063062917042,0.6553880790529139,0.3708547833363929,0.0,3,0.177742014341587,222
SNE_13377092.jpg,1,,1,0,0,0,0,0,0,0.59999999988,0.34635012007117516,0.0,0.1631945100737791,0.33187138775493874,0.08404988719319668,0.425561797610955,0.6594471120100194,0.38506610513204304,0.0,4,0.2138542791281196,178
SNE_13377093.jpg,1,,1,0,0,0,0,0,0,0.59999999988,0.663430316234633,0.004365312160741977,0.1606159973711391,0.15310084789721884,0.09505856711806729,0.40540540527027025,0.6437489362607076,0.3916265932703228,0.0,4,0.30742103067762666,148
SNE_13377094.jpg,1,,1,0,0,0,0,0,0,0.59999999988,0.8446074130322352,0.0,0.1746945222450669,0.34207703045596627,0.08295673321207447,0.4377828052839367,0.6225497704922889,0.40406809532800736,0.0,4,0.16116848903084044,221
SNE_13377095.jpg,1,,1,0,0,0,0,0,0,0.79999999984,0.883140301795375,0.01469294841082202,0.17493035390671374,0.08887777717173644,0.16377354995608528,0.3208556148663102,0.6348871074447844,0.4739662654901423,0.0,5,0.32497801231309037,187
SNE_13377096.jpg,1,,1,0,0,0,0,0,0,0.59999999988,0.6183841867371985,0.0,0.18885942341598788,0.47231029474350106,0.13345838182412018,0.3466135457011952,0.5320021412520666,0.40966755871559307,0.0,4,0.1854063952669338,251
SNE_13377097.jpg,1,,1,0,0,0,0,0,0,0.39999999992,0.7095617126662341,0.0,0.14926437988329025,0.08026567914699344,0.07660169596052964,0.40867579895053263,0.3484508823429331,0.45851368174965385,0.0,3,0.21000112120192377,219
SNE_13377098.jpg,1,,1,0,0,0,0,0,0,0.59999999988,0.6940307186212764,0.0,0.16915178758031232,0.1655089872814836,0.09984456535741303,0.3535447760015547,0.6848909888054538,0.42438323825682817,0.0,4,0.26832273965494297,268
SNE_13377099.jpg,1,,1,0,0,0,0,0,0,0.59999999988,0.7635127838918707,0.005016551482453823,0.165449880499693,0.15180537578597972,0.091863523455484,0.3386075948238397,0.6224751451880921,0.4255233678744728,0.0,4,0.30852813752518804,237
SNE_13377100.jpg,1,,1,0,0,0,0,0,0,0.59999999988,0.48080693496639476,0.0,0.17237911548835455,0.38844720317090753,0.10792468675335125,0.3040865383601763,0.5945960329743056,0.41116370660250856,0.0,4,0.2299073096327517,208
SNE_13377102.jpg,1,,1,0,0,0,0,0,0,0.59999999988,0.7353525342715517,0.0,0.18412882030220135,0.328265671864135,0.07835481093648003,0.37585034001077094,0.7010196646785363,0.4089753007668511,0.0,4,0.21643585142043759,147
SNE_13377103.jpg,1,,1,0,0,0,0,0,0,0.39999999992,0.7153579244825882,0.0,0.1793497469032049,0.28868992184183206,0.08809456796336004,0.3187919462024608,0.7501940455017229,0.3987820488155124,0.0,3,0.2365861536804997,149
SNE_13377105.jpg,1,,1,0,0,0,0,0,0,0.59999999988,0.6618609398380877,0.0,0.175516372948185,0.3352727196092533,0.09125932389179078,0.38978494610663084,0.6106449039247879,0.41197526764260806,0.0,4,0.21612723050238952,186
SNE_13377106.jpg,1,,1,0,0,0,0,0,0,0.19999999996,0.1992111420765442,0.0,0.16031960560563507,0.31190169798330325,0.06693623773900963,0.4529220777711038,0.6384895643045794,0.399604648531627,0.0,2,0.2577742373281331,154
SNE_13377110.jpg,1,,1,0,0,0,0,0,0,0.59999999988,0.9077923871646101,0.0,0.17177988282994974,0.2356125762930021,0.10773592127733381,0.38978494610663084,0.5987440925851488,0.41870739667509144,0.0,4,0.23838542690517533,186
SNE_13377111.jpg,1,,1,0,0,0,0,0,0,0.39999999992,0.6929875121532804,0.0,0.18138682828311764,0.3893037940159244,0.11363100648933432,0.34493670874578064,0.6881960249419348,0.40459320206280036,0.0,3,0.26475527831092993,158
SNE_13377113.jpg,1,,1,0,0,0,0,0,0,0.79999999984,0.7032988963509759,0.0,0.17757195455583033,0.4006819276762779,0.05740775425632356,0.4184397161725768,0.7374117267755993,0.3938543413224579,0.0,5,0.1938612099644071,141
SNE_13377115.jpg,1,,1,0,0,0,0,0,0,0.9999999998,0.8387424454961319,0.0,0.1834283133731382,0.3963544872344152,0.08564353377249227,0.39847715722758037,0.6708948183062653,0.3886366304221098,0.0,6,0.18662648031579573,197
SNE_13377116.jpg,1,,1,0,0,0,0,0,0,0.59999999988,0.5255375771812639,0.0,0.16445034550611912,0.21077962315117205,0.09449383150746983,0.36206896539655176,0.561857597607258,0.4071337936831164,0.0,4,0.19239945056268665,232
SNE_13377117.jpg,1,,1,0,0,0,0,0,0,0.39999999992,0.6863693405835346,0.0,0.1872563770016739,0.26584271124425357,0.08428720082549894,0.3366666665544444,0.631418440473867,0.40051459361369113,0.0,3,0.22070759625389452,150
SNE_13377118.jpg,1,,1,0,0,0,0,0,0,0.19999999996,0.3418781896503849,0.0,0.17150953906401226,0.33127044885213924,0.1075573580666491,0.3630268198023627,0.0,0.5353144869256884,0.0,2,0.1525759731324451,261
SNE_13377119.jpg,1,,1,0,0,0,0,0,0,0.59999999988,0.5091828957333876,0.0,0.16583232399377404,0.5167192059029831,0.1140574763412064,0.33235294106568625,0.0,0.5202129077289267,0.0,4,0.13767535443485782,340
SNE_13377120.jpg,1,,1,0,0,0,0,0,0,0.19999999996,0.5702579151652825,0.0,0.16131240546590672,0.1334400878777892,0.07029543877568406,0.4285714284285714,0.5674081466409601,0.38361127512588417,0.0,2,0.19416573321575362,196
SNE_13377121.jpg,1,,1,0,0,0,0,0,0,0.39999999992,0.7445240036767713,0.0,0.17428118800448092,0.2951443314070335,0.07359935942848769,0.4245562128762328,0.7390959980893665,0.3871511880584569,0.0,3,0.18948683015439974,169
SNE_13377122.jpg,1,,1,0,0,0,0,0,0,0.19999999996,0.3421026606891785,0.0,0.1863937194266516,0.41671512226102253,0.06815495344044753,0.3377862594293893,0.7877940866853594,0.3866207524278922,0.0,2,0.21295679899091788,131
SNE_13377124.jpg,1,,1,0,0,0,0,0,0,0.39999999992,0.5267299074131071,0.0,0.1550219448823196,0.31462842619801573,0.09987691666511907,0.33235294106568625,0.6722696168395517,0.38963228150005563,0.0,3,0.27640280902705816,170
SNE_13377126.jpg,1,,1,0,0,0,0,0,0,0.19999999996,0.40909451495635807,0.0,0.1811860646375918,0.49271416545768326,0.07005275425746517,0.3159722221168982,0.5942015648065,0.4289637080587092,0.0,2,0.22471509971509243,144
SNE_13377127.jpg,1,,1,0,0,0,0,0,0,0.59999999988,0.8016754883100178,0.0,0.1856045198179561,0.12676652441691733,0.07830653373703603,0.3280423279329806,0.7190259802671386,0.38096798751198635,0.0,4,0.17059365539028115,189
SNE_13377128.jpg,1,,1,0,0,0,0,0,0,0.59999999988,0.6544114018912711,0.08909658267520337,0.1736944426301694,0.45602284160206663,0.15583061932013728,0.24590163926229505,0.6845982365363834,0.45332455388084075,0.0,4,0.4514641906369423,122
SNE_13377129.jpg,1,,1,0,0,0,0,0,0,0.79999999984,0.641312636282177,0.0,0.17955121417031725,0.34721631490997396,0.11445626556580815,0.34803921557026135,0.6209628340101276,0.4096853875201794,0.0,5,0.2807818400630667,153
SNE_13377130.jpg,1,,1,0,0,0,0,0,0,0.39999999992,0.6532395573592251,0.0,0.14637501782773515,0.4129925129019445,0.13891716386607308,0.3057851238650138,0.6061052200713984,0.41475095508149773,0.0,3,0.28465726230937277,242
SNE_13377131.jpg,1,,1,0,0,0,0,0,0,0.39999999992,0.583679429982736,0.0,0.17398092165098614,0.358369641143098,0.11220424456319564,0.3045454544439394,0.759544521363532,0.4279108358635269,0.0,3,0.2673677017690279,165
SNE_13377132.jpg,1,,1,0,0,0,0,0,0,0.59999999988,0.8817077843965992,0.0,0.17189635018130248,0.45330004228342335,0.11075554066662756,0.3115763545759441,0.7558320258227642,0.39782360424773877,0.0,4,0.2213114754098293,203
SNE_13377133.jpg,1,,1,0,0,0,0,0,0,0.19999999996,0.3780433925743464,0.0,0.16347654122893907,0.08652483372271652,0.09100175757120724,0.36021505364336914,0.6574968543325687,0.3919111546869583,0.0,2,0.23748459416631737,186
SNE_13377134.jpg,1,,1,0,0,0,0,0,0,0.39999999992,0.7873435918170111,0.0,0.1655360734997996,0.16010761106848906,0.09069053518593079,0.344086021390681,0.683668237991612,0.3787959949891826,0.0,3,0.22060201452330114,186
SNE_13377136.jpg,1,,1,0,0,0,0,0,0,0.59999999988,0.6826242555665871,0.0,0.15937655219849614,0.37176370167463235,0.10237636292205927,0.34999999988333325,0.6204300811023445,0.38580540666803875,0.0,4,0.27933890024599706,170
SNE_13377137.jpg,1,,1,0,0,0,0,0,0,0.39999999992,0.8762044199927971,0.024161001026377707,0.16031457743241304,0.20107506440313053,0.12526366615576043,0.26785714276785716,0.6825555376565481,0.4093665377787324,0.0,3,0.3410737017690031,154
SNE_13377142.jpg,1,,1,0,0,0,0,0,0,0.39999999992,0.6970151994180819,0.0,0.15752335107074447,0.28240306960322603,0.12361208116780684,0.34374999988541666,0.7094168125909266,0.41526138049152866,0.0,3,0.24758154533051446,216
SNE_13377143.jpg,1,,1,0,0,0,0,0,0,0.39999999992,0.7379104508506041,0.0,0.1511219280191191,0.1790963400394323,0.09065710781797907,0.35450819660314203,0.5939482827319376,0.3927365810665828,0.0,3,0.204253325002227,244
SNE_13377144.jpg,1,,1,0,0,0,0,0,0,0.59999999988,0.8684650887817587,0.0,0.17864034249746769,0.4106888303987503,0.11135405277874283,0.3229166665590278,0.5172363179436296,0.435376326759832,0.0,4,0.2658011869436103,168
SNE_13377145.jpg,1,,1,0,0,0,0,0,0,0.19999999996,0.7242753438903453,0.0,0.15312586516058374,0.27256299619050295,0.09050665347780497,0.3841463413353658,0.6482459117836805,0.393582915800643,0.0,2,0.22813022367268362,205
SNE_13377146.jpg,1,,1,0,0,0,0,0,0,0.19999999996,0.7260822710564248,0.0,0.15330269236716482,0.267407189772642,0.11116805354964175,0.36138613849339934,0.6400788601719669,0.4061135730428185,0.0,2,0.26472128924905974,202
SNE_13377148.jpg,1,,1,0,0,0,0,0,0,0.39999999992,0.4584247409286005,0.0,0.1772650350436783,0.4422771440783952,0.10978824986096908,0.33866279058478677,0.5973735336732522,0.43769758334681774,0.0,3,0.26765465767187213,172
SNE_13377149.jpg,1,,1,0,0,0,0,0,0,0.59999999988,0.6750014813744272,0.0,0.16693720930871087,0.22890855306877453,0.07632198778879593,0.3549723755722836,0.6261245803615483,0.3814414679677512,0.0,4,0.20540379565205066,181
SNE_13377150.jpg,1,,1,0,0,0,0,0,0,0.19999999996,0.360433978411277,0.0,0.17614214419916097,0.08373427152038641,0.07074327078766597,0.38101604265374334,0.6527757147642562,0.38751964630431873,0.0,2,0.18231503998796145,187
SNE_13377151.jpg,1,,1,0,0,0,0,0,0,0.39999999992,0.483291523163597,0.0,0.1707847670622259,0.4302002955120537,0.09265358558710181,0.34263959379441616,0.6392080010676664,0.3949293189694987,0.0,3,0.2110809068744161,197
SNE_13377156.jpg,1,,1,0,0,0,0,0,0,0.39999999992,0.5907701683371251,0.0,0.15477737651343254,0.14323805902244066,0.09443508872855927,0.4145077718825561,0.6029036797738165,0.3779728599030139,0.0,3,0.25214999276095984,193
SNE_13377157.jpg,1,,1,0,0,0,0,0,0,0.59999999988,0.7074449164886949,0.0,0.1774707696898627,0.36966901296206456,0.06823997335823205,0.46462264135455983,0.6230602378145345,0.3837524619424006,0.0,4,0.14446659155905744,212
SNE_13377158.jpg,1,,1,0,0,0,0,0,0,0.59999999988,0.5881917556177141,0.0,0.18531884141964694,0.25438941880344074,0.06385892023914468,0.35474860323370583,0.640220941321662,0.4029715087381971,0.0,4,0.17315824616069014,179
SNE_13377160.jpg,1,,1,0,0,0,0,0,0,0.79999999984,0.6835084537120999,0.0,0.1928152620727162,0.44033106829573704,0.12690661757785374,0.27173913034420294,0.621679781794749,0.4294811960137017,0.0,5,0.20615668567284512,207
SNE_13377161.jpg,1,,1,0,0,0,0,0,0,0.79999999984,0.47545843039368635,0.0,0.1728355677391298,0.4635960749625555,0.09721857089523304,0.3538011694727095,0.6149508091439599,0.382152930876337,0.0,5,0.22920412920412156,171
SNE_13377162.jpg,1,,1,0,0,0,0,0,0,1.0,0.9035440677058345,0.0,0.13710582398989593,0.07335229341589351,0.0930855184859011,0.4040492956399647,0.6154675823601476,0.3941825827636257,0.0,8,0.20807580572831977,284
SNE_13377163.jpg,1,,1,0,0,0,0,0,0,0.39999999992,0.730866632970022,0.0,0.1518762515163231,0.24001233778510353,0.10070084574149948,0.3099415203645224,0.7302877987267495,0.40197998069752816,0.0,3,0.28281313888509324,171
SNE_13377165.jpg,1,,1,0,0,0,0,0,0,0.59999999988,0.6574496157292167,0.0,0.17696902921241292,0.46586016798867524,0.11005275518333699,0.3307860260906113,0.7360646805909041,0.3774571201371401,0.0,4,0.18073590151985044,229
SNE_13377166.jpg,1,,1,0,0,0,0,0,0,0.19999999996,0.5499839619450257,0.0,0.1441676046913332,0.31978339485590634,0.10466542925729881,0.35925925913950624,0.5944633839347715,0.38832172454513963,0.0,2,0.2151823072325117,270
SNE_13377167.jpg,1,,1,0,0,0,0,0,0,0.39999999992,0.5805702238755085,0.0,0.162553901657275,0.28896126104270403,0.10646307661369053,0.3674698793955823,0.6272640769556869,0.41155811058316477,0.0,3,0.2902979095345513,166
SNE_13377168.jpg,1,,1,0,0,0,0,0,0,0.59999999988,0.5519736036692514,0.0,0.18081586325053856,0.3393513353574096,0.08963895656218566,0.3428143711432136,0.7184833012227243,0.39507124011038736,0.03174705903499556,4,0.2214632567173771,167
SNE_13377169.jpg,1,,1,0,0,0,0,0,0,0.19999999996,0.6246589756618129,0.0,0.1688475533685801,0.06873509758845725,0.06961108496009248,0.42999999985666665,0.6137464722316993,0.38125675666451664,0.0,2,0.18046684473347627,200
SNE_13377170.jpg,1,,1,0,0,0,0,0,0,0.39999999992,0.6420970166451899,0.0,0.1834992639502347,0.25247126020753746,0.07452838406550515,0.33149171259668503,0.590246010763952,0.38349282320635586,0.0,3,0.18255112392545833,181
SNE_13377172.jpg,1,,1,0,0,0,0,0,0,0.79999999984,0.8473675026183315,0.0,0.1778663197615203,0.27146818299449016,0.10242370794496175,0.3078124998973958,0.7670265559430137,0.40977059963673895,0.0,5,0.2287976431596307,160
SNE_13377174.jpg,1,,1,0,0,0,0,0,0,0.59999999988,0.47191079595147517,0.0,0.20477778549235706,0.4122631107049277,0.10399086868762979,0.3184931505787671,0.6103173400682829,0.4074130979801102,0.0,4,0.22118951530715333,146
SNE_13377175.jpg,1,,1,0,0,0,0,0,0,0.39999999992,0.501653772688816,0.0,0.1864701848539161,0.3566397007540444,0.10673249464570118,0.32999999989,0.6000799836520029,0.42829703928248847,0.0,3,0.2041119118270392,200
SNE_13377176.jpg,1,,1,0,0,0,0,0,0,0.59999999988,0.7396082671551183,0.0,0.14861194774914607,0.2820003485662702,0.050380835339327204,0.47110552748115586,0.619345227359438,0.35209274685664305,0.0,4,0.17026968546530735,199
SNE_13377177.jpg,1,,1,0,0,0,0,0,0,0.79999999984,0.757946779226742,0.0,0.15855862818172972,0.10052506299031087,0.12291130043347566,0.36386138601732665,0.6438412678236265,0.38881709054558683,0.0,5,0.26058384518855227,202
SNE_13377178.jpg,1,,1,0,0,0,0,0,0,0.39999999992,0.8654118062744277,0.0,0.1784695335218217,0.2102512704885492,0.09405694408382362,0.35986547073206276,0.6073251829136007,0.3985083527234878,0.0,3,0.1718242263660408,223
SNE_13377179.jpg,1,,1,0,0,0,0,0,0,0.59999999988,0.5093588062656187,0.0,0.19347818208054668,0.5169591606505463,0.08058028807493434,0.35483870955913976,0.6659499335115318,0.3821713378950671,0.0,4,0.19611365120835414,155
SNE_13377180.jpg,1,,1,0,0,0,0,0,0,0.39999999992,0.6062215050671402,0.0,0.1723358165553364,0.4155250818871317,0.09927357017836,0.3627659573258865,0.5304237587749759,0.4116692055527128,0.0,3,0.17471936331703533,235
SNE_13377181.jpg,1,,1,0,0,0,0,0,0,0.19999999996,0.4660214463659076,0.0,0.15436111070035508,0.2521460506929868,0.08265331087592401,0.40691489348138293,0.613130714825773,0.42699458901047793,0.0,2,0.22575881870384948,188
SNE_13377182.jpg,1,,1,0,0,0,0,0,0,0.39999999992,0.5900955600785139,0.0,0.17108515321400686,0.09636284381744181,0.0934647277312702,0.32368421041842105,0.7226110238572578,0.408268488128357,0.0,3,0.2121318373071467,190
SNE_13377183.jpg,1,,1,0,0,0,0,0,0,0.59999999988,0.7192368332443645,0.0,0.1797290894444759,0.34942808855474644,0.09965693246680515,0.31181318670924907,0.6594244521045178,0.4404988500352627,0.0,4,0.21675675675674985,182
SNE_13377184.jpg,1,,1,0,0,0,0,0,0,0.19999999996,0.3894440093327892,0.0,0.1573875915155558,0.1706827469488692,0.09569727140508506,0.4174107141465773,0.51032136056369,0.3986410397173259,0.0,2,0.21370876424850374,224
SNE_13377185.jpg,1,,1,0,0,0,0,0,0,0.9999999998,0.8313579917043826,0.0,0.15430696412620118,0.3156230724733745,0.08309046230687547,0.3804824560135234,0.7125998390496633,0.39628508503791915,0.0,6,0.1914585595367311,228
SNE_13377187.jpg,1,,1,0,0,0,0,0,0,0.39999999992,0.6699781351736078,0.0,0.16786919890997234,0.44280183101693094,0.07114141807101897,0.4044444443096296,0.545076558031423,0.3900655884791842,0.0,3,0.1682344579622859,225
SNE_13377188.jpg,1,,1,0,0,0,0,0,0,0.79999999984,0.6769242476798528,0.0,0.2044693724358738,0.40309588359869375,0.1134245069987289,0.28549382706532916,0.5916379276226568,0.4185983880078944,0.0,5,0.21688154870875173,162
SNE_13377189.jpg,1,,1,0,0,0,0,0,0,0.19999999996,0.37881760170080364,0.0,0.16957878610334023,0.4014389385902394,0.08395028907258881,0.44308035699516374,0.6294207991535588,0.39572740227559056,0.0,2,0.17648694362704936,224
SNE_13377190.jpg,1,,1,0,0,0,0,0,0,0.59999999988,0.6779009695028462,0.0,0.17035208479948474,0.431757969494893,0.0938898536884056,0.3479262671651306,0.6262987525628733,0.36520519132893786,0.0,4,0.1840970903679329,217
SNE_13377191.jpg,1,,1,0,0,0,0,0,0,0.39999999992,0.31733920316656805,0.0,0.17934355441554442,0.3722708833318725,0.06838631600920476,0.3946759257943672,0.5736652371538433,0.3749966977534704,0.0,3,0.14754098360655424,216
SNE_13377192.jpg,1,,1,0,0,0,0,0,0,0.19999999996,0.3612417920806238,0.0,0.1579754674281114,0.3414317009730502,0.08686613828748653,0.38043478248188406,0.7111956297422761,0.3706000115775764,0.0,2,0.22511595747745025,184
SNE_13377193.jpg,1,,1,0,0,0,0,0,0,0.19999999996,0.26687600258741173,0.000701559838672647,0.18980243291348392,0.24518113918124002,0.14859043346165618,0.3144654087002096,0.6032249344591084,0.4419703116423409,0.0,2,0.30119265172644505,159
SNE_13377194.jpg,1,,1,0,0,0,0,0,0,0.79999999984,0.6156294933911669,0.032654037510714606,0.15808051228705053,0.45803520897796685,0.17196808096361102,0.25785340305541016,0.6826336646287806,0.44362235152644913,0.0,5,0.35551186380086885,191
SNE_13377195.jpg,1,,1,0,0,0,0,0,0,0.59999999988,0.59130541441172,0.0,0.15886559058946223,0.42374243021193825,0.08821659458363822,0.36312849149906884,0.6652124792711975,0.40031497322573245,0.0,4,0.23537854323644794,179
SNE_13377196.jpg,1,,1,0,0,0,0,0,0,0.79999999984,0.6136020767800507,0.0,0.15857264435793017,0.43570524981537395,0.0884650544969972,0.3577844310184631,0.6233962998855651,0.40270276955915174,0.0,5,0.259896619257063,167
SNE_13377197.jpg,1,,1,0,0,0,0,0,0,0.59999999988,0.7829012234996102,0.0,0.15518919971224904,0.37902915060499626,0.09665729416164943,0.29714285704380955,0.6478506728397622,0.41155619288764644,0.0,4,0.27936981327799926,175
SNE_13377198.jpg,1,,1,0,0,0,0,0,0,0.59999999988,0.5255649096748205,0.0,0.161134539531095,0.34854484188038704,0.10701163114150491,0.3740079363832671,0.5843343517231905,0.40656573378452215,0.0,4,0.20069812229176215,252
SNE_13377199.jpg,1,,1,0,0,0,0,0,0,0.79999999984,0.7077135967045927,0.0,0.15196759745716293,0.4338341733168884,0.10147735825956028,0.3655378484837318,0.5462668481140605,0.4009902557854026,0.0,5,0.20585147336739215,251
SNE_13377200.jpg,1,,1,0,0,0,0,0,0,0.79999999984,0.6904024096106276,0.0,0.17168905072516688,0.3871356010625969,0.1144446386456059,0.3701923075689102,0.5661450484153355,0.4267326519962819,0.0,5,0.18516800156280072,260
SNE_13377201.jpg,1,,1,0,0,0,0,0,0,0.39999999992,0.6370842057031344,0.0,0.17503913085769535,0.2972485396976007,0.09009016801052025,0.41883116869155845,0.6250142871062992,0.4122641384777984,0.0,3,0.15861761322282633,231
SNE_13377202.jpg,1,,1,0,0,0,0,0,0,0.39999999992,0.6491317879260371,0.006715306686575357,0.1802874425968989,0.45183769360200754,0.10943640856317763,0.2849264704932598,0.6711288137827889,0.41892063981882965,0.0,3,0.3114160213738934,136
SNE_13377203.jpg,1,,1,0,0,0,0,0,0,0.39999999992,0.5575969626728743,0.0,0.17899929937462203,0.18662300547542293,0.08606493620177041,0.3597972971773649,0.5832234754494723,0.4115124602825176,0.0,3,0.2534097788540204,148
SNE_13377204.jpg,1,,1,0,0,0,0,0,0,0.39999999992,0.5054740196844267,0.0,0.1379355864119538,0.3376813729472177,0.10023847728202674,0.3853448274577586,0.6860270804714761,0.3983392859524327,0.0,3,0.189315331917788,290
SNE_13377206.jpg,1,,1,0,0,0,0,0,0,0.39999999992,0.5556940170934036,0.0,0.1805758056919596,0.3752088328870295,0.10029510716603247,0.34572072060548054,0.5639809053817758,0.42552953274789973,0.0,3,0.19747657190722484,222
SNE_13377207.jpg,1,,1,0,0,0,0,0,0,0.59999999988,0.626449032828828,0.09125396377414825,0.15190679473229649,0.33745286316876677,0.15479637246126962,0.24825174816899767,0.7592279962374062,0.4478043941828619,0.0,4,0.455131738507306,143
SNE_13377208.jpg,1,,1,0,0,0,0,0,0,0.39999999992,0.283098978241228,0.0,0.19829537160671493,0.5018638987815147,0.0832096325144151,0.4202898549323671,0.5738827332914458,0.4302456153976152,0.0,3,0.15625545497618124,207
SNE_13377209.jpg,1,,1,0,0,0,0,0,0,0.59999999988,0.709087263426453,0.0,0.1798249728070323,0.26014802094433487,0.08901282553813585,0.3463687149683426,0.565743370335658,0.4192664920251574,0.0,4,0.22053163338945694,179
SNE_13377210.jpg,1,,1,0,0,0,0,0,0,0.59999999988,0.8296192334056607,0.0,0.1659968339216217,0.05581728188422683,0.07154962200600172,0.44385026723172905,0.607608956987144,0.3939522578989077,0.0,4,0.19463510649035545,187
SNE_13377211.jpg,1,,1,0,0,0,0,0,0,0.9999999998,0.9103809640500621,0.0,0.18016790431609092,0.4681869476608966,0.12433971535204923,0.32142857132142855,0.4873003189120917,0.430718196451612,0.0,6,0.21738869374642839,224
SNE_13377212.jpg,1,,1,0,0,0,0,0,0,0.59999999988,0.36156147127777016,0.006093091438592295,0.17445280741675814,0.4049593642595768,0.1671221147225716,0.26165803100086354,0.5949306006657262,0.45803884152415153,0.0,4,0.3103582554517,193
SNE_13377213.jpg,1,,1,0,0,0,0,0,0,0.59999999988,0.5101587267999472,0.0,0.17931132140542774,0.49585394387414206,0.08246774502978271,0.34775641014049147,0.7027994854024768,0.4021180080821758,0.0,4,0.23743706190146321,156
SNE_13377214.jpg,1,,1,0,0,0,0,0,0,0.59999999988,0.8214695739831013,0.0,0.18657639904127798,0.41587791551276326,0.09237497534112804,0.29166666656944445,0.5955850693434461,0.40413004050972595,0.0,4,0.24351627360222453,150
SNE_13377215.jpg,1,,1,0,0,0,0,0,0,0.59999999988,0.8521880738960598,0.0,0.1781418933975592,0.3546147993470659,0.08296277864411498,0.3298969071065292,0.5674887227528869,0.40810645515458316,0.0,4,0.19492178162598087,194
SNE_13377216.jpg,1,,1,0,0,0,0,0,0,0.39999999992,0.7967290845316768,0.0,0.1561353316266954,0.3559988531250923,0.08595240983867253,0.3432835819751244,0.6859229390545397,0.3853127878977338,0.0,3,0.2103856633829331,201
SNE_13377217.jpg,1,,1,0,0,0,0,0,0,0.39999999992,0.37336783988876493,0.0,0.17260330507785918,0.2533110971916057,0.10034315954107047,0.3527027025851351,0.6366776476617746,0.4068329177628198,0.0,3,0.2221838177533316,185
SNE_13377226.jpg,1,,0,0,0,0,0,1,0,0.59999999988,0.4397240774658213,0.0,0.16129305692148965,0.3744621503191092,0.03908237135182642,0.5571428569571428,0.7328394753091408,0.3728141751927286,0.14620286581482744,4,0.24263143919276942,105
SNE_13377263.jpg,1,,0,0,0,0,0,1,0,0.19999999996,0.2558912156815348,0.0,0.19602364260071242,0.11925784697687487,0.03963977263830239,0.4156249998614584,0.6235067366617344,0.4175870966903125,0.0,2,0.2804172510518811,80
SNE_13377277.jpg,1,,0,0,0,0,0,1,0,0.79999999984,0.9732337438223642,0.07965655078929236,0.18322378919780236,0.2677781009134747,0.10141860121189301,0.19021739124094203,0.7670355462276199,0.45507348212515175,0.0,5,0.43541613642145355,92
SNE_13377290.jpg,1,,0,0,0,0,0,1,0,0.59999999988,0.5887680375053823,0.0784199924430163,0.16342521566843518,0.37692016434014486,0.09704615571469613,0.1836734693265306,0.7784151501522514,0.43022991113232156,0.0,4,0.4333139872315477,98
SNE_13377294.jpg,1,,0,1,0,0,0,0,0,0.19999999996,0.7232490808359313,0.0,0.17105104311294062,0.12602836655492805,0.11983892056779466,0.36724806189308784,0.5648436480629022,0.4125342008021673,0.0,2,0.19971549052481333,258
SNE_13377354.jpg,1,,0,0,0,0,1,0,0,0.9999999998,1.0,0.0,0.17921200389326175,0.2806211321297475,0.12673676850968896,0.3247863246780627,0.23485189597315503,0.5419532277079269,0.0,6,0.19381899740758518,234
SNE_13377387.jpg,1,,0,0,1,0,0,0,0,0.0,0.7887374454761478,0.0,0.16761539532448544,0.36668548929533207,0.08118460778832572,0.3896484373701172,0.6097930776062297,0.3799157603191479,0.0,1,0.18617908787541346,256
SNE_13377389.jpg,1,,0,0,1,0,0,0,0,0.59999999988,0.7272328069459253,0.0,0.1723798310250201,0.4682232306983344,0.041074496325057025,0.430555555412037,0.6678865951116578,0.404462546807955,0.12271678042773183,4,0.2981998021760515,90
SNE_13377445.jpg,1,,0,1,0,0,0,0,0,0.39999999992,0.5547058946075203,0.005610547445302119,0.20609262697270847,0.3786526879714791,0.07364788743510148,0.2808988763108614,0.7487015524157845,0.4399031957785401,0.0,3,0.30953793066262414,89
SNE_13377642.jpg,1,,1,0,0,0,0,0,0,0.59999999988,0.9217107348488769,0.0,0.2027975165243165,0.32222339316531856,0.053599589160035446,0.34224598919073085,0.7318034917046518,0.4023947023898027,0.0,4,0.13470339348933308,187
SNE_13377644.jpg,1,,1,0,0,0,0,0,0,0.59999999988,0.7789077588878013,0.0,0.18703183939335855,0.3059881765969573,0.09994141196295991,0.3349999998883333,0.6365064408436165,0.4631982247390699,0.0,4,0.2952612863327035,150
SNE_13377645.jpg,1,,1,0,0,0,0,0,0,0.59999999988,0.79620626541954,0.0,0.19058949768788713,0.35821424759366294,0.08380122788852215,0.29967948707959396,0.7047388843126543,0.4121280280310837,0.0,4,0.2224991691591817,156
SNE_13377646.jpg,1,,1,0,0,0,0,0,0,0.39999999992,0.4377116786211965,0.0,0.21293464333333967,0.2657437200329126,0.05731072332629382,0.2999999999,0.6969041997534982,0.45240238956037215,0.0,3,0.22305314171122062,100
SNE_13377648.jpg,1,,1,0,0,0,0,0,0,0.59999999988,0.6734765549038526,0.0,0.19701925239252763,0.25386907877967974,0.06861653427601651,0.34183673457993197,0.6062158154963277,0.4401378231639607,0.0,4,0.29299482839678925,98
SNE_13377649.jpg,1,,1,0,0,0,0,0,0,0.39999999992,0.8845239343657534,0.0,0.18400325088846128,0.2287445312823034,0.06895335413593434,0.3131868130824176,0.8135810874210844,0.3952625834210961,0.0,3,0.16632818846465866,182
SNE_13377650.jpg,1,,1,0,0,0,0,0,0,0.59999999988,0.679666950013464,0.0,0.17751864909318169,0.24404019749857267,0.07198813619753489,0.42031249985989577,0.6525983906584776,0.4446105204650915,0.0,4,0.21250776926036014,160
SNE_13377651.jpg,1,,1,0,0,0,0,0,0,0.39999999992,0.7134151235962224,0.0,0.1825162437064387,0.43139413887875444,0.14656469426187882,0.31060606050252526,0.6781077892421642,0.47378152384006267,0.0,3,0.21787997820912874,264
SNE_13377653.jpg,1,,1,0,0,0,0,0,0,0.39999999992,0.665587783428669,0.0,0.18755806193302071,0.24714695134110193,0.13646391426745708,0.3062499998979166,0.5478900361618915,0.5139702267086954,0.0,3,0.22520958083831663,240
SNE_13377654.jpg,1,,1,0,0,0,0,0,0,0.59999999988,0.558855263211313,0.0,0.20374749682548438,0.31973072013633436,0.08356745323152591,0.3594771240631809,0.7136433017337986,0.4469840362557158,0.0,4,0.19924227048236928,153
SNE_13377655.jpg,1,,1,0,0,0,0,0,0,0.39999999992,0.3494248076038483,0.0,0.21306226180226828,0.32266897372676717,0.09377458043808712,0.35620915020806104,0.7376959113914133,0.4636007102476787,0.0,3,0.19915639431292684,153
SNE_13377657.jpg,1,,1,0,0,0,0,0,0,0.19999999996,0.6513273268088849,0.0,0.1705853492220521,0.37659625818651576,0.12212517092286752,0.31451612892741937,0.6737596264549719,0.47434001068022835,0.0,2,0.24962511858492978,217
SNE_13377658.jpg,1,,1,0,0,0,0,0,0,0.19999999996,0.5106980875831989,0.0,0.204845155425874,0.33764326644007536,0.13403084866371137,0.2999999999,0.6508163885265996,0.522585788878561,0.0,2,0.2650558301299531,155
SNE_13377659.jpg,1,,1,0,0,0,0,0,0,0.39999999992,0.6736065936704814,0.0,0.1846366738206417,0.26776506273146305,0.11663016708760862,0.33530805676026865,0.7432310141513888,0.47287022324085837,0.0,3,0.2174363664075532,211
SNE_13377660.jpg,1,,1,0,0,0,0,0,0,0.59999999988,0.6961158523784663,0.09178794218456747,0.2022433188163004,0.3444545883557234,0.21112753138367327,0.24448529403615193,0.5810154645131737,0.5290699914992473,0.0,4,0.45603950180555264,136
SNE_13377661.jpg,1,,1,0,0,0,0,0,0,0.19999999996,0.4180633928205111,0.0,0.20724276430017527,0.38107813456451867,0.1058569317422146,0.29401408440903753,0.7594716421008815,0.47802782045304837,0.0,2,0.240690474170827,142
SNE_13377662.jpg,1,,1,0,0,0,0,0,0,0.79999999984,0.7897857682120313,0.0,0.19715181680729826,0.30404550175545064,0.06482243562526084,0.45370370355246914,0.7060165667089422,0.4362031404572182,0.0,5,0.19916024729724605,135
SNE_13377663.jpg,1,,1,0,0,0,0,0,0,0.79999999984,0.8933876500530014,0.0,0.1957487354949477,0.2539789140586427,0.10945012719633164,0.3246073297347295,0.6758877053494631,0.4793114366520463,0.0,5,0.19934861823223374,191
SNE_13377664.jpg,1,,1,0,0,0,0,0,0,0.39999999992,0.44465753562912735,0.0,0.20616265705921638,0.3321798494706324,0.09382614136454281,0.35795454533522725,0.535493933404602,0.46626054490351565,0.0,3,0.19361877055400348,176
SNE_13377665.jpg,1,,1,0,0,0,0,0,0,0.59999999988,0.48155728410963733,0.0,0.19798730977971865,0.3283024620708688,0.08427137206598331,0.39141414128367,0.6737582727420368,0.44710739081347667,0.0,4,0.15948502364686917,198
SNE_13377666.jpg,1,,1,0,0,0,0,0,0,0.39999999992,0.5848926901236937,0.0,0.20011610938808452,0.27169432355916984,0.11103284681937867,0.3322784809018987,0.6821710157110027,0.4534140063708289,0.0,3,0.23841763432394258,158
SNE_13377667.jpg,1,,1,0,0,0,0,0,0,0.79999999984,0.7905637697397905,0.0,0.2194557442553439,0.4309069181272442,0.10935936193218579,0.3121019107239915,0.6525529716815067,0.4790576120474779,0.0,5,0.23085669476572315,157
SNE_13377668.jpg,1,,1,0,0,0,0,0,0,0.39999999992,0.4143847149773521,0.0,0.2113789808668561,0.23472586397210757,0.12339713283436665,0.36142857130809514,0.5647038806741056,0.5119231240909106,0.0,3,0.21512116810640566,175
SNE_13377669.jpg,1,,1,0,0,0,0,0,0,0.59999999988,0.349861575657866,0.0,0.20699337630790565,0.3184287874579773,0.07430587289190542,0.39347826073840575,0.7542120129463985,0.4255822802784983,0.0,4,0.23375697328131229,115
SNE_13377673.jpg,1,,1,0,0,0,0,0,0,0.19999999996,0.43859924962933855,0.0,0.20168935394302298,0.30495729048341286,0.07635538356692809,0.4462025314968354,0.6804435659881254,0.4429213832003626,0.0,2,0.18380642159143218,158
SNE_13377674.jpg,1,,1,0,0,0,0,0,0,0.59999999988,0.7634154869145333,0.0,0.1967061586598992,0.4878799809097749,0.14797884991607277,0.34226190464781747,0.6263245540833831,0.5163634282900014,0.0,4,0.28977221163443645,168
SNE_13377675.jpg,1,,1,0,0,0,0,0,0,0.39999999992,0.4143128985785325,0.0,0.19191038897828383,0.3897488621743111,0.1243923823390598,0.27467811149642346,0.7814692178678297,0.4508181862107976,0.0,3,0.18884429944856113,233
SNE_13377676.jpg,1,,1,0,0,0,0,0,0,0.59999999988,0.749150456372671,0.0,0.18630230950141213,0.3911976968597791,0.12313604066516212,0.3522167486510673,0.6220827425620632,0.45898633121960664,0.0,4,0.2248215049517907,203
SNE_13377677.jpg,1,,1,0,0,0,0,0,0,0.19999999996,0.47581555115384555,0.0,0.1840994490333669,0.3944715299460559,0.10068734383789638,0.3098591548262911,0.6885105697583365,0.4698032125227698,0.0,2,0.2875723136257216,142
SNE_13377678.jpg,1,,1,0,0,0,0,0,0,0.39999999992,0.591951479491582,0.0,0.19844419384755296,0.2918938675912709,0.12001335768427461,0.2981220656283255,0.6602482373883329,0.4799973904087848,0.0,3,0.19391998028767074,213
SNE_13377680.jpg,1,,1,0,0,0,0,0,0,0.39999999992,0.5538720317179153,0.0,0.19867479166809757,0.4360761696983276,0.08501185640892805,0.35519801968358083,0.7010447309552572,0.4286439239500274,0.0,3,0.16160020714655202,202
SNE_13377681.jpg,1,,1,0,0,0,0,0,0,0.39999999992,0.32395255447435023,0.0,0.22597486296581426,0.26201296418514075,0.07795805302132608,0.3651515150297979,0.6623063096329246,0.4346432257165628,0.0,3,0.14018045112781535,165
SNE_13377682.jpg,1,,1,0,0,0,0,0,0,0.59999999988,0.5025858169897659,0.10857627402465087,0.1862411232504862,0.4348955928751917,0.17899259894841824,0.27559055108923886,0.7006416877266116,0.5195273579585781,0.0,4,0.48457966595048274,127
SNE_13377683.jpg,1,,1,0,0,0,0,0,0,0.39999999992,0.7062471911886259,0.0,0.19437579378283057,0.39454750714580766,0.1041485810300382,0.2882096068908297,0.8023973927094148,0.4230597529544675,0.06375982016032408,3,0.16322389302252555,229
SNE_13377684.jpg,1,,1,0,0,0,0,0,0,0.59999999988,0.4769775027377072,0.0,0.17039835481948837,0.43756213714899433,0.09781328078357535,0.3565400842693389,0.7779777495963801,0.44375307691465327,0.0,4,0.18453299884214144,237
SNE_13377685.jpg,1,,1,0,0,0,0,0,0,0.39999999992,0.4465101143195016,0.0,0.18599867158181968,0.2568266923183311,0.05739919510080595,0.4083769632146596,0.7307893641330051,0.4277929799921802,0.0,3,0.14848624154462145,191
SNE_13377686.jpg,1,,1,0,0,0,0,0,0,0.19999999996,0.37940088292319724,0.0,0.19679728384288733,0.3851128091091599,0.1408592239864973,0.2728494622746416,0.654400690797049,0.4540184288768721,0.0,2,0.24888326679051867,186
SNE_13377687.jpg,1,,1,0,0,0,0,0,0,0.79999999984,0.7154793956544248,0.0,0.19519010166716289,0.37876340177136225,0.14165505412030427,0.3333333332222222,0.6514849705168746,0.45756269916834663,0.0,5,0.2708333333333218,174
SNE_13377688.jpg,1,,1,0,0,0,0,0,0,0.19999999996,0.5023060640645878,0.0,0.19310114900511566,0.4182375329710243,0.13585065534151233,0.3075221237912979,0.5701153186554482,0.49397930584682176,0.0,2,0.21670786588070556,226
SNE_13377689.jpg,1,,1,0,0,0,0,0,0,0.19999999996,0.4923356560241418,0.0,0.19692849079477476,0.31140948386117884,0.0934653051596644,0.3683574877999194,0.6863295413606336,0.4676973103257278,0.0,2,0.16883012390709198,207
SNE_13377690.jpg,1,,1,0,0,0,0,0,0,0.79999999984,0.46446157553005407,0.0,0.20737805235530918,0.4733328755434748,0.10691103640782552,0.3162100455566971,0.6744728812630383,0.4725968218285841,0.0,5,0.1737674058079292,219
SNE_13377691.jpg,1,,1,0,0,0,0,0,0,0.39999999992,0.4804282705783357,0.0,0.1951676674258137,0.26234701703212815,0.05461606978642902,0.3664122136183206,0.660616497936895,0.4142745101607119,0.0,3,0.19042434046788856,131
SNE_13377692.jpg,1,,1,0,0,0,0,0,0,0.39999999992,0.5991375023945027,0.0,0.19711010949059984,0.42136494375712086,0.100542798208579,0.3697183097359155,0.5580595138919273,0.4644494567226493,0.0,3,0.1790730720883156,213
SNE_13377695.jpg,1,,1,0,0,0,0,0,0,0.59999999988,0.7355858596170537,0.0,0.1957723458812294,0.4663602050197438,0.10702474403987829,0.33823529400490193,0.6422245105492861,0.483237145892888,0.0,4,0.17242346223456698,238
SNE_13377696.jpg,1,,1,0,0,0,0,0,0,0.59999999988,0.7543423015502579,0.0,0.19926031290489882,0.3261803251390877,0.10864065933478187,0.3107142856107143,0.7164367601172765,0.43434341639632484,0.0,4,0.17366562582075545,210
SNE_13377697.jpg,1,,1,0,0,0,0,0,0,0.39999999992,0.6147347054676382,0.0,0.21582646863789706,0.42089118444174634,0.14643722142761056,0.27256944435358793,0.5878186649868895,0.5120366358115171,0.0,3,0.29239335994955384,144
SNE_13377698.jpg,1,,1,0,0,0,0,0,0,0.39999999992,0.49206197601032264,0.0,0.20260558888849145,0.4246646585329972,0.10326461973329484,0.3879781419471767,0.589627285084017,0.46817152051405553,0.0,3,0.20261564857077458,183
SNE_13377699.jpg,1,,1,0,0,0,0,0,0,0.19999999996,0.4973978196574156,0.0,0.2120926210988917,0.44061681943351816,0.1187053161049965,0.29545454535606064,0.7440366748124636,0.4994505679590042,0.0,2,0.2803097563381533,132
SNE_13377700.jpg,1,,1,0,0,0,0,0,0,0.19999999996,0.41086553926960945,0.0,0.18890540220493326,0.3956415922924026,0.12181933897103238,0.33668341697319926,0.627018016774737,0.4862029282440157,0.0,2,0.2183617042539652,199
SNE_13377701.jpg,1,,1,0,0,0,0,0,0,0.59999999988,0.761726029389388,0.0,0.18499008862085836,0.3452801193612566,0.09120009688881826,0.30075187959899746,0.7494251405042746,0.41892394405998523,0.0,4,0.2717596778170349,133
SNE_13377702.jpg,1,,1,0,0,0,0,0,0,0.39999999992,0.6752535620396406,0.0,0.20407227471032596,0.314075688605145,0.10316232959801296,0.3588957054018404,0.7215021674189035,0.44458665485570803,0.0,3,0.21239966585551112,163
SNE_13377703.jpg,1,,1,0,0,0,0,0,0,0.19999999996,0.3327968861233267,0.0,0.19767538735707024,0.4788726275196135,0.09541253059742302,0.38141025628311964,0.7250817130597198,0.4449980524154616,0.0,2,0.22452217814640374,156
SNE_13377704.jpg,1,,1,0,0,0,0,0,0,0.19999999996,0.39439491882807287,0.0,0.19995397087724412,0.4896319190549903,0.13519985263100506,0.2935483869989247,0.6969642221506287,0.5142540761215791,0.0,2,0.2913980475225506,155
SNE_13377705.jpg,1,,1,0,0,0,0,0,0,0.39999999992,0.5808025575577827,0.0,0.1931848466192649,0.3232788928668071,0.09602935070856852,0.3286163520917191,0.8206804384976505,0.45526969156507774,0.0,3,0.22546720670787232,159
SNE_13377706.jpg,1,,1,0,0,0,0,0,0,0.19999999996,0.47198331497560553,0.0,0.182003798955246,0.3069966427505537,0.07184170052858709,0.35736196307106344,0.7146229030704171,0.43109883239515895,0.0,2,0.1992397202634805,163
SNE_13377707.jpg,1,,1,0,0,0,0,0,0,0.59999999988,0.38357600098865996,0.006785191223451319,0.20369664692421938,0.38194759654387483,0.14918086263690214,0.34760273961015986,0.5986973983543216,0.45884601199326414,0.0,4,0.3115348250866524,146
SNE_13377708.jpg,1,,1,0,0,0,0,0,0,0.39999999992,0.4070988834404217,0.0,0.20384289638061903,0.4422847245618801,0.09059139630184981,0.3733333332088889,0.6493967883317365,0.4214124735869403,0.0,3,0.20634229527229758,150
SNE_13377709.jpg,1,,1,0,0,0,0,0,0,0.59999999988,0.44084264650292504,0.0,0.20101435328107,0.40738683496726535,0.12429781147020275,0.3142361110063657,0.6875341292226821,0.47172578081392075,0.0,4,0.27290129797365426,144
SNE_13377710.jpg,1,,1,0,0,0,0,0,0,0.59999999988,0.5583273208208875,0.0,0.19820947098000088,0.3425658375915555,0.09449023790891344,0.40306122435544217,0.7316042963736054,0.4310523164884046,0.0,4,0.2170837453411342,147
SNE_13377711.jpg,1,,1,0,0,0,0,0,0,0.59999999988,0.8213389248578173,0.0,0.187447317456254,0.1110049550334786,0.07603073289948285,0.3851351350067567,0.7351096249932193,0.4538483983197903,0.0,4,0.21066367150076937,148
SNE_13377712.jpg,1,,1,0,0,0,0,0,0,0.79999999984,0.7130232143812654,0.3075009922281336,0.20069190033102913,0.45316372407581534,0.3242919997365965,0.2403846153044872,0.6413096850383011,0.5434788123829848,0.0,5,0.8227516870953281,104
SNE_13377713.jpg,1,,1,0,0,0,0,0,0,0.39999999992,0.4772218328434532,0.0023298409296513807,0.1944334021789486,0.41377315444126334,0.15633445709206767,0.24545454537272726,0.598396938757774,0.49806040071249696,0.0,3,0.3039607295827372,165
SNE_13377714.jpg,1,,1,0,0,0,0,0,0,0.59999999988,0.5127816555005644,0.0,0.19702720022378378,0.33422491872227467,0.11012508021398995,0.30319148926063827,0.7470413782976579,0.414701494085713,0.0,4,0.2605491709798991,141
SNE_13377715.jpg,1,,1,0,0,0,0,0,0,0.39999999992,0.6079077703067437,0.0,0.20224316726657715,0.2615792838362885,0.13429129666362813,0.3302631577846491,0.6176135010115152,0.4663511189867297,0.0,3,0.2163445362443375,190
SNE_13377717.jpg,1,,1,0,0,0,0,0,0,0.59999999988,0.5668314400515917,0.14596872611712636,0.19964810160884766,0.39993494607725943,0.2647072548906482,0.2610294116776961,0.6732871375812395,0.5504885126415172,0.0,4,0.5481468345450835,136
SNE_13377718.jpg,1,,1,0,0,0,0,0,0,0.79999999984,0.6822057191774883,0.0,0.21360575472538995,0.3905573517725741,0.09104592662006547,0.3472222221064814,0.6619379446058005,0.45383621382685985,0.0,5,0.23875552474216835,126
SNE_13377719.jpg,1,,1,0,0,0,0,0,0,0.39999999992,0.45979351397219675,0.0,0.1864963330318883,0.417500638567605,0.15059927044134924,0.29871794861837603,0.8175600494721694,0.5173717607543813,0.0,3,0.2710495049504843,195
SNE_13377720.jpg,1,,1,0,0,0,0,0,0,0.39999999992,0.8800057749452492,0.041765389610326976,0.1820901290704286,0.2974009073993654,0.16814069842278648,0.3237951806149599,0.568924453818057,0.5238595893078252,0.0,3,0.37100116237932124,166
SNE_13377721.jpg,1,,1,0,0,0,0,0,0,0.59999999988,0.3092063845172175,0.0,0.21203982423133125,0.3567648115335468,0.07438053576052021,0.4099264704515932,0.6116437122896254,0.4707283314944639,0.0,4,0.19256157285825137,136
SNE_13377722.jpg,1,,1,0,0,0,0,0,0,0.39999999992,0.6958185260128518,0.0,0.1960670694655885,0.514414187219778,0.12259462213947292,0.28535353525841745,0.5956276200033179,0.4462344187877183,0.0,3,0.2261904761904686,198
SNE_13377723.jpg,1,,1,0,0,0,0,0,0,0.19999999996,0.4848808544497677,0.0,0.22025746360549153,0.3850495539809504,0.1571319603206293,0.3035714284702381,0.6648237770054268,0.5199051127242373,0.0,2,0.2769668737059898,154
SNE_13377724.jpg,1,,1,0,0,0,0,0,0,0.59999999988,0.7381409021025124,0.0,0.20292168219993398,0.4591924374239582,0.12331670900270353,0.2663690475302579,0.692422093639558,0.43845191785285115,0.0,4,0.2559398256855074,168
SNE_13377726.jpg,1,,1,0,0,0,0,0,0,0.19999999996,0.240950891670209,0.0,0.20512284480980505,0.4264524828860333,0.043450411012360246,0.4166666665277778,0.5844699222543613,0.4151183202209139,0.0,2,0.2463286004056695,90
SNE_13377727.jpg,1,,1,0,0,0,0,0,0,0.79999999984,0.7293018173112409,0.0,0.1973531833519701,0.3415510281194387,0.10503504447265188,0.36879432611820323,0.6721316779978823,0.4561993302150242,0.0,5,0.2609841080989096,141
SNE_13377728.jpg,1,,1,0,0,0,0,0,0,0.59999999988,0.6104390317787414,0.0,0.20238526267014725,0.4609384275850527,0.07524664997216568,0.3818181816909091,0.7071487635224718,0.43547205849856374,0.008727236913036288,4,0.183006920924748,165
SNE_13377730.jpg,1,,1,0,0,0,0,0,0,0.39999999992,0.863693539928585,0.08887035176548792,0.14850758386222326,0.2796970028762966,0.1649007789787847,0.3221982757546695,0.6327117305699572,0.4395249787062128,0.0,3,0.4510795980901998,232
SNE_13377731.jpg,1,,1,0,0,0,0,0,0,0.9999999998,0.892799467052579,0.0,0.18254338501854725,0.17959095860244984,0.14172530539038006,0.34129692821387947,0.608714458886435,0.4994134996172095,0.0,6,0.28833938294010164,293
SNE_13377732.jpg,1,,1,0,0,0,0,0,0,0.59999999988,0.7454780355620154,0.0,0.19152318341071764,0.30990965767477696,0.12309330029833086,0.35691318316077175,0.14094709322337373,0.55583444659813,0.0,4,0.14022845364366085,311
SNE_13377733.jpg,1,,1,0,0,0,0,0,0,0.39999999992,0.40022234438925286,0.0,0.2091257568761279,0.4058836516560667,0.05035109660076336,0.34793814421391744,0.7353121723189585,0.4405707653800706,0.0,3,0.22935409690562678,97
SNE_13377734.jpg,1,,1,0,0,0,0,0,0,0.59999999988,0.9240551912262414,0.20185290932979122,0.20751555303405844,0.27032115397722467,0.28518707768273216,0.2689075629355742,0.6002059895189789,0.5648303267159955,0.0,4,0.643149946062498,119
SNE_13377735.jpg,1,,1,0,0,0,0,0,0,0.59999999988,0.8939328964318254,0.01504160570803151,0.19523703845668913,0.35812890867974156,0.16997446733887267,0.32078313242319273,0.6572666306721608,0.5138040946545922,0.0,4,0.32557072971869516,166
SNE_13377736.jpg,1,,1,0,0,0,0,0,0,0.39999999992,0.7064983339572921,0.0,0.19084081965945118,0.4319040067358806,0.13303863124454307,0.2992021275598404,0.7291063189441169,0.4859966687140552,0.0,3,0.2578623433160603,188
SNE_13377738.jpg,1,,1,0,0,0,0,0,0,0.19999999996,0.3826477241707785,0.0,0.19612081986430283,0.38737373885781784,0.09253307191596166,0.3029411763696079,0.7179881087341582,0.47581662481876097,0.0,2,0.2145499383477119,170
SNE_13377739.jpg,1,,1,0,0,0,0,0,0,0.39999999992,0.4923048368371642,0.0,0.20026723613596228,0.5042033787442544,0.1347389571965176,0.3512269937479549,0.6491895386559354,0.4756802331371099,0.0,3,0.27929934914601495,163
SNE_13377740.jpg,1,,1,0,0,0,0,0,0,0.39999999992,0.5472885143407473,0.05622094562941501,0.2238740265181851,0.15117991109036683,0.19631709164344838,0.28653846144294876,0.5145116631752598,0.5347761052627215,0.0,3,0.39557560762622646,130
SNE_13377741.jpg,1,,1,0,0,0,0,0,0,0.9999999998,0.7849890381706472,0.0,0.1981060330666556,0.26765666741171446,0.08029451175674882,0.3867713003195068,0.7403820539901921,0.46688667815999035,0.05836730917918234,6,0.15767418682612672,223
SNE_13377742.jpg,1,,1,0,0,0,0,0,0,0.39999999992,0.31499937318896254,0.0866967497179759,0.21072046850961107,0.4220323616375875,0.16609810325146698,0.31422018338149843,0.6049466678266997,0.5259767977255877,0.0,3,0.4473844746072558,109
SNE_13377743.jpg,1,,1,0,0,0,0,0,0,0.39999999992,0.512321605070987,0.0,0.2027690758642558,0.4213669513815217,0.13784916868387884,0.309178743858293,0.5572022069912789,0.5193892236069567,0.0,3,0.2306454996852846,207
SNE_13377744.jpg,1,,1,0,0,0,0,0,0,0.39999999992,0.607767778984912,0.0,0.20134534649517646,0.31561284312460236,0.11063560875684937,0.3661764704661765,0.5458644338668376,0.49479856869468913,0.0,3,0.231524396919812,170
SNE_13377745.jpg,1,,1,0,0,0,0,0,0,0.59999999988,0.9333726404260023,0.0,0.21377388330823072,0.2774547024763819,0.10214613162288806,0.2687861270780346,0.7451537674253104,0.4374174205619964,0.0,4,0.18834568572787827,173
SNE_13377746.jpg,1,,1,0,0,0,0,0,0,0.59999999988,0.3814576377052147,0.0,0.20881471605090807,0.3748009297743904,0.08421216515654717,0.3622754489810379,0.7127805833967251,0.459573265525458,0.0,4,0.18097462245056264,167
SNE_13377747.jpg,1,,1,0,0,0,0,0,0,0.79999999984,0.6685949880725038,0.04597020133280696,0.18635568594244517,0.18871630257494582,0.14109323869427493,0.27810077510109815,0.7310903287037256,0.48884362668844555,0.0,5,0.378149342311742,258
SNE_13377748.jpg,1,,1,0,0,0,0,0,0,0.79999999984,0.6677614627439141,0.009962163611690385,0.18624480612125455,0.19084929540501064,0.15784401982112736,0.24924698786872493,0.7642444658458591,0.469032634084517,0.0,5,0.3169356781498358,332
SNE_13377749.jpg,1,,1,0,0,0,0,0,0,0.59999999988,0.4854729376070519,0.0,0.2215673819603344,0.3173958842923762,0.13790075050434777,0.33789062488736976,0.6639107045693611,0.5106176893194291,0.0,4,0.2931726907630356,128
SNE_13377750.jpg,1,,1,0,0,0,0,0,0,0.59999999988,0.6027761838504814,0.0,0.1905797559594585,0.3171044304367824,0.08052498421806116,0.39538043465081524,0.6479666957876269,0.4191225438310029,0.0,4,0.17847321526784243,184
SNE_13377751.jpg,1,,1,0,0,0,0,0,0,0.39999999992,0.48467602421092015,0.0,0.20897874702369057,0.44470980388398396,0.09775355173577141,0.31818181807575757,0.534568726944469,0.4658570438493814,0.0,3,0.19029428842098248,187
SNE_13377752.jpg,1,,1,0,0,0,0,0,0,0.39999999992,0.8638671452718425,0.0,0.19000685059210232,0.26741968431485263,0.11706395202366966,0.3893442621653006,0.72521496790904,0.5067189674284613,0.0,3,0.2361605412452787,183
SNE_13377753.jpg,1,,1,0,0,0,0,0,0,0.19999999996,0.43927392998151826,0.0,0.18627629778173832,0.3987253374007764,0.08349044082603015,0.38229166653923613,0.7422877472171512,0.43497469560737084,0.0,2,0.14907970171127746,240
SNE_13377755.jpg,1,,1,0,0,0,0,0,0,0.59999999988,0.520338669464153,0.0,0.19546970885691115,0.3590248729244474,0.09297453838218897,0.3341013823771121,0.6596935609425303,0.4598317349491811,0.0,4,0.15691374078889936,217
SNE_13377756.jpg,1,,1,0,0,0,0,0,0,0.59999999988,0.6485995691856554,0.0,0.19261408580785017,0.3705821853121095,0.12808682987074008,0.30514705872181375,0.5939016080725628,0.4628380871245453,0.0,4,0.2258466303103674,204
SNE_13377757.jpg,1,,1,0,0,0,0,0,0,0.39999999992,0.5495200569003516,0.0,0.20513803873019779,0.3754645661801424,0.1634137119874289,0.2897727271761364,0.5595618996806534,0.53410416319404,0.0,3,0.28220916130234713,176
SNE_13377758.jpg,1,,1,0,0,0,0,0,0,0.59999999988,0.7951123710710779,0.005869798855647205,0.20841993561406313,0.3379463193916155,0.1774997328666486,0.3363095236974207,0.5167685570252317,0.5292422238770212,0.0,4,0.30997865806047004,168
SNE_13377759.jpg,1,,1,0,0,0,0,0,0,0.19999999996,0.42635853486376285,0.0,0.1856469930874117,0.39845048698850793,0.11750922019859822,0.345059880124501,0.051896363093915654,0.5502212568377105,0.0,2,0.12779713511420582,334
SNE_13377760.jpg,1,,1,0,0,0,0,0,0,0.79999999984,0.8067458981283478,0.0,0.18285491152216296,0.3820582892723027,0.13110478899147773,0.31720430096953406,0.021175599782414456,0.5542425620810426,0.0,5,0.169219219219215,279
SNE_13377761.jpg,1,,1,0,0,0,0,0,0,0.59999999988,0.8138138130292794,0.0,0.19950572092516597,0.3364137950863808,0.1514391064605605,0.32428571417761903,0.5192528114664856,0.46627454311401134,0.0,4,0.2762883856959154,175
SNE_13377762.jpg,1,,1,0,0,0,0,0,0,0.59999999988,0.4102763620142502,0.0,0.1833187152359275,0.37645150884057,0.061338925482002066,0.44249999985250005,0.7588825403970977,0.42299770776358986,0.002627399993839035,4,0.14174967518405931,200
SNE_13377763.jpg,1,,1,0,0,0,0,0,0,0.59999999988,0.7338639791166337,0.001423626288391976,0.20506805837116385,0.3447332237168183,0.15613999850550866,0.28006329104588606,0.68689561047738,0.49072528429342327,0.0,4,0.30242016469169,158
SNE_13377765.jpg,1,,1,0,0,0,0,0,0,1.0,0.9310103543660788,0.0,0.18723636227209509,0.32252075137841885,0.13200175769941425,0.36499999987833337,0.6393335961473261,0.4989007999591356,0.0,7,0.24636918543463668,200
SNE_13377767.jpg,1,,1,0,0,0,0,0,0,0.19999999996,0.5457241313958965,0.018111061207715665,0.21017215016025223,0.43881134120901855,0.13303383370260097,0.325819672022541,0.6829018207843455,0.4552542081732131,0.0,2,0.3307888040712277,122
SNE_13377768.jpg,1,,1,0,0,0,0,0,0,0.19999999996,0.5071024140276541,0.001723664775470767,0.20391576909697148,0.38771335812368535,0.17359840864873316,0.310975609652439,0.6720473864890756,0.5237620899804623,0.0,2,0.30293023012002396,164
SNE_13377770.jpg,1,,1,0,0,0,0,0,0,0.59999999988,0.6555000356901537,0.0,0.21419255583490737,0.4366790490023498,0.08858727755182161,0.3064024389222561,0.6732383579453651,0.440098947117933,0.0,4,0.19505251791498332,164
SNE_13377771.jpg,1,,1,0,0,0,0,0,0,0.39999999992,0.5609478843957786,0.0,0.1946845241014644,0.29290581335279775,0.06534577623415035,0.3677536230658212,0.6412556885864988,0.4159333735075603,0.0,3,0.20320317068415947,138
SNE_13377772.jpg,1,,1,0,0,0,0,0,0,0.39999999992,0.583435230590353,0.0,0.20425017996089062,0.4014852997702386,0.10882999074478833,0.32070707060016834,0.5741849008429356,0.4570234945444507,0.0,3,0.19041864212450216,198
SNE_13377774.jpg,1,,1,0,0,0,0,0,0,1.0,0.7881719177225729,0.006102329112920178,0.18891744333327498,0.19964614799448316,0.1226108506374812,0.29477611930472636,0.7091525286498895,0.4832152916332366,0.0,9,0.3103739594980666,268
SNE_13377775.jpg,1,,1,0,0,0,0,0,0,1.0,0.7838865027137489,0.0216508216922433,0.1895341317850209,0.20660312947251086,0.13937173115252094,0.2813653135593481,0.7388126854883443,0.49980894570466716,0.0,9,0.3368063968984644,271
SNE_13377776.jpg,1,,1,0,0,0,0,0,0,0.39999999992,0.6603024065077466,0.0,0.19107021073627836,0.270650224417582,0.11675741075923675,0.3928571427261904,0.6004923716879572,0.4717040830186544,0.0,3,0.2332802829354471,182
SNE_13377777.jpg,1,,1,0,0,0,0,0,0,0.79999999984,0.8513160748232542,0.0,0.19153020026421452,0.3732699871566613,0.12356618110135012,0.32205240163937404,0.6698781322839931,0.4524971605579109,0.0,5,0.1932635518390681,229
SNE_13377778.jpg,1,,1,0,0,0,0,0,0,0.19999999996,0.4063722901546663,0.0,0.1899968855907402,0.44120726214902906,0.1077736266603321,0.3902116400815696,0.6653642098176353,0.45037272012627627,0.0,2,0.21475795788047167,189
SNE_13377779.jpg,1,,1,0,0,0,0,0,0,0.59999999988,0.6885848684904705,0.0,0.19644151867298548,0.15696471877675072,0.13395732263393817,0.35067873291478124,0.5755598970566247,0.48548348435316047,0.0,4,0.20696846225415616,221
SNE_13377780.jpg,1,,1,0,0,0,0,0,0,0.59999999988,0.42414910463223693,0.0,0.1943789870997075,0.3663427731667373,0.13343863827894845,0.282608695557971,0.5656823015556114,0.44751927781469947,0.0,4,0.2546209122699053,184
SNE_13377781.jpg,1,,1,0,0,0,0,0,0,0.19999999996,0.4655372636453403,0.014019895727441485,0.1877753044063797,0.46352368761650453,0.1500606809816139,0.28281249990572915,0.7923877461939448,0.4752795908301778,0.0,2,0.3238338227506704,160
SNE_13377782.jpg,1,,1,0,0,0,0,0,0,0.59999999988,0.780984753055965,0.0,0.1900784593816694,0.2715671592125427,0.07156773451050237,0.41365461833601064,0.6995988350389747,0.42728224292893563,0.0,4,0.1342330218540887,249
SNE_13377783.jpg,1,,1,0,0,0,0,0,0,0.39999999992,0.8022807199581131,0.0,0.20208576362125918,0.254324720645021,0.12374654808079083,0.37009803909232025,0.5657998862533251,0.5058855522605422,0.0,3,0.21575713769424662,204
SNE_13377784.jpg,1,,1,0,0,0,0,0,0,0.0,0.37468092978439016,0.0,0.2088240003756897,0.13861980940476187,0.07377240818903381,0.2951127818565163,0.5867584812296567,0.4686179880182927,0.0,1,0.20939723355844525,133
SNE_13377785.jpg,1,,1,0,0,0,0,0,0,0.59999999988,0.7204133513722012,0.04324245817683595,0.1624096288177608,0.22766903494516666,0.10543577131158298,0.42177914096370145,0.588541173460394,0.4383158716764393,0.0,4,0.37351217894386357,163
SNE_13377786.jpg,1,,1,0,0,0,0,0,0,0.59999999988,0.6272274661691216,0.0,0.20048304793541807,0.29494833626208944,0.138645224159036,0.32961783428503183,0.7681356824811899,0.4729451450773413,0.0,4,0.27810185185183894,157
SNE_13377787.jpg,1,,1,0,0,0,0,0,0,0.59999999988,0.4034179301593938,0.03222262234947984,0.19894851617995657,0.27772981077491765,0.14534442361631916,0.2931034481781609,0.6307643720048934,0.5015245213862871,0.0,4,0.35477845802633834,145
SNE_13377788.jpg,1,,1,0,0,0,0,0,0,0.19999999996,0.2943730165955456,0.0,0.18572974717016352,0.29977633260528547,0.08515679242294535,0.4123376622002164,0.7288635502546943,0.4532603323954563,0.0,2,0.22565619475043433,154
SNE_13377789.jpg,1,,1,0,0,0,0,0,0,0.19999999996,0.3734813173940724,0.0,0.1983257575589884,0.3142439796298216,0.12601550616656002,0.374316939765938,0.6984948894966506,0.5172812777436776,0.0,2,0.21886708461623255,183
SNE_13377790.jpg,1,,1,0,0,0,0,0,0,0.39999999992,0.4287595264147849,0.06437829365247334,0.1942203377348707,0.41479703555358505,0.17356951699461098,0.26936619709330983,0.7011387256576076,0.522001024402851,0.0,3,0.40944309927358297,142
SNE_13377791.jpg,1,,1,0,0,0,0,0,0,0.39999999992,0.3052794125519642,0.0,0.2127845741835297,0.3392796795080284,0.060966297186935796,0.38194444431712965,0.6602139659184305,0.43051583913492036,0.0,3,0.22850633518525007,108
SNE_13377792.jpg,1,,1,0,0,0,0,0,0,0.59999999988,0.670218460311736,0.0,0.19876264380303257,0.31956786578638774,0.07346311297822708,0.34246575331050233,0.6899104683011711,0.456365737957236,0.0,4,0.2130620282244761,146
SNE_13377813.jpg,1,,0,0,0,0,0,1,0,0.9999999998,0.7776234824712122,0.05945840350077518,0.17528691959585188,0.1509069237296013,0.08610255401089544,0.27559055108923886,0.6006921134583085,0.38579233491252507,0.0,6,0.4010792860107762,127
SNE_13378116.jpg,1,,0,0,1,0,0,0,0,0.59999999988,0.53216826490014,0.0,0.18862528233893078,0.44222855108863685,0.06078533549459185,0.3885135133840089,0.7583341581028606,0.4981339325671049,0.0,4,0.2526499708794335,148
SNE_13378124.jpg,1,,0,0,1,0,0,0,0,0.59999999988,0.6132646986630361,0.05048287968934297,0.19731988782932405,0.2664273973362905,0.11958426489723342,0.27631578938157897,0.6932528665665465,0.5148706710235382,0.0,4,0.3858208955223659,114
SNE_13378125.jpg,1,,0,0,1,0,0,0,0,0.39999999992,0.44142222202647907,0.09756335449755554,0.19941308218416554,0.26461892572017554,0.08620662296617972,0.23214285706547616,0.8354451225701327,0.5247097836260101,0.0,3,0.46585770274340776,70
SNE_13378172.jpg,1,,0,0,1,0,0,0,0,0.39999999992,0.3392352555653869,0.1502144682179621,0.19156699952574507,0.386919626387369,0.10027954736791293,0.15492957741314556,0.8446454988060734,0.5225243958344611,0.0,3,0.5553645961207501,71
SNE_13378187.jpg,1,,0,0,1,0,0,0,0,0.39999999992,0.6317732143500452,0.04715079053501831,0.19411795663494497,0.27729677644121375,0.0929518625073932,0.23641304339945654,0.8174092031415987,0.5048847755738863,0.0,3,0.3801563439566819,92
SNE_13378200.jpg,1,,0,0,1,0,0,0,0,0.59999999988,0.5641102342740579,0.010053646196700284,0.223135439055596,0.3269203083111469,0.08801455536835438,0.24202127651507088,0.7614831116423285,0.5025603326365632,0.0,4,0.3170911985444441,94
SNE_13378209.jpg,1,,0,0,1,0,0,0,0,0.39999999992,0.5986536557281519,0.0,0.20195927797001473,0.3075891177928028,0.03893968439316199,0.3532608694474638,0.7873291605587072,0.4699563886752384,0.0,3,0.2512197889481353,92
SNE_13378213.jpg,1,,0,0,1,0,0,0,0,0.59999999988,0.9474862408363258,0.04410162406233884,0.20095291244756364,0.2644137963953127,0.11366998886294745,0.2650862068081897,0.8361805340295363,0.5451882895479521,0.0,4,0.37497276095007764,116
SNE_13378263.jpg,1,,0,0,1,0,0,0,0,0.59999999988,0.53322426140618,0.13922442468969892,0.20815470939367522,0.31614730961951504,0.24282337654479969,0.2290076335114504,0.6456047226540442,0.5467943082051288,0.0,4,0.5366815221117126,131
SNE_13378266.jpg,1,,1,0,0,0,0,0,0,0.19999999996,0.5544031779664932,0.0,0.1838078361239928,0.2763474021462709,0.14269910493681262,0.3002336447597352,0.5798442072672798,0.472647538357166,0.0,2,0.2474419895251553,214
SNE_13378268.jpg,1,,1,0,0,0,0,0,0,0.39999999992,0.47704424167992054,0.0,0.21828273525482778,0.36411495028520324,0.09530657601405454,0.35852713166343675,0.6004792559596867,0.47076411349610114,0.0,3,0.23532487906914912,129
SNE_13378269.jpg,1,,1,0,0,0,0,0,0,0.59999999988,0.6501662470512021,0.0,0.18735551680735518,0.3138586366393664,0.09430152641061873,0.40909090895454536,0.6070143497259393,0.4284730576392202,0.0,4,0.19248236802735114,209
SNE_13378270.jpg,1,,1,0,0,0,0,0,0,0.39999999992,0.6249574251377977,0.07622170293938686,0.21836239055920012,0.2858325282075087,0.19858297954943,0.24999999991666666,0.568038415951875,0.5363029524069981,0.0,3,0.42957689507317937,118
SNE_13378271.jpg,1,,1,0,0,0,0,0,0,0.19999999996,0.4046829100326411,0.0,0.196704737792137,0.2998387027401415,0.14171243524477226,0.3343195265157791,0.6057085698171363,0.4814036172502425,0.0,2,0.26551302219890466,169
SNE_13378273.jpg,1,,1,0,0,0,0,0,0,0.19999999996,0.5212075211465341,0.10245718534551543,0.2127211529866346,0.2621439135784152,0.1983122362605244,0.2942477875125369,0.5345393352308769,0.5429655128610948,0.0,2,0.4741772151898334,113
SNE_13378277.jpg,1,,1,0,0,0,0,0,0,0.59999999988,0.552574370705346,0.0,0.18514035543932003,0.27386202970546036,0.12953908571956688,0.3106995883737997,0.5231385508945732,0.46132922034839285,0.0,4,0.21063726747001082,243
SNE_13378278.jpg,1,,1,0,0,0,0,0,0,0.59999999988,0.6754203426261,0.23132356460084688,0.20206364766708243,0.3039472417135068,0.2602753580601745,0.23232323224579127,0.7394914517187581,0.5441403906255659,0.0,4,0.6932500600527632,99
SNE_13378279.jpg,1,,1,0,0,0,0,0,0,0.39999999992,0.2659395712458695,0.0,0.2263891807229531,0.5368172088648201,0.08447888602736113,0.35877862583460557,0.5941413503358919,0.4370544756492146,0.0,3,0.21679990454598827,131
SNE_13378280.jpg,1,,1,0,0,0,0,0,0,0.39999999992,0.4829416541296841,0.010829819424826543,0.1815538529612218,0.36184698165368473,0.14612816026691003,0.3242424241343434,0.6885576761581838,0.48698562450417276,0.0,3,0.31841069303303493,165
SNE_13378281.jpg,1,,1,0,0,0,0,0,0,0.39999999992,0.6195952814850818,0.0,0.18305962171017648,0.01622781700683256,0.11907384260446485,0.3547297296114864,0.5588496524636629,0.47785069548776526,0.0,3,0.21185045849987624,222
SNE_13378282.jpg,1,,1,0,0,0,0,0,0,0.59999999988,0.8742073028038213,0.013484904927666425,0.19366785642011847,0.2455018189567592,0.12567543470818984,0.3641304346612319,0.6972615649323965,0.5030071417974634,0.0,4,0.3229243383905178,138
SNE_13378283.jpg,1,,1,0,0,0,0,0,0,0.59999999988,0.42037745555328765,0.013971788677562338,0.19373403072230483,0.5167128392074943,0.21165898963626678,0.24384236445073892,0.7214045829880642,0.5322516013117659,0.0,4,0.32375204076582775,203
SNE_13378285.jpg,1,,1,0,0,0,0,0,0,0.59999999988,0.6982067007786691,0.25251076025313834,0.197617044911885,0.3022657950239904,0.2887151359097463,0.2564102563247863,0.6306204285765321,0.5575655343084908,0.0,4,0.729268292682846,117
SNE_13378286.jpg,1,,1,0,0,0,0,0,0,0.39999999992,0.24342460875421007,0.04894334439604073,0.22519295452782936,0.3631025854070571,0.12822612378503287,0.3736263735018315,0.5121667384408788,0.5377107018721136,0.0,3,0.38320368552221257,91
SNE_13378287.jpg,1,,1,0,0,0,0,0,0,0.39999999992,0.5141959671478449,0.01412115400644179,0.19300452174596508,0.5002121167267666,0.22066091232248686,0.2581018517658179,0.6476121950507217,0.5304476776523123,0.0,3,0.3240059618250722,216
SNE_13378288.jpg,1,,1,0,0,0,0,0,0,0.39999999992,0.5054625967401658,0.0,0.20397891155783507,0.22484999211620108,0.11924915703163114,0.3395061727263375,0.6407119506024925,0.4789565867844437,0.0,3,0.24372051767930317,162
SNE_13378289.jpg,1,,1,0,0,0,0,0,0,0.59999999988,0.528829397203194,0.0,0.21568691802502188,0.3166258632166354,0.07864197507693309,0.4548611109594908,0.6220078396231552,0.44281326709038016,0.0,4,0.2028613988291058,144
SNE_13378290.jpg,1,,1,0,0,0,0,0,0,0.39999999992,0.43505815976387907,0.13738289778407176,0.21973749176565868,0.38389388495826415,0.24546414511227943,0.25423728805084744,0.7143420484312233,0.5636008522436546,0.0,3,0.5335509263703049,118
SNE_13378292.jpg,1,,1,0,0,0,0,0,0,0.59999999988,0.6731940384675597,0.08125640859888685,0.20038408509019434,0.3614383405309015,0.2169859012277047,0.29166666656944445,0.742105514301376,0.5431299774922337,0.0,4,0.43813589469936404,144
SNE_13378293.jpg,1,,1,0,0,0,0,0,0,0.59999999988,0.6476757874002872,0.06274074553988605,0.22285590160614957,0.34804371392886313,0.2004984714599204,0.25384615376153846,0.5288900877933733,0.5367008882329979,0.0,4,0.40665926748054704,130
SNE_13378295.jpg,1,,1,0,0,0,0,0,0,0.59999999988,0.6175136346361886,0.0,0.21748396424588964,0.402429132031488,0.0890617368059114,0.4288617884749322,0.6646337645593801,0.46578470980973297,0.0,4,0.25214498336542407,123
SNE_13378297.jpg,1,,1,0,0,0,0,0,0,0.39999999992,0.5406983388705976,0.0,0.22762371608734594,0.34427223243315186,0.11726801452700053,0.31859756086941055,0.478379187702928,0.5302841093443225,0.0,3,0.22139988977245015,164
SNE_13378298.jpg,1,,1,0,0,0,0,0,0,0.39999999992,0.47422268748593166,0.0,0.2081231913467923,0.3251523625259305,0.10656284971284431,0.29664179094589554,0.5616508787668139,0.49470674598918246,0.0,3,0.2659473612929319,134
SNE_13378299.jpg,1,,1,0,0,0,0,0,0,0.19999999996,0.7739984875992063,0.0,0.19882149998554963,0.17677114117453377,0.13144940888522239,0.29232804223059966,0.5051806996926649,0.476717756547574,0.0,2,0.240830526666411,189
SNE_13378300.jpg,1,,1,0,0,0,0,0,0,0.19999999996,0.2841204948744808,0.0,0.20747811468635957,0.3142795132797869,0.10706211699102729,0.3433734938614458,0.5001445107656783,0.45985556944898176,0.0,2,0.22270151709010336,166
SNE_13378301.jpg,1,,1,0,0,0,0,0,0,0.19999999996,0.402055437749391,0.0,0.23376502394687645,0.4989218767621052,0.12172412455736746,0.35470085458262113,0.5697245814011396,0.5336785736131958,0.0,2,0.29656265926721237,117
SNE_13378302.jpg,1,,1,0,0,0,0,0,0,0.39999999992,0.43242188566523065,0.0,0.20128327329776252,0.5004402430166507,0.08943743740633933,0.4148648647265766,0.6022058314215817,0.43369763916564025,0.0,3,0.18825142990544566,185
SNE_13378305.jpg,1,,1,0,0,0,0,0,0,0.19999999996,0.5800976321925915,0.0,0.18815054466108672,0.3607084431897431,0.11595884824360171,0.35755813941569764,0.5286356918829074,0.4504582084692358,0.0,2,0.25811978545887,172
SNE_13378307.jpg,1,,1,0,0,0,0,0,0,0.39999999992,0.9084808392822408,0.4857076434648036,0.19410234809812396,0.2678375540734354,0.4593643249954881,0.234374999921875,0.6200606601489658,0.5774290718215328,0.0,3,1.1257029943758738,128
SNE_13378308.jpg,1,,1,0,0,0,0,0,0,0.39999999992,0.7690147387652775,0.04407914323897463,0.20225754418857328,0.24259660743515502,0.18928933433095652,0.2563291138386076,0.5340176820583626,0.5152156533502139,0.0,3,0.374934543550336,158
SNE_13378309.jpg,1,,1,0,0,0,0,0,0,0.79999999984,0.5317373084223689,0.0,0.21079062059391954,0.2348116644406034,0.1476845635472904,0.30940594049092407,0.6004929869275355,0.529046486695263,0.0,5,0.22606172513847736,202
SNE_13378311.jpg,1,,1,0,0,0,0,0,0,0.39999999992,0.46271295862932027,0.0,0.22342467569569852,0.2763243409853397,0.093187514231381,0.4609374998463542,0.59365681706129,0.5007045618953073,0.0,3,0.22683982683981702,128
SNE_13378313.jpg,1,,1,0,0,0,0,0,0,0.39999999992,0.512821793149544,0.017816697011937128,0.20350063068841234,0.36439185751316805,0.15701144090313823,0.2983333332338889,0.6496321586451084,0.5402668361971877,0.0027298316062774057,3,0.3302883849381098,150
SNE_13378317.jpg,1,,1,0,0,0,0,0,0,0.39999999992,0.5881707973344836,0.0,0.17805715522583765,0.13529086936829657,0.07974684485110983,0.3511235953885768,0.6319312618572723,0.4153907381267583,0.0,3,0.21249116857424863,178
SNE_13378318.jpg,1,,1,0,0,0,0,0,0,0.39999999992,0.5273734124305101,0.21246359917608948,0.19116612857175694,0.30556800986772326,0.3121417404455081,0.2374999999208333,0.5638259181689005,0.554051560283855,0.0,3,0.6611881188118157,140
SNE_13378319.jpg,1,,1,0,0,0,0,0,0,0.39999999992,0.8236631897832538,0.059135160016750524,0.18429077026272947,0.25550524563350746,0.23345696616153142,0.2576142131120981,0.5482580560447188,0.5390743719543712,0.0,3,0.40052977208761104,197
SNE_13378321.jpg,1,,1,0,0,0,0,0,0,0.19999999996,0.39258499709320166,0.0,0.222949634602269,0.30756789481153346,0.09143893701315696,0.36931818169507574,0.5512988765947608,0.46138747454773277,0.0,2,0.21007009248889677,132
SNE_13378322.jpg,1,,1,0,0,0,0,0,0,0.39999999992,0.41465585287529894,0.17115013357404657,0.22479271680427826,0.43893611737226423,0.2500875510802299,0.29166666656944445,0.46187053018933244,0.5600724568339011,0.0,3,0.5909552272470293,102
SNE_13378323.jpg,1,,1,0,0,0,0,0,0,0.39999999992,0.6107522408858853,0.014292430954241521,0.2106111010324529,0.40546944133832286,0.16506093917961484,0.2635135134256757,0.6096334296717065,0.5034068058595093,0.0,3,0.324297132636503,148
SNE_13378324.jpg,1,,1,0,0,0,0,0,0,0.19999999996,0.35618787719657496,0.12514639100112543,0.20817199110944387,0.2938640520243631,0.28516278467539147,0.25510204073129256,0.63527923162336,0.5565655108356218,0.0,2,0.5127488648270596,147
SNE_13378325.jpg,1,,1,0,0,0,0,0,0,0.19999999996,0.41727114629458983,0.0,0.2133204616993275,0.44811316468057416,0.1213364382158625,0.281045751540305,0.5911921676941119,0.47282037731934734,0.0,2,0.2490494296577839,153
SNE_13378327.jpg,1,,1,0,0,0,0,0,0,0.39999999992,0.44257871266548265,0.2447675163702138,0.21987544198989364,0.4584608447145267,0.27288509894870927,0.19852941169852945,0.5997833314921555,0.560434571583781,0.0,3,0.716104778074131,102
SNE_13378328.jpg,1,,1,0,0,0,0,0,0,0.59999999988,0.6494828501116889,0.017109465414477543,0.21659997422283578,0.33147027036359367,0.1254083791405568,0.37083333320972217,0.5746039728252244,0.5196441165542117,0.0,4,0.3290860912217213,120
SNE_13378331.jpg,1,,1,0,0,0,0,0,0,0.79999999984,0.538496788096665,0.0052409677966981935,0.19972077193667795,0.3729414508330223,0.14731900649948654,0.35509554128290866,0.49157004955175565,0.5256211421327865,0.0,5,0.3089096452596279,157
SNE_13378332.jpg,1,,1,0,0,0,0,0,0,0.39999999992,0.5395919531458537,0.325909930343896,0.21754970566451695,0.40284340683060726,0.28489955533276434,0.2959770113955939,0.5753009873460753,0.5778022049946043,0.0,3,0.854046881910533,87
SNE_13378333.jpg,1,,1,0,0,0,0,0,0,0.19999999996,0.4597894565170956,0.19759949102009972,0.19308230384111674,0.4587335470556325,0.3210105658634293,0.23013245025441498,0.6602593546983947,0.5677458804526476,0.0,2,0.635919134931769,151
SNE_13378334.jpg,1,,1,0,0,0,0,0,0,0.59999999988,0.6253399695010887,0.2073749716992384,0.22023522856827454,0.4379430905893811,0.24380688099871006,0.2912371133049828,0.44492150022568666,0.5641924993652759,0.0,4,0.6525374520960803,97
SNE_13378335.jpg,1,,1,0,0,0,0,0,0,0.39999999992,0.5300554360429544,0.29012413634274026,0.197462135098812,0.4517722234198863,0.2856345280526286,0.23786407759061484,0.653582616436237,0.5436277739236434,0.0,3,0.7932110320727825,103
SNE_13378336.jpg,1,,1,0,0,0,0,0,0,0.39999999992,0.3761381043589337,0.1146348963605014,0.18888781776714011,0.41962148452416703,0.18483812479672831,0.27182539673478834,0.5959936336810966,0.5283990690064194,0.0,3,0.4948793239274873,126
SNE_13378337.jpg,1,,1,0,0,0,0,0,0,0.39999999992,0.40725361805485005,0.15163736895929114,0.22389052001049978,0.30199687208157155,0.26510973419085665,0.27455357133705355,0.581815199565983,0.5666307079125233,0.0,3,0.5577835273824323,112
SNE_13378338.jpg,1,,1,0,0,0,0,0,0,0.9999999998,1.0,0.20998186496289942,0.2105658712464156,0.2585899533792158,0.37587128910875517,0.18333333327222223,0.43363631231646116,0.5627044725996613,0.0,6,0.6569691706469108,150
SNE_13378339.jpg,1,,1,0,0,0,0,0,0,0.79999999984,0.6454453792538637,0.24633275272538566,0.21612058841277032,0.29321175309037195,0.2939762853688084,0.25714285705714285,0.5542564484195913,0.5706673581394608,0.0,5,0.7187656798794884,105
SNE_13378341.jpg,1,,1,0,0,0,0,0,0,0.39999999992,0.4450139445742187,0.18335343776906185,0.22675225859843914,0.2573306157740016,0.16322773154226464,0.22058823522058826,0.6210345962139551,0.5513561858908372,0.0,3,0.6117008443907586,68
SNE_13378342.jpg,1,,1,0,0,0,0,0,0,0.39999999992,0.43796340208496987,0.198751366365831,0.2071698735942118,0.27323394970311443,0.3318294123465732,0.22426470580759805,0.5350722816985616,0.5618491449279934,0.0,3,0.637877323020664,136
SNE_13378343.jpg,1,,1,0,0,0,0,0,0,0.19999999996,0.7238546157890613,0.14774328613925922,0.2031117217473891,0.1822483140616385,0.22430563057669295,0.31300812997696476,0.41043192344654456,0.5466679338760098,0.0,2,0.5511635865844839,123
SNE_13378345.jpg,1,,1,0,0,0,0,0,0,0.59999999988,0.7287942572652968,0.10450946300874318,0.20370633097094176,0.3651534114021038,0.25963347637465983,0.28343949035138,0.6148588159533189,0.5611408721250949,0.0,4,0.47766608721937287,157
SNE_13378346.jpg,1,,1,0,0,0,0,0,0,0.19999999996,0.43537113252778353,0.07163680506768903,0.1929690581538615,0.34314697301288777,0.1756899808151959,0.2935606059627525,0.5589237687737584,0.5212161061109833,0.0,2,0.42178256868670816,132
SNE_13378347.jpg,1,,1,0,0,0,0,0,0,0.39999999992,0.30534326576930393,0.24530577766916253,0.21911933315140594,0.3697625731214592,0.17041407342618875,0.2701612902325269,0.6217551903981344,0.5429087813901664,0.0,3,0.7170198222828821,62
SNE_13378348.jpg,1,,1,0,0,0,0,0,0,0.19999999996,0.5043405808001513,0.1935079115253611,0.21402125678645842,0.3288578911350073,0.3296801324819702,0.22023809516468257,0.6889074976641012,0.5686779060326871,0.0,2,0.6289634497866218,126
SNE_13378349.jpg,1,,1,0,0,0,0,0,0,0.39999999992,0.36343387019380713,0.19754401584377906,0.20658567839486003,0.36447160940647355,0.31707767933227665,0.1972656249342448,0.5342851519916246,0.5532077738625641,0.0,3,0.6358248271319684,128
SNE_13378350.jpg,1,,1,0,0,0,0,0,0,0.39999999992,0.5029795311066392,0.24976387457439747,0.20977512001650114,0.35096490101172195,0.26511848016043527,0.2180851063102837,0.5961985002574479,0.5509007249568822,0.0,3,0.7245985870262396,94
SNE_13378352.jpg,1,,1,0,0,0,0,0,0,0.59999999988,0.8343289032236682,0.2790997786093804,0.20446944812859968,0.23999153495369907,0.3216769019410358,0.25423728805084744,0.5308633541715299,0.5681199985535408,0.0,4,0.7744696239150465,118
SNE_13378353.jpg,1,,1,0,0,0,0,0,0,0.39999999992,0.6189722136844396,0.2524296178346312,0.18007433186162813,0.38723893969211226,0.30160963124107876,0.24640287761570745,0.7818914058193467,0.550393478556735,0.0,3,0.7291303505713026,139
SNE_13378354.jpg,1,,1,0,0,0,0,0,0,0.39999999992,0.42935388480293013,0.11594787754824253,0.2109895988338053,0.38036237410433515,0.27518742691654,0.2318840578937198,0.6775585898567622,0.5461659291907829,0.0,3,0.49711139194796017,138
SNE_13378355.jpg,1,,1,0,0,0,0,0,0,0.39999999992,0.4174132626666905,0.15949306542503508,0.2173586021627599,0.4025588166544479,0.26829268288543817,0.24561403500584797,0.571492312906879,0.557691981781557,0.0,3,0.5711382113820527,114
SNE_13378357.jpg,1,,1,0,0,0,0,0,0,0.59999999988,0.89608317647706,0.19923227710816532,0.1958872835999587,0.24953740971832233,0.29134850692688946,0.24236641213295168,0.6109951823454355,0.5550518310651084,0.0,4,0.6386948712831133,131
SNE_13378358.jpg,1,,1,0,0,0,0,0,0,0.39999999992,0.6001458512600348,0.10338590574598461,0.21247029825253919,0.25131010599034065,0.2496954499461051,0.25735294109068624,0.5519920515398643,0.5683994512038036,0.0,3,0.47575603987155973,136
SNE_13378359.jpg,1,,1,0,0,0,0,0,0,0.19999999996,0.455751852329381,0.05882352937714681,0.20464501141688995,0.3158375184566009,0.18813178251288687,0.2959558822542892,0.5428630675311066,0.5328677282742339,0.0,2,0.3999999999999731,136
SNE_13378361.jpg,1,,1,0,0,0,0,0,0,0.59999999988,0.4293479473842934,0.18123431574550894,0.2062218915282988,0.43433727737515676,0.3061830280239669,0.22348484841035351,0.6834001443203717,0.5501022848706596,0.0,4,0.6080983369485995,132
SNE_13378362.jpg,1,,1,0,0,0,0,0,0,0.39999999992,0.7375669325829329,0.6797623226024572,0.1545294838578196,0.2578951980474888,0.27195943632402697,0.22894736834473683,0.5017529641475332,0.5288695203106998,0.0,3,1.4555959491039396,95
SNE_13378363.jpg,1,,1,0,0,0,0,0,0,0.19999999996,0.36186705915339523,0.17523147341080433,0.2238298956740879,0.3775769756565851,0.27381355666673446,0.24056603765566034,0.6039047840119038,0.5599786489719474,0.0,2,0.5978935049735988,106
SNE_13378364.jpg,1,,1,0,0,0,0,0,0,0.59999999988,0.737186353993956,0.19666561800317972,0.2129251508630902,0.41949516282760335,0.3188854488682825,0.2083333332638889,0.6203315492947864,0.5587369482218398,0.0,4,0.6343315508020712,132
SNE_13378365.jpg,1,,1,0,0,0,0,0,0,0.59999999988,0.7482488441998789,0.23097210322644085,0.18075939154535528,0.32080536993457365,0.31095925370642347,0.24503311250110374,0.6942648643194445,0.5574856919319384,0.0,4,0.6926525757159215,151
SNE_13378366.jpg,1,,1,0,0,0,0,0,0,0.59999999988,0.787220025632411,0.015706875118134078,0.2142027583794306,0.3619297927556798,0.15325925183600758,0.34999999988333325,0.4447028387546864,0.5249220910455363,0.0,4,0.3267016877165348,140
SNE_13378367.jpg,1,,1,0,0,0,0,0,0,0.79999999984,0.4950525974849137,0.0,0.20619989025122454,0.5329663891186432,0.12655148410898223,0.3509615383445513,0.5462996114312039,0.47378728201065023,0.0,5,0.20426869189471636,208
SNE_13378368.jpg,1,,1,0,0,0,0,0,0,0.0,0.37703643306585033,0.0,0.18814868516400357,0.34976922247330766,0.13481523845746768,0.34418604639689915,0.5825684159005504,0.5206016225509686,0.0,1,0.24443413729127206,215
SNE_13378369.jpg,1,,1,0,0,0,0,0,0,0.79999999984,0.25290734360204337,0.24213484549938355,0.22483302546581838,0.32214061347408673,0.12805185611665684,0.33854166655381945,0.5559798317778903,0.5709031179784126,0.0,5,0.7116292375910869,48
SNE_13378370.jpg,1,,1,0,0,0,0,0,0,0.19999999996,0.37554438205973867,0.0,0.1923321369809702,0.5209538979534115,0.13193728584558048,0.3404255318014185,0.5638769420995928,0.4839666422029202,0.0,2,0.2564073866815797,188
SNE_13378371.jpg,1,,1,0,0,0,0,0,0,0.59999999988,0.7216825323944555,0.04146344191520879,0.2109642955940322,0.2773853406696774,0.21782188133151462,0.2932098764454732,0.37099960629050843,0.5456450079151856,0.0,4,0.37048785129731837,162
SNE_13378372.jpg,1,,1,0,0,0,0,0,0,0.59999999988,0.8746329996506166,0.006038754537746979,0.20751949837764605,0.2719231114609279,0.13495690940472546,0.30656934296350363,0.6589058650240323,0.48823812368539254,0.0,4,0.3102658827202086,137
SNE_13378373.jpg,1,,1,0,0,0,0,0,0,0.59999999988,0.6942530831014061,0.013610228772490567,0.22063926965662983,0.3042876257433612,0.14223357435169573,0.31538461527948713,0.36683504891373475,0.5321748791117011,0.0,4,0.3231373889268442,130
SNE_13378374.jpg,1,,1,0,0,0,0,0,0,0.39999999992,0.5234328327333573,0.019318822250791276,0.20465262950678692,0.32855568418447517,0.11893799921731812,0.3217391303275362,0.5794687839650587,0.5225024429347885,0.0,3,0.332841997845664,115
SNE_13378375.jpg,1,,1,0,0,0,0,0,0,0.39999999992,0.7795590975186698,0.1265075490633054,0.21560391980216834,0.3951472047557778,0.18973281022321498,0.2056074765669782,0.5615161814143723,0.5415046798465202,0.0,3,0.5150628335341267,107
SNE_13378376.jpg,1,,1,0,0,0,0,0,0,0.39999999992,0.7371382239385778,0.18178734352295572,0.23033683096092122,0.32463540482144226,0.2632693891520808,0.21568627443790847,0.6351539270319255,0.5697032289955918,0.0,3,0.6090384841708121,102
SNE_13378377.jpg,1,,1,0,0,0,0,0,0,0.39999999992,0.7191970947735826,0.0,0.21379649849530982,0.26494186617946247,0.15514697150637458,0.31122448969217686,0.47251102011940826,0.5189183878344255,0.0,3,0.29428510044041817,147
SNE_13378378.jpg,1,,1,0,0,0,0,0,0,0.59999999988,0.489392063073387,0.18797568455611025,0.22283199006680884,0.4153309722441383,0.22978796317554576,0.26966292125842695,0.5603805505288532,0.5507577018618801,0.0,4,0.6195586639333631,89
SNE_13378379.jpg,1,,1,0,0,0,0,0,0,0.59999999988,0.6676558928642238,0.1651406602084569,0.1968525402945624,0.6027940365721003,0.30907279116689124,0.23013245025441498,0.6430123769573444,0.5394719731102178,0.0,4,0.5807391225195174,151
SNE_13378380.jpg,1,,1,0,0,0,0,0,0,0.19999999996,0.3159838486433286,0.0,0.20576749714100304,0.3052971456648158,0.18349035440242312,0.2597222221356481,0.5085941571412198,0.5058000350837729,0.0,2,0.2814914510742096,180
SNE_13378381.jpg,1,,1,0,0,0,0,0,0,0.59999999988,0.6726965054173631,0.033069315474645936,0.1979701110085248,0.09163326059123064,0.18250356421397548,0.3164556960970464,0.456889355670303,0.5368175869980758,0.0,4,0.3562178363399674,158
SNE_13378383.jpg,1,,1,0,0,0,0,0,0,0.39999999992,0.5681758303307708,0.012106094697787744,0.18936080937245836,0.2874545344816788,0.13145849335907595,0.36265432086676946,0.6226842127147436,0.5282886743075151,0.0,3,0.32058036099834525,162
SNE_13378384.jpg,1,,1,0,0,0,0,0,0,0.39999999992,0.6167295369378498,0.0,0.19709860621200528,0.31321789959728596,0.11165646904199776,0.3403954801125236,0.5490746764553406,0.5088407804745615,0.0,3,0.23546839729118807,177
SNE_13378385.jpg,1,,1,0,0,0,0,0,0,0.39999999992,0.49988650631957754,0.0069486467834582915,0.20173512800866616,0.47070296648319726,0.14607376901312355,0.3036912750665548,0.4719176623107386,0.5111239358017751,0.0,3,0.31181269953882773,149
SNE_13378386.jpg,1,,1,0,0,0,0,0,0,0.0,0.5510351532846556,0.04416979026880955,0.187644543918029,0.2245400332035954,0.10199467871344371,0.374999999875,0.48990998247453865,0.49173134934601637,0.03261405420330658,1,0.375088643501146,116
SNE_13378387.jpg,1,,1,0,0,0,0,0,0,0.39999999992,0.7315937462056359,0.07705455058846804,0.20589577286302285,0.32998556703430687,0.23892937271079145,0.26986754957891834,0.6008353839207704,0.5309826537801827,0.0,3,0.4309927360774502,151
SNE_13378389.jpg,1,,1,0,0,0,0,0,0,0.19999999996,0.37430388503640954,0.0,0.1994938231923371,0.4066486171988102,0.11010513236656093,0.31963470308980213,0.6329774551790062,0.49066222224065537,0.0,2,0.186508160614441,219
SNE_13378390.jpg,1,,1,0,0,0,0,0,0,0.0,0.23067975255953585,0.19800353188629313,0.2212802903130261,0.4941131073495595,0.24020669497477282,0.24999999991666666,0.44428625859466064,0.5489874350719736,0.0,1,0.6366060044047018,96
SNE_13378391.jpg,1,,1,0,0,0,0,0,0,0.59999999988,0.7597003922780574,0.0,0.21109833139434836,0.2516361598636878,0.08257641739641022,0.4279141102868098,0.5481605845583203,0.4825547099923992,0.0,4,0.20337273443655782,163
SNE_13378392.jpg,1,,1,0,0,0,0,0,0,0.39999999992,0.6135947406334912,0.05169151064503818,0.1996179166458743,0.3184857993629455,0.1384340077954671,0.3902439023089431,0.5023098824625412,0.5332344140657616,0.0,3,0.3878755681482564,123
SNE_13378393.jpg,1,,1,0,0,0,0,0,0,0.39999999992,0.3500930135078997,0.0,0.20421456232192536,0.5293091217111384,0.114107264013671,0.30902777767476847,0.6680921901134786,0.4704301790514808,0.0,3,0.2684912218946509,144
SNE_13378394.jpg,1,,1,0,0,0,0,0,0,0.39999999992,0.5109124555436799,0.0,0.1879343455659662,0.23394305864484005,0.1373579827909087,0.3235294116568628,0.6685413409970873,0.4906527381310704,0.0,3,0.27311334777252844,170
SNE_13378395.jpg,1,,1,0,0,0,0,0,0,1.0,0.7594280320352765,0.05323032273745214,0.20168857784666813,0.29468810826355174,0.1909894786942299,0.26290322571881725,0.6380299148983067,0.5275422414114288,0.0,7,0.39049154870689895,155
SNE_13378397.jpg,1,,1,0,0,0,0,0,0,0.0,0.17944909878177387,0.0,0.19106158988875102,0.490705938594151,0.0697037773335744,0.4195804194405594,0.6144423119724647,0.4527115717479232,0.0,1,0.21543512889697294,143
SNE_13378398.jpg,1,,1,0,0,0,0,0,0,0.39999999992,0.47073054041586415,0.24665482349887904,0.21184713650565873,0.41133035100156357,0.29025559510019583,0.25934579430607474,0.47340696210903666,0.5552239095375283,0.0,3,0.7193132001947492,107
SNE_13378399.jpg,1,,1,0,0,0,0,0,0,0.19999999996,0.39886522718349293,0.0,0.2133352315781715,0.15106625737974128,0.09930715934674794,0.36249999987916665,0.0,0.546878036850004,0.0,2,0.15066659668275903,220
SNE_13378400.jpg,1,,1,0,0,0,0,0,0,0.39999999992,0.6991344701494293,0.0,0.19080811249313195,0.27350921725684696,0.14607279138015047,0.2754854368013754,0.6879666109224951,0.5039028786451398,0.0,3,0.2525108129902407,206
SNE_13378401.jpg,1,,1,0,0,0,0,0,0,0.39999999992,0.5951956231558528,0.0,0.223182854052759,0.4083476735403957,0.11788109581718541,0.326241134643026,0.6341354774275085,0.47322131517821875,0.0,3,0.24971278893432058,141
SNE_13378404.jpg,1,,1,0,0,0,0,0,0,0.39999999992,0.3450681459388134,0.0,0.23334725966267195,0.3162073562975675,0.11291066687950102,0.3504098359487705,0.538367397771912,0.5332173190615024,0.0,3,0.26559760750746286,122
SNE_13378405.jpg,1,,1,0,0,0,0,0,0,0.79999999984,0.8793491374557539,0.07458470639231932,0.2076140517926537,0.3438629327540508,0.20753528178907693,0.2636054420890023,0.5779966818410256,0.5306545195770719,0.0,5,0.42679400094152753,147
SNE_13378406.jpg,1,,1,0,0,0,0,0,0,0.39999999992,0.5603532071502761,0.0,0.19269478805926674,0.2620104791887972,0.06956643547862844,0.4146341462032521,0.6506182463957284,0.4509486492518128,0.0,3,0.1987938161843763,164
SNE_13378408.jpg,1,,1,0,0,0,0,0,0,0.39999999992,0.2446317537150652,0.19494639722922968,0.21138449023497377,0.39009737974431935,0.27333953146634676,0.25434782600217387,0.5906622196000503,0.5630824192251124,0.0,3,0.6314088754846369,115
SNE_13378409.jpg,1,,1,0,0,0,0,0,0,0.39999999992,0.7767685496796104,0.0,0.20136808319681546,0.24074284082136557,0.14857737813942545,0.2764550263628748,0.5558902430797095,0.538232524718544,0.0,3,0.2555928637889779,189
SNE_13378410.jpg,1,,1,0,0,0,0,0,0,0.19999999996,0.3296060301555379,0.0,0.2078858995772609,0.33973595113716926,0.087188698212386,0.4246794870379274,0.5273957151644781,0.513208669869561,0.0,2,0.20404618371308184,156
SNE_13378412.jpg,1,,1,0,0,0,0,0,0,0.59999999988,0.7746079203200447,0.018452699731090327,0.19080826689014746,0.2648406496515629,0.1626200219716539,0.27232142848065477,0.6655099661901511,0.5285662173608423,0.0,4,0.33136958956130624,168
SNE_13378413.jpg,1,,1,0,0,0,0,0,0,0.19999999996,0.5205758915802051,0.0,0.20475985139601852,0.33390724888557843,0.145137088205699,0.34523809512301584,0.5372646743214573,0.5020779848928961,0.0,2,0.22863732156347255,189
SNE_13378414.jpg,1,,1,0,0,0,0,0,0,0.59999999988,0.6787331893288553,0.20978279528250754,0.19820788845783244,0.4102014336426308,0.27065170726705695,0.21926229500887978,0.5966916596763179,0.5520566766960278,0.0,4,0.6566307521900456,122
SNE_13378415.jpg,1,,1,0,0,0,0,0,0,0.59999999988,0.8482812846842085,0.15502022793379033,0.19697732035576615,0.2827257288363006,0.24498170763735286,0.2052845527771003,0.6974645770873351,0.5381507649571802,0.0,4,0.5635343876424638,123
SNE_13378416.jpg,1,,1,0,0,0,0,0,0,0.59999999988,0.47536800346398916,0.09326579094271542,0.22140031140379776,0.33565482772990707,0.16769566751844908,0.3406593405457875,0.5780661212720416,0.5359650960113204,0.0,4,0.458551844695882,91
SNE_13378448.jpg,1,,0,0,0,0,0,0,1,0.19999999996,0.21262190525913355,0.008281553732953093,0.20453288174903667,0.38327350453259,0.09824049006728111,0.374999999875,0.6961741004447211,0.4815475587790308,0.0,2,0.3140786413543018,106
SNE_13378504.jpg,1,,0,0,0,0,0,1,0,0.0,0.24156690016491356,0.008293858459094437,0.1975522414596309,0.39102403531875063,0.032480892861990476,0.31521739119927533,0.42238218791558346,0.42791565314725377,0.5095653192893287,1,0.3140995593887544,69
SNE_13378532.jpg,1,,0,0,0,0,0,1,0,0.0,0.28272818666819494,0.06337352835429316,0.185393200733299,0.47364424403040234,0.05842476464387309,0.20547945198630138,0.6306677518268853,0.470166542108223,0.0,1,0.4077349982656719,73
SNE_13378573.jpg,1,,0,0,0,0,0,0,1,0.19999999996,0.2049570179144627,0.0,0.22761953191726264,0.5454715722938974,0.04617745681844282,0.31117021266223405,0.5954734300886382,0.4932534058001439,0.0,2,0.21441981226282347,94
SNE_13378606.jpg,1,,0,0,0,0,0,1,0,0.0,0.20925531324909197,0.0,0.19775771572189724,0.35841731111284025,0.017722088938289502,0.47812499984062506,0.5596059671348711,0.39019226771341214,0.1284944063426987,1,0.21210399679186565,80
SNE_13379406.jpg,1,,0,1,0,0,0,0,0,0.39999999992,0.3393730130287684,0.0,0.19122289922123464,0.32324617468843936,0.048409938060402766,0.27734374990755206,0.8275674571888424,0.40872731909005805,0.0,3,0.18019017908029578,128
SNE_13379408.jpg,1,,0,0,0,0,0,1,0,0.39999999992,0.7034662892897738,0.0,0.18767217875787828,0.25929982301837684,0.06441108727822545,0.18303571422470236,0.7883004975153395,0.39496807913199455,0.0,3,0.2429116035263187,112
SNE_13379455.jpg,1,,0,0,0,0,0,1,0,0.39999999992,0.4586826649162229,0.0,0.18662777750158246,0.2783739789632875,0.04073910265504436,0.3928571427261904,0.7211803999383946,0.4195137267804046,0.0,3,0.1639855942376907,133
SNE_13379459.jpg,1,,0,1,0,0,0,0,0,0.39999999992,0.3375318355556732,0.0,0.16877523999080332,0.463799465491693,0.05477655924323148,0.34629629618086416,0.7808961223625002,0.4036438151707505,0.0,3,0.21662232434392864,135
SNE_13379518.jpg,1,,0,0,0,0,0,1,0,0.39999999992,0.42621436326082074,1.0,0.1541631805959252,0.40815692083868943,1.0,0.033132530109437716,0.6802019203745104,0.5551316980737061,0.0,3,7.751485148507177,83
SNE_13380404.jpg,1,,1,0,0,0,0,0,0,0.9999999998,0.6109278253489366,0.0008383400861268995,0.18451341014029224,0.31791330041823185,0.08863607950089518,0.31637168131047194,0.7201168361819602,0.4175709519700672,0.0,6,0.30142517814725406,113
SNE_13380405.jpg,1,,1,0,0,0,0,0,0,0.19999999996,0.37623156145255,0.0,0.20647049612746401,0.4696825860801002,0.08245107474197082,0.3333333332222222,0.7143035146123177,0.4176888952366766,0.0,2,0.292107795957636,96
SNE_13380406.jpg,1,,1,0,0,0,0,0,0,0.0,0.09719019798108361,0.0,0.1901855968647078,0.3875203967025743,0.09729345852490848,0.40225563896365907,0.5211491039744233,0.46912152681785,0.0,1,0.2885842792889146,133
SNE_13380407.jpg,1,,1,0,0,0,0,0,0,0.59999999988,0.5703701320726338,0.0,0.19398802797104953,0.5209333553018186,0.09656306251911219,0.3709150325561002,0.6167051079609288,0.42146657878489613,0.0,4,0.22573831844961553,153
SNE_13380408.jpg,1,,1,0,0,0,0,0,0,0.39999999992,0.5744789529385077,0.0,0.1993481157008122,0.40771098670531575,0.09571593569196317,0.2834821427626488,0.7005143039183093,0.40931064330583034,0.0,3,0.29766458626936293,112
SNE_13380409.jpg,1,,1,0,0,0,0,0,0,0.59999999988,0.6087521277422199,0.0,0.18722815817642602,0.4494561924273261,0.13138100949259432,0.36351351339234234,0.5872322168025319,0.4935129677623469,0.0,4,0.24753373398343548,185
SNE_13380410.jpg,1,,1,0,0,0,0,0,0,0.0,0.3767930612888235,0.0,0.18133335752694596,0.3877728360922822,0.06307006282821946,0.4543795618923358,0.6500116860179006,0.3710562908213849,0.0,1,0.21103979460846561,137
SNE_13380413.jpg,1,,1,0,0,0,0,0,0,0.39999999992,0.34192120669028087,0.0,0.1662321949955883,0.45805532117016334,0.08737101438196175,0.41107382536633114,0.6659939786105682,0.4012091070394582,0.0,3,0.2842860713392979,149
SNE_13380414.jpg,1,,1,0,0,0,0,0,0,0.39999999992,0.528760614511756,0.29638882562618324,0.18719775209019324,0.34772333637626013,0.23863713333020928,0.23546511620058136,0.6702346296101549,0.5288312190296406,0.0,3,0.8038610038609003,86
SNE_13380415.jpg,1,,1,0,0,0,0,0,0,0.59999999988,0.41606426272574537,0.046210451753922285,0.18169929881675748,0.39441527871464177,0.09687313118016447,0.36386138601732665,0.6778403827683597,0.42756526014363455,0.0,4,0.3785577680278783,101
SNE_13380416.jpg,1,,1,0,0,0,0,0,0,0.59999999988,0.48023172580168094,0.0,0.1728157734610865,0.44205816870208225,0.07100364029190853,0.44251336883645276,0.6818216565669188,0.4003716812890842,0.0,4,0.18013717558977516,187
SNE_13380417.jpg,1,,1,0,0,0,0,0,0,0.59999999988,0.5681207023597793,0.07039537122183276,0.18931415668886115,0.30791674127569085,0.11430393516159502,0.25280898867977525,0.6552838771715557,0.41539417376152804,0.0,4,0.41967213114751106,89
SNE_13380418.jpg,1,,1,0,0,0,0,0,0,0.39999999992,0.8394369598466216,0.03153948963470181,0.17899379997508794,0.33386991138618555,0.10406729803308969,0.21271929817470758,0.7008195233810446,0.4146242452072339,0.0,3,0.35361713241053255,114
SNE_13380420.jpg,1,,1,0,0,0,0,0,0,0.59999999988,0.6912760528346811,0.0,0.1729709427756225,0.23153653382611572,0.08941504867719328,0.28779069757848835,0.7013418615325422,0.4060149965450501,0.012416967249051693,4,0.23721951984935705,172
SNE_13380421.jpg,1,,1,0,0,0,0,0,0,0.39999999992,0.5674099229521675,0.0,0.2017524358735672,0.4244293456601296,0.10409173689661523,0.31021897799878345,0.5594718370786654,0.44564617325007455,0.0,3,0.26230220831158657,137
SNE_13380422.jpg,1,,1,0,0,0,0,0,0,0.9999999998,0.7460082974262718,0.07250468969373346,0.18252392901840164,0.2752593381897054,0.1480125760094897,0.2673913042586956,0.7192770614366295,0.4576307319268397,0.0,6,0.42325797255185155,115
SNE_13380423.jpg,1,,1,0,0,0,0,0,0,0.39999999992,0.459801174647675,0.0,0.19142959920128405,0.37548745945248596,0.10259971567089655,0.29824561393567245,0.7036858239858088,0.425800866512218,0.0,3,0.2999586049880834,114
SNE_13380425.jpg,1,,1,0,0,0,0,0,0,0.59999999988,0.7079691157337726,0.1369605130855617,0.17840116973640843,0.4513616367477872,0.14699827401391963,0.1901041666032986,0.7672553625278316,0.437094359213358,0.0,4,0.5328328723824154,96
SNE_13380426.jpg,1,,1,0,0,0,0,0,0,0.79999999984,0.3959927574915838,0.0,0.181447057896041,0.5022163642354088,0.10738583790488576,0.3503401359376417,0.6919242265483762,0.42013676680361717,0.0,5,0.2729265770423879,147
SNE_13380427.jpg,1,,1,0,0,0,0,0,0,0.59999999988,0.7868120078605253,0.0,0.1785080749006714,0.22910181539023947,0.08474905840649992,0.26538461529615387,0.7658900762834641,0.3844704060991634,0.0,4,0.2661232029555752,130
SNE_13380429.jpg,1,,1,0,0,0,0,0,0,0.79999999984,0.7109391013795622,0.21996510455650894,0.18239698183560502,0.3392487349391956,0.26237734161895865,0.2787610618539823,0.6689218885230068,0.53181809479949,0.0,5,0.6739406779660303,113
SNE_13380430.jpg,1,,1,0,0,0,0,0,0,0.19999999996,0.48537504716371016,0.0010366053157290934,0.1941854349107025,0.17510485403095158,0.08553418165255046,0.22772277220132012,0.7496507761067329,0.3894392690932559,0.0,2,0.30176222903777605,101
SNE_13380431.jpg,1,,1,0,0,0,0,0,0,0.59999999988,0.7230098928997846,0.26161853647906874,0.18249819979985651,0.30615610007437205,0.21268002168727276,0.17941176464607844,0.7592323111751829,0.505217097659977,0.0,4,0.7447515122760354,85
SNE_13380432.jpg,1,,1,0,0,0,0,0,0,0.39999999992,0.5891359514726895,0.0,0.18909693509915718,0.43821798981366916,0.08386507496228236,0.2990654204610592,0.6843289952604422,0.39039286976372395,0.0,3,0.2871200736826658,107
SNE_13380433.jpg,1,,1,0,0,0,0,0,0,0.19999999996,0.42455358438662943,0.0,0.20462557885327073,0.2516107172138222,0.08931868985371182,0.41216216202477474,0.6709906712756492,0.40800364514171195,0.0,2,0.2416172611526756,111
SNE_13380434.jpg,1,,1,0,0,0,0,0,0,0.39999999992,0.5613700671757956,0.029655569821632224,0.1859692854925153,0.48391495977144117,0.13957695814779347,0.30158730148677243,0.7040359641736862,0.4080335317161141,0.0,3,0.35041446872643034,126
SNE_13380436.jpg,1,,1,0,0,0,0,0,0,0.19999999996,0.3591623427771553,0.027699459472890924,0.19076723314060992,0.4124017689196695,0.09042245547330427,0.31989247301164875,0.7511886547075319,0.4065022342683245,0.0,2,0.347089081131614,93
SNE_13380437.jpg,1,,1,0,0,0,0,0,0,0.79999999984,0.6693356917037278,0.0,0.18646159208101618,0.4353204791028885,0.08172151091639487,0.31481481470987654,0.7017138405344499,0.3964358608303016,0.0,5,0.29441240427340953,108
SNE_13380438.jpg,1,,1,0,0,0,0,0,0,0.59999999988,0.6776160563883264,0.038319172468057286,0.1867998159072326,0.3907650824880762,0.13119306751794516,0.2644628098292011,0.6830208908282733,0.4157326256139254,0.0,4,0.36514259323401654,121
SNE_13380440.jpg,1,,1,0,0,0,0,0,0,0.39999999992,0.434981024221863,0.3781708485365498,0.19075942326556591,0.43320188575530216,0.23490982696701715,0.21666666659444442,0.7173157731748825,0.5253904440355456,0.0,3,0.9428904428903054,75
SNE_13380441.jpg,1,,1,0,0,0,0,0,0,0.79999999984,0.4985903505125794,0.0,0.203443438839401,0.39866564071304256,0.06743427411410068,0.3644067795395481,0.708115409212248,0.4012298471003187,0.0,5,0.20921780149247152,118
SNE_13380442.jpg,1,,1,0,0,0,0,0,0,0.59999999988,0.5268323335482689,0.21989396604076236,0.2055849406140024,0.561053541280963,0.17011771198864473,0.18661971824765258,0.7262339328305185,0.5175388585477189,0.0,4,0.67381974248919,71
SNE_13380443.jpg,1,,1,0,0,0,0,0,0,0.39999999992,0.47212225178786005,0.00035534659938913276,0.17963459658218284,0.3693375857641359,0.06965368811613949,0.3774999998741666,0.7722452158770902,0.4023354728370721,0.05972738458157199,3,0.30060408921931686,100
SNE_13380444.jpg,1,,1,0,0,0,0,0,0,0.79999999984,0.5629871058730664,0.25422358843931747,0.19306542299655577,0.31207504164399813,0.2024226926907838,0.2911392404092827,0.7442269610511492,0.5314074839181964,0.0,5,0.7321801006010633,79
SNE_13380445.jpg,1,,1,0,0,0,0,0,0,0.39999999992,0.3066490604125236,0.0,0.1821393884760647,0.3706741245387337,0.07964633694806642,0.47301136347869316,0.7073200952681293,0.3945670551973572,0.0,3,0.18161306905808589,176
SNE_13380446.jpg,1,,1,0,0,0,0,0,0,0.59999999988,0.7683613186973464,0.09474974194630759,0.1951398748651275,0.38792991259083476,0.11225431999468463,0.2593749999135416,0.6160935029488306,0.43925726355276756,0.0,4,0.46107456140347264,80
SNE_13380447.jpg,1,,1,0,0,0,0,0,0,0.39999999992,0.4380090164648651,0.09212358138888425,0.19508856499622315,0.4042030671757483,0.12771409756186106,0.3430232556996124,0.545040901377194,0.47680347026771597,0.0,3,0.4566100884532268,86
SNE_13380449.jpg,1,,1,0,0,0,0,0,0,0.19999999996,0.17098943401871428,0.0,0.1901050574385513,0.46139745209442595,0.11221514201508899,0.4382183906585249,0.4619234019374657,0.47046836631774375,0.0,2,0.23803866508261373,174
SNE_13380450.jpg,1,,1,0,0,0,0,0,0,0.39999999992,0.29493512561598845,0.03036843896349773,0.18514443674509282,0.4348335539290027,0.08124752536355495,0.28723404245744677,0.7551702284001357,0.42463997722239577,0.0,3,0.35162634626831457,94
SNE_13380451.jpg,1,,1,0,0,0,0,0,0,0.39999999992,0.5429715159037849,0.0036678432665512035,0.19845769463832044,0.25902795408574225,0.1017520334414199,0.36428571416428573,0.672506921270742,0.4571498396477311,0.0,3,0.3062353335568049,105
SNE_13380453.jpg,1,,1,0,0,0,0,0,0,0.59999999988,0.8364652099257236,0.0,0.20355893910686673,0.3833411808567268,0.07761941878854682,0.4160156248613281,0.6624696811182382,0.3865335669442777,0.06428985645689915,4,0.22257453308069206,128
SNE_13380454.jpg,1,,1,0,0,0,0,0,0,0.59999999988,0.6248364666761481,0.0,0.1990286305313986,0.4554964799405694,0.09904120330659766,0.3537037035858024,0.6277410375380674,0.40727084073743025,0.0,4,0.25291380267257596,135
SNE_13380457.jpg,1,,1,0,0,0,0,0,0,0.59999999988,0.7255387966063817,0.0,0.1682714586120158,0.18067515964680042,0.11543564793407311,0.3596491226871345,0.5329550938970217,0.4227666806725289,0.0,4,0.29236227824462024,171
SNE_13380458.jpg,1,,1,0,0,0,0,0,0,0.39999999992,0.5813594031757676,0.0447772776393295,0.2030068697624249,0.3057203769108108,0.11574781278962445,0.3762886596683849,0.6741934861226089,0.5094069130134299,0.0,3,0.3761213720316374,97
SNE_13380459.jpg,1,,1,0,0,0,0,0,0,0.59999999988,0.5871919335158066,0.0,0.17425301401981003,0.37490839795860137,0.10542398635637776,0.4152046782241715,0.6653473781313244,0.437929081029636,0.0,4,0.2558392750517981,171
SNE_13380460.jpg,1,,1,0,0,0,0,0,0,0.59999999988,0.8704977853607005,0.1796319061933146,0.19656072589286125,0.3524860632597458,0.2535234926222145,0.23230088487831854,0.6694627588620485,0.5411142753797183,0.0,4,0.6053742407082667,113
SNE_13380461.jpg,1,,1,0,0,0,0,0,0,0.59999999988,0.7836491004806754,0.04711853019256421,0.1724820119818319,0.32816444789390775,0.1212674316244365,0.3079999998973333,0.6729534974703857,0.4349762405821154,0.0,4,0.3801015013744777,125
SNE_13380462.jpg,1,,1,0,0,0,0,0,0,0.39999999992,0.3385118249216448,0.0,0.19449358667848654,0.2962394834414798,0.08910823456390893,0.3780120480667671,0.5844928773320408,0.4423460038306716,0.0,3,0.20476963011031132,166
SNE_13380463.jpg,1,,1,0,0,0,0,0,0,0.0,0.18041066839414666,0.0,0.18783465202741126,0.46246701823118896,0.09000462093259386,0.40909090895454536,0.5809894569808318,0.45145579484436754,0.0,1,0.28570148718866306,121
SNE_13380466.jpg,1,,1,0,0,0,0,0,0,0.19999999996,0.6315463658962177,0.14582826923846898,0.15703070172237538,0.19330378392281483,0.1077642453170756,0.3622881354724576,0.7295807073745137,0.4185470820464802,0.0,2,0.5479080578512255,236
SNE_13380467.jpg,1,,1,0,0,0,0,0,0,0.39999999992,0.4132757498118518,0.003059775849769979,0.19416183651865673,0.30199283095879537,0.10121578867437239,0.4166666665277778,0.6204532872297925,0.4821057988997549,0.0,3,0.30520161894766873,117
SNE_13380468.jpg,1,,1,0,0,0,0,0,0,0.59999999988,0.7192914557404806,0.046853318322301545,0.17249482794890741,0.3074870349452664,0.12096458359295614,0.26199999991266665,0.7119593692421737,0.42021992192655305,0.0,4,0.37965064119476594,125
SNE_13380470.jpg,1,,1,0,0,0,0,0,0,0.19999999996,0.2386628278554931,0.0,0.1886963700160073,0.3167455973394316,0.07310154482517188,0.4115853657164634,0.7127719918373584,0.3992432881052921,0.0,2,0.17214857975236209,164
SNE_13380471.jpg,1,,1,0,0,0,0,0,0,0.79999999984,0.9828449095502442,0.2984457995489628,0.17269625447817136,0.28531811954373865,0.23194273304906898,0.21649484528865975,0.6637252652428665,0.5185579393070867,0.0,5,0.8073578595316825,97
SNE_13380472.jpg,1,,1,0,0,0,0,0,0,0.79999999984,0.5439266154231699,0.015509638713497314,0.18994694661757988,0.368433266602042,0.08949301314502142,0.2624999999125,0.6649322649115151,0.4283978802072724,0.0,5,0.32636638582845506,100
SNE_13380473.jpg,1,,1,0,0,0,0,0,0,0.19999999996,0.356314388244402,0.08785940676413889,0.17833217107738164,0.2016682791126611,0.08933273391698868,0.3035714284702381,0.6267754984765264,0.46907774195603985,0.0,2,0.4493609915868955,84
SNE_13380474.jpg,1,,1,0,0,0,0,0,0,0.59999999988,0.5361784745224667,0.0,0.17813067607962424,0.2932456720917135,0.07428202435649928,0.3259999998913333,0.7195845398897678,0.38831993838772905,0.0,4,0.2708437825533288,125
SNE_13380475.jpg,1,,1,0,0,0,0,0,0,0.39999999992,0.38685918273008973,0.0,0.1966686991746449,0.3774143219786992,0.08531970525630311,0.29816513751529056,0.7286568180280266,0.40399213599183714,0.0,3,0.2791804934352773,109
SNE_13380476.jpg,1,,1,0,0,0,0,0,0,0.79999999984,0.7699864686133997,0.0,0.19261326846252597,0.41817553888232595,0.09346642467489816,0.3245341613825052,0.6243165253022744,0.38933093746766145,0.0,5,0.2152413793103374,161
SNE_13380477.jpg,1,,1,0,0,0,0,0,0,0.0,0.31770481117277327,0.32536473057657694,0.1867489010891784,0.362938713778013,0.20134153465454813,0.24657534238356166,0.7031873690479633,0.5203008829302732,0.0,1,0.8531200423055455,73
SNE_13380478.jpg,1,,1,0,0,0,0,0,0,0.59999999988,0.8625783339189794,0.16887132411049358,0.19117641087908477,0.26384855175832156,0.2517802000489777,0.22599999992466663,0.7413447861365035,0.5340918262585075,0.0,4,0.5870812511567104,125
SNE_13380479.jpg,1,,1,0,0,0,0,0,0,0.59999999988,0.5786514221695575,0.039851897617678156,0.1879396979475357,0.388797452156891,0.1255534426642098,0.33799999988733326,0.6331000951230736,0.46511515627238553,0.0,4,0.36774822598990475,125
SNE_13380481.jpg,1,,1,0,0,0,0,0,0,0.19999999996,0.3229141983002005,0.0,0.1844682404015284,0.41720750580727606,0.09126228492967091,0.2999999999,0.6907497238581879,0.4313870086923007,0.0,2,0.29709286430327636,120
SNE_13380484.jpg,1,,1,0,0,0,0,0,0,0.79999999984,0.6938941960309268,0.08767456137534294,0.15780297100920085,0.39560611623767206,0.14446806984190835,0.3333333332222222,0.6821562620794189,0.4422869741007861,0.0,5,0.44904675442575753,132
SNE_13380485.jpg,1,,1,0,0,0,0,0,0,0.59999999988,0.5973490496881999,0.0,0.1828211772591357,0.4939786374907612,0.1167067569980133,0.2996987950808233,0.5731172564666334,0.41774903785161843,0.0,4,0.2624723805093514,166
SNE_13380487.jpg,1,,1,0,0,0,0,0,0,0.19999999996,0.5035537308747698,0.0,0.18440073798033244,0.36809523596978777,0.07798602286442576,0.39999999986666673,0.6355147880767542,0.4057161910305182,0.0,2,0.24793519695043487,125
SNE_13380489.jpg,1,,1,0,0,0,0,0,0,0.0,0.19502097351357672,0.04073025120364112,0.1866585751624964,0.07684131222930549,0.14182755119767657,0.3417968748860677,0.567849028430736,0.4287026252927713,0.0,1,0.36924142708692015,128
SNE_13380490.jpg,1,,1,0,0,0,0,0,0,0.39999999992,0.631600395768196,0.10656078699401575,0.19489798716859585,0.37451141702924906,0.15188998374109577,0.3324999998891667,0.5790789383532593,0.46341993111678353,0.0,3,0.48115333799638754,100
SNE_13380493.jpg,1,,1,0,0,0,0,0,0,0.59999999988,0.5450772689660677,0.014349335334102526,0.20485642290309836,0.39355626898280643,0.08580921653530635,0.3179347825027174,0.6762929601825074,0.4329087183155781,0.0,4,0.3243938700823236,92
SNE_13380494.jpg,1,,1,0,0,0,0,0,0,0.59999999988,0.2853642132468042,0.0,0.19613272411051208,0.4945755813568345,0.08628064144487282,0.3415697673280039,0.6137053079795856,0.4080956641043301,0.0,4,0.18343358703657675,172
SNE_13380496.jpg,1,,1,0,0,0,0,0,0,0.79999999984,0.8163055568296823,0.31392435251780904,0.19719604437741284,0.23688943147820696,0.2676417208817519,0.22916666659027776,0.7300312607832864,0.534554313293302,0.0,5,0.8336713995941997,84
SNE_13380497.jpg,1,,1,0,0,0,0,0,0,0.39999999992,0.5024422088785497,0.0,0.19382296480294403,0.4096562193313904,0.12188119857189395,0.3450704224201878,0.6368069151428488,0.4626546372795967,0.0,3,0.2865081959557144,142
SNE_13380499.jpg,1,,1,0,0,0,0,0,0,0.39999999992,0.6104804152840543,0.21390208433525876,0.1831574540340107,0.41344360010838965,0.29022742976605204,0.2083333332638889,0.6411086263507321,0.5265411988229762,0.0,3,0.663633543583842,126
SNE_13380500.jpg,1,,1,0,0,0,0,0,0,0.39999999992,0.3358179789965375,0.0,0.18340567192263094,0.14515542330567413,0.12224502094014335,0.3423076921935897,0.6388302914045404,0.43037149348079695,0.0,3,0.22726962922572835,195
SNE_13380503.jpg,1,,1,0,0,0,0,0,0,0.79999999984,0.5368217031115478,0.0876682530903743,0.2006560430516918,0.2995268135342668,0.12411005387857034,0.2882352940215686,0.6524757579562848,0.5013799474626632,0.0,5,0.44903603034130457,85
SNE_13380504.jpg,1,,1,0,0,0,0,0,0,0.59999999988,0.6919304229557819,0.0,0.1892501177281768,0.36240540010829825,0.0803534521833687,0.38375796165552023,0.5629332693932327,0.39810003217053685,0.0,4,0.20451911935109424,157
SNE_13380505.jpg,1,,1,0,0,0,0,0,0,0.39999999992,0.5373416309300172,0.09465328734882428,0.19279753087042048,0.40561564848073095,0.17202021075720678,0.24999999991666666,0.6228596155393217,0.4740610764770563,0.0,3,0.46091058858765455,114
SNE_13380507.jpg,1,,1,0,0,0,0,0,0,0.39999999992,0.5582862437335473,0.23848609197093057,0.1937881542526622,0.3599150965964667,0.23414873546738746,0.23711340198281783,0.7571059711145687,0.5319278823051059,0.0,3,0.705426356589068,97
SNE_13380508.jpg,1,,1,0,0,0,0,0,0,0.39999999992,0.5422582662436588,0.24876868361508842,0.1794709764787374,0.4103006388163345,0.23077315872925414,0.2702702701801801,0.6362766076815436,0.5464358368892823,0.0,3,0.722906762394419,111
SNE_13380509.jpg,1,,1,0,0,0,0,0,0,0.59999999988,0.6766505882641763,0.00393711531025165,0.17532061919844658,0.37504492337667417,0.15824101182022424,0.2749999999083333,0.5873517199418173,0.431113417250116,0.0,4,0.3066930960313649,190
SNE_13380511.jpg,1,,1,0,0,0,0,0,0,0.39999999992,0.3856285282434577,0.0,0.1972041088286751,0.5385140652992839,0.07339636654044944,0.3740458014020357,0.6387505923868775,0.3871320661443049,0.0,3,0.2107187248665566,131
SNE_13380512.jpg,1,,1,0,0,0,0,0,0,0.59999999988,0.592065192183316,0.2932890440995205,0.18682093421615284,0.3358526285355038,0.2432706627130234,0.28296703287271063,0.7497758566822688,0.5301405602258397,0.0,4,0.7985913752624739,91
SNE_13380513.jpg,1,,1,0,0,0,0,0,0,0.39999999992,0.41305938326045266,0.07771404899038169,0.1990960261113517,0.4601845275207286,0.13064844874871764,0.27197802188736264,0.7043925412332979,0.46687851311842393,0.0,3,0.4321138833613629,91
SNE_13380514.jpg,1,,1,0,0,0,0,0,0,0.19999999996,0.3929446546916847,0.21826999645820055,0.20212800823665408,0.39280216620320363,0.21141708232024747,0.27710843364257026,0.7236959489409289,0.5372673892858163,0.0,2,0.6710589941972109,83
SNE_13380516.jpg,1,,1,0,0,0,0,0,0,0.39999999992,0.3020398454866726,0.21635571252305977,0.19899736002597884,0.32212392746492613,0.19893622752718543,0.22321428563988097,0.7178443989240203,0.5352124799757423,0.0,3,0.6678047115055573,84
SNE_13380517.jpg,1,,1,0,0,0,0,0,0,0.39999999992,0.5179843009417506,0.04256777213935454,0.17396006881059745,0.38012543955656736,0.0671476849722785,0.23809523801587298,0.7128144125547912,0.409723456177051,0.0,3,0.3723652126794705,84
SNE_13380518.jpg,1,,1,0,0,0,0,0,0,0.39999999992,0.2617154874001345,0.06374135584984658,0.1665238823743766,0.28028970908301076,0.07873804318967269,0.3131868130824176,0.7017527106495859,0.4100989000328634,0.0,3,0.40836030500848053,91
SNE_13380519.jpg,1,,1,0,0,0,0,0,0,0.39999999992,0.8201296719785229,0.05219274204244105,0.17163412283088086,0.3589784655109633,0.1416451622275576,0.24137931026436776,0.6166273232503372,0.4252070237082721,0.0,3,0.3887276615243425,145
SNE_13380520.jpg,1,,1,0,0,0,0,0,0,0.39999999992,0.349679448381953,0.07617251487881915,0.1846426797098271,0.3805456130274899,0.11360727588501707,0.2634408601272401,0.7199841517974561,0.4371909087210359,0.0,3,0.4294932753701651,93
SNE_13380521.jpg,1,,1,0,0,0,0,0,0,0.39999999992,0.27354388412070796,0.07748074624308292,0.17739099212524562,0.3948706146629576,0.12105957921166662,0.2999999999,0.5924279376438015,0.4097138577931384,0.0,3,0.4317172686907217,110
SNE_13380522.jpg,1,,1,0,0,0,0,0,0,0.19999999996,0.2806100007013599,0.05462590047270224,0.1953057084306665,0.42909673174659413,0.10132128777778975,0.28571428561904766,0.7437427595681816,0.4971393920384444,0.0,2,0.3928640308582197,91
SNE_13380523.jpg,1,,1,0,0,0,0,0,0,0.59999999988,0.4893753563107627,0.0,0.19380222645877845,0.431244472771668,0.08563453809167168,0.2757009344875389,0.6308563006082182,0.42599666571486583,0.0,4,0.2970292167935037,107
SNE_13380524.jpg,1,,1,0,0,0,0,0,0,0.39999999992,0.5314671678212604,0.24615741662101404,0.2065093648109107,0.28396040054863936,0.20191850374369696,0.2631578946491228,0.6796218899572269,0.5401148642701796,0.0,3,0.7184676085018813,76
SNE_13380525.jpg,1,,1,0,0,0,0,0,0,0.0,0.23750145872408768,0.35619986610055543,0.18910299827183236,0.3493162875925511,0.18286483249762173,0.27777777768518513,0.6456424772782925,0.5356186138638882,0.0,1,0.905539772727144,63
SNE_13380526.jpg,1,,1,0,0,0,0,0,0,0.39999999992,0.3550457258125222,0.05279892892884667,0.19218198980850096,0.3434754632353184,0.11581942051462224,0.23484848477020204,0.609088102248911,0.4609053196986803,0.0,3,0.38975817923183825,99
SNE_13380527.jpg,1,,1,0,0,0,0,0,0,0.39999999992,0.4767651525464697,0.08902341850231475,0.19448726366509325,0.14649323689327218,0.1643419502617681,0.374999999875,0.5509935131211318,0.5220985402558124,0.0,3,0.4513398115429585,112
SNE_13380528.jpg,1,,1,0,0,0,0,0,0,0.19999999996,0.37088612088215034,0.14225375498831233,0.1828423198091284,0.2213610813307551,0.18515530453423307,0.3124999998958333,0.5986832127595811,0.5216221403738261,0.0,2,0.5418313836223847,112
SNE_13380529.jpg,1,,1,0,0,0,0,0,0,0.19999999996,0.3104767148909654,0.07628172305903737,0.2064432447749018,0.46045401765601646,0.1186625966500794,0.2808988763108614,0.7234757437750987,0.4888709153074182,0.0,2,0.42967892927664525,89
SNE_13380530.jpg,1,,1,0,0,0,0,0,0,0.59999999988,0.603342129672615,0.02299962633427631,0.1981214578960633,0.39976925141226594,0.09512608653033351,0.3308080806978114,0.6619574203871135,0.4100303246282573,0.0,4,0.33909936479126934,99
SNE_13380531.jpg,1,,1,0,0,0,0,0,0,0.59999999988,0.4576446325404001,0.010324212925706972,0.20879187833714938,0.4690022630378987,0.07972324149672227,0.4281609193975095,0.6745612060306834,0.41734589476017386,0.0,4,0.31755116198402605,87
SNE_13380532.jpg,1,,1,0,0,0,0,0,0,0.19999999996,0.38753426829524507,0.28862097222531613,0.2006370767486595,0.1630533530462243,0.19531016489506614,0.2294520547180365,0.6198136157976216,0.5223301863570655,0.0,2,0.7906556530716584,73
SNE_13380533.jpg,1,,1,0,0,0,0,0,0,0.39999999992,0.550033928411301,0.0,0.17199027237558118,0.37846437296474955,0.12269367595461841,0.3696969695737373,0.564980183815486,0.418185570747335,0.0,3,0.26996689009124325,165
SNE_13380535.jpg,1,,1,0,0,0,0,0,0,0.0,0.174498164380615,0.0,0.2052206312249579,0.459420094131505,0.11669887006871126,0.2945736433126615,0.6466122957715894,0.4746654118246091,0.0,1,0.2896049481244867,129
SNE_13380536.jpg,1,,1,0,0,0,0,0,0,0.39999999992,0.4366982604538076,0.0,0.20338537752414734,0.313778385690867,0.06574360329492182,0.4062499998645833,0.6071744069918642,0.41038003060110195,0.0,3,0.2076320425834911,120
SNE_13380537.jpg,1,,1,0,0,0,0,0,0,0.19999999996,0.37753760839684125,0.0,0.18663063334313415,0.378314022962816,0.07271760806721574,0.3759398494987468,0.7515022800697855,0.44766677571406344,0.0,2,0.22612993338585252,133
SNE_13380538.jpg,1,,1,0,0,0,0,0,0,0.59999999988,0.5823321539285375,0.0,0.18509267205345675,0.2931178752881386,0.08395556364133987,0.38461538448717947,0.7067567868445883,0.41190558038469455,0.0,4,0.2713601277614998,117
SNE_13380539.jpg,1,,1,0,0,0,0,0,0,0.39999999992,0.7237061729669929,0.3457829197207278,0.18501557840835905,0.30109002613232266,0.23911774998482976,0.244117646977451,0.6916870572132628,0.523746926314722,0.0,3,0.8878309638710202,85
SNE_13380541.jpg,1,,1,0,0,0,0,0,0,0.59999999988,0.8647042128985869,0.0,0.18564450353252812,0.30776866277085524,0.10678559186725506,0.328124999890625,0.6903381284201029,0.4314521065401237,0.0,4,0.24352567014992263,160
SNE_13380542.jpg,1,,1,0,0,0,0,0,0,0.39999999992,0.50612861186569,0.0,0.18942395633303163,0.3972005161770214,0.058603766269765656,0.3556034481573276,0.6878169402801175,0.39165936905462934,0.0,3,0.23138869657106614,116
SNE_13380543.jpg,1,,1,0,0,0,0,0,0,0.39999999992,0.36678806171965206,0.0,0.20081055177232368,0.2835468396599625,0.08639432096466612,0.3434782607550725,0.7419227187097039,0.4240326640781372,0.0,3,0.2553748621830092,115
SNE_13380544.jpg,1,,1,0,0,0,0,0,0,0.59999999988,0.48196733213057413,0.3812316713299164,0.18784140177354022,0.3765539598720578,0.24062355296810947,0.18092105257127197,0.6601320485839032,0.5125191927782854,0.0,4,0.9480938416420897,76
SNE_13380545.jpg,1,,1,0,0,0,0,0,0,0.9999999998,0.6305962700336747,0.0,0.18186146234033837,0.4090121133372252,0.07679718095197896,0.40806451599301075,0.7417082821953491,0.40123404477358077,0.0,6,0.21062985879739138,155
SNE_13380547.jpg,1,,1,0,0,0,0,0,0,0.19999999996,0.40455966367647156,0.0,0.16469839785972412,0.4339121879234511,0.0789620990496614,0.339552238692786,0.6535708904865618,0.40820029831937804,0.0,2,0.2975333059670748,134
SNE_13380549.jpg,1,,1,0,0,0,0,0,0,0.59999999988,0.7104346176052191,0.2707183882061473,0.18985923303110686,0.3124718208525351,0.210019999456573,0.28012048183433735,0.6639521539725228,0.5407179962492931,0.0,4,0.7602212602211688,83
SNE_13380552.jpg,1,,1,0,0,0,0,0,0,0.59999999988,0.6728702313719412,0.11530634660594931,0.18517929418068904,0.3555555603373264,0.19954181374208274,0.2690677965204802,0.7572501828246156,0.49628782356301626,0.0,4,0.49602078934542015,118
SNE_13380553.jpg,1,,1,0,0,0,0,0,0,0.19999999996,0.647430784386117,0.24089143551862688,0.19769099726090278,0.32799613884482703,0.18852491506446567,0.18835616432077623,0.7765192679055184,0.5165833558433282,0.0,2,0.7095154406225571,73
SNE_13380554.jpg,1,,1,0,0,0,0,0,0,0.79999999984,0.6752270886455726,0.0620006834210729,0.1692460715239484,0.42017855774505575,0.10988808178832865,0.3305084744661017,0.680677301089618,0.4391559282422536,0.0,5,0.4054011618778246,118
SNE_13380866.jpg,1,,0,0,0,0,0,0,1,0.19999999996,0.22680296730409572,0.0027870301118749752,0.1255554181614154,0.41522454135667075,0.013555914118226991,0.25675675667117115,0.8600982615463207,0.35688591321800855,0.19798789757087903,2,0.3047379511929745,74
SNE_13380867.jpg,1,,0,0,0,0,0,1,0,0.39999999992,0.24689494453684036,0.0,0.1408283851371635,0.4006332849147264,0.018790116476867937,0.3369565216268115,0.8278943323106907,0.31977232838098274,0.40061753354960244,3,0.2280370523334643,92
SNE_13380869.jpg,1,,0,0,0,0,0,0,1,0.39999999992,0.38082843847108727,0.0,0.13092046914408925,0.3592424211301474,0.02910857817179097,0.19166666660277776,0.859497909413274,0.3329296205008533,0.30330744490613243,3,0.2930457290767802,90
SNE_13380871.jpg,1,,0,0,0,0,0,0,1,0.19999999996,0.21155292079755766,0.0,0.14308545603183193,0.14915433827931734,0.0123307580025304,0.30232558129457365,0.81019515392078,0.3434470518236799,0.8369443216573726,2,0.22507032550662426,86
SNE_13380873.jpg,1,,0,0,0,0,0,1,0,0.19999999996,0.37889925566679383,0.11767093000232395,0.16997711959039488,0.31659303829800334,0.047753300944465824,0.06382978721276594,0.8054286888005128,0.3850115169420936,0.0,2,0.5000405811216216,47
SNE_13380874.jpg,1,,0,1,0,0,0,0,0,0.39999999992,0.45674405347519553,0.0,0.13892963956404322,0.42719683425672106,0.03559323401892457,0.47712418284749447,0.7106995658625038,0.3501248115791708,0.18400712626522284,3,0.18217674255537872,153
SNE_13380883.jpg,1,,0,0,0,0,0,1,0,0.39999999992,0.42160588002437976,0.0338129764159244,0.15258003924925612,0.338940531829536,0.03762413631647989,0.11923076919102565,0.7665596210594826,0.36112695983695886,0.0,3,0.35748205994088444,65
SNE_13380884.jpg,1,,0,1,0,0,0,0,0,0.0,0.33452301381711913,0.0,0.17474950680768875,0.23195072808457817,0.0646315007663226,0.38257575744823236,0.742286245976212,0.38653046621115994,0.04405810741422019,1,0.20355804611281086,132
SNE_13380885.jpg,1,,0,1,0,0,0,0,0,0.19999999996,0.2604433229945266,0.0,0.14574216882489477,0.4646218633768208,0.06361098618971286,0.3594890509750608,0.7029771105709773,0.3603625968981013,0.17536675568208154,2,0.24910527164274546,137
SNE_13380894.jpg,1,,0,1,0,0,0,0,0,0.39999999992,0.23669225817478068,0.1514213339947769,0.14474791541135254,0.48873856694814155,0.11066167210777089,0.19879518065662652,0.6896161994017469,0.3910819777516538,0.0,3,0.5574162679425421,83
SNE_13380895.jpg,1,,0,1,0,0,0,0,0,0.19999999996,0.21975744177556794,0.0,0.16287227493347373,0.43938588939633483,0.021261296231777423,0.24626865663432837,0.7135173372437895,0.3743014241196962,0.193171560504988,2,0.27031557772095594,67
SNE_13380897.jpg,1,,0,1,0,0,0,0,0,0.39999999992,0.39594135644685646,0.05670147301683549,0.14988756651738258,0.44124741795183675,0.03548090942888147,0.2419354837903226,0.7572233334960644,0.37290770708681137,0.0,3,0.3963925041853218,62
SNE_13380904.jpg,1,,0,1,0,0,0,0,0,0.39999999992,0.23551828257053303,0.02454679606478168,0.16059125037649905,0.5795519922957182,0.03995405605013335,0.23913043470289858,0.7639129279662012,0.38379997372501323,0.0,3,0.34172955333467564,69
SNE_13380910.jpg,1,,0,1,0,0,0,0,0,0.19999999996,0.23739371739656526,0.12211718938117884,0.15305769039976844,0.29803931575780884,0.08005625963189825,0.2928571427595238,0.4449441195950604,0.4359704579898105,0.0,2,0.5075992220701212,70
SNE_13380912.jpg,1,,0,1,0,0,0,0,0,0.19999999996,0.18125245862568462,0.0,0.2005131883278461,0.37250576059391927,0.02824803672627638,0.28767123278082185,0.7981839220159737,0.38590513234350865,0.0,2,0.19834119232063832,73
SNE_13380917.jpg,1,,0,1,0,0,0,0,0,0.0,0.23003976136737073,0.024427670120595525,0.15902228268006696,0.36086201456680345,0.05165995151764921,0.2721518986434599,0.7120489816073032,0.3639608134296664,0.0,1,0.34152703922944005,79
SNE_13380918.jpg,1,,0,0,0,0,0,1,0,0.39999999992,0.3292894792707409,0.004545825731590037,0.17001877904823728,0.35559403347485485,0.03396467413565946,0.22656249992447916,0.761883341552215,0.34868058548067693,0.21715254993509778,3,0.3077279037482489,64
SNE_13380919.jpg,1,,0,0,0,0,0,1,0,0.0,0.17444286054619645,0.007495400020025736,0.1843849326284766,0.47865218326228365,0.050816798827137875,0.26071428562738097,0.7148475760352668,0.3646787354240017,0.015697946291129326,1,0.31274218004153914,70
SNE_13380923.jpg,1,,0,1,0,0,0,0,0,0.19999999996,0.2571367704570024,0.0,0.15902728727919796,0.44342459449330973,0.03780414034374958,0.34444444432962956,0.8051440107052587,0.376366978305269,0.0,2,0.2421245561113352,90
SNE_13380924.jpg,1,,0,1,0,0,0,0,0,0.0,0.09532729491349334,0.16786903430744174,0.14485733492341044,0.4657397261419889,0.0963257199460327,0.35763888876967587,0.7924779272862913,0.40325776966731863,0.0,1,0.58537735849052,72
SNE_13380926.jpg,1,,0,1,0,0,0,0,0,0.19999999996,0.26783998618858706,0.0,0.15897597068084074,0.4663642694480954,0.031760005673340884,0.3096590908058712,0.8376602402830307,0.3608342925725744,0.16558920129540922,2,0.25115702780509996,88
SNE_13380928.jpg,1,,0,0,0,0,0,0,1,0.0,0.07627596832516534,0.0,0.15605759159005766,0.486734561473107,0.024550000100594382,0.23986486478490987,0.8119485896673471,0.3330998735435474,0.15792477297260415,1,0.25738179223969493,74
SNE_13380930.jpg,1,,0,0,0,0,0,0,1,0.0,0.10591469417766669,0.0,0.16563786286336948,0.4474014284519421,0.02875435313873813,0.27777777768518513,0.7968054777373046,0.34999500574216563,0.8272790797513989,1,0.23859340994997372,81
SNE_13380933.jpg,1,,0,1,0,0,0,0,0,0.19999999996,0.2534895078626004,0.0,0.16627552545577565,0.39778016562075974,0.04212960547626086,0.3325688072285933,0.8333418449806286,0.3519287176270413,0.13683514848936673,2,0.19999999999999338,109
SNE_13380934.jpg,1,,0,0,0,0,0,0,1,0.19999999996,0.2195377996470242,0.0,0.14446866934811575,0.44541296919051465,0.019583843327058585,0.33262711853319205,0.8631347694519782,0.32552466931094554,0.6446511541953325,2,0.16948837209301934,118
SNE_13380937.jpg,1,,0,0,0,0,0,0,1,0.0,0.10906037000867444,0.3010427443902318,0.17663789882949882,0.34804739650779165,0.15034541696166878,0.32894736831140353,0.8226229730256085,0.5269859269259629,0.0,1,0.8117726657644367,57
SNE_13380940.jpg,1,,0,0,0,0,0,0,1,0.19999999996,0.41202398044558725,0.0,0.17312410128484848,0.3807775451546551,0.02940105057087051,0.3262711863319209,0.8636649900001171,0.3438122767798392,0.828703252366179,2,0.1558091615152915,118
SNE_13380947.jpg,1,,0,0,0,0,0,0,1,0.19999999996,0.3591164277270244,0.26475899119806096,0.17344598458915225,0.5136224562953972,0.1627859826223346,0.2941176469607843,0.7797066701614553,0.5037213718776306,0.0,2,0.7500902853014626,68
SNE_13380948.jpg,1,,0,0,0,0,0,0,1,0.19999999996,0.14154059535846814,0.0,0.1723843309722413,0.43959396841869414,0.006409048538458299,0.1329787233599291,0.8247413734548741,0.36171803393081126,0.20701385629433144,2,0.28550288796599904,47
SNE_13380949.jpg,1,,0,1,0,0,0,0,0,0.39999999992,0.3315833233201163,0.0,0.17522382971114644,0.40018566250848037,0.06540239168534852,0.3553921567442811,0.7553536365065087,0.37171310435884947,0.0,3,0.2580361461677034,102
SNE_13380952.jpg,1,,0,0,0,0,0,0,1,0.19999999996,0.378091862934193,0.06140611357956841,0.18978146714651084,0.39689762805805656,0.1265106317712507,0.23876404486423217,0.7233295642258697,0.4114790536843354,0.0,2,0.4043903931466724,89
SNE_13380953.jpg,1,,0,0,0,0,0,0,1,0.19999999996,0.2050459609478596,0.0,0.17193192090725365,0.4238330576221291,0.031651799203994295,0.3160919539176245,0.7571049481091228,0.37473045939386596,0.0,2,0.21837726402590862,87
SNE_13380954.jpg,1,,0,0,0,0,0,1,0,0.19999999996,0.3916042625477866,0.3122661782767992,0.17881875364949362,0.41348268587355963,0.10167841794055488,0.0961538461217949,0.8379704537348241,0.45139298959432433,0.0,2,0.8308525033828249,39
SNE_13380960.jpg,1,,0,1,0,0,0,0,0,0.0,0.1962697648348373,0.0,0.1938297785954165,0.467939819901593,0.02961879117581166,0.3842105261877192,0.7320476076640761,0.3495177567140693,0.44438229379523475,1,0.17239677578548537,95
SNE_13380965.jpg,1,,0,0,0,0,0,1,0,0.0,0.08166682440863686,0.08566575604911168,0.14538242284291386,0.5595364623590846,0.03113379423674665,0.20982142850148813,0.7293498517766628,0.3956817491591049,0.3895753941121778,1,0.4456317853691556,56
SNE_13380969.jpg,1,,0,0,0,0,0,1,0,0.19999999996,0.22370390643093874,0.0,0.17486057518373382,0.38549184879741755,0.03444724821037229,0.35869565205434784,0.775041688293859,0.3700342501721147,0.4368761106611977,2,0.21105636082436388,92
SNE_13380970.jpg,1,,0,0,0,0,0,1,0,0.19999999996,0.25335955383575215,0.0,0.16216250666415916,0.4461233309214243,0.037422453467674345,0.3277777776685185,0.6424706219545872,0.370965579024455,0.0773130534685201,2,0.2520912547528421,90
SNE_13380971.jpg,1,,0,1,0,0,0,0,0,0.19999999996,0.22872835172943856,0.0,0.17925387283968694,0.5377966911871811,0.07531419135074048,0.3396226413962265,0.6627601053163561,0.39243225490462263,0.0,2,0.28501972296118316,106
SNE_13380974.jpg,1,,0,0,0,0,0,0,1,0.19999999996,0.18599453310308817,0.21314925597665502,0.1711744022154818,0.4067488883919569,0.12205694251349246,0.17796610163559318,0.8275715747138604,0.44369902495719593,0.0,2,0.6623537353734628,59
SNE_13380975.jpg,1,,0,0,0,0,0,1,0,0.0,0.10425135294196625,0.0,0.1665151136510325,0.3378005401862235,0.013031802009817557,0.282608695557971,0.7669129153875014,0.34443154391031694,0.4044094016643554,1,0.2219650670813213,69
SNE_13380979.jpg,1,,0,0,0,0,0,1,0,0.19999999996,0.35035366450128425,0.00930288369899802,0.17151787426519166,0.36159932959431024,0.05473367764839084,0.15460526310635966,0.6492101792808156,0.3602667570136238,0.0,2,0.3158149022975995,76
SNE_13380981.jpg,1,,0,0,0,0,0,1,0,0.19999999996,0.1885465310578555,0.04229959915457395,0.18153105285189275,0.4874323378330009,0.03863119360878437,0.24537037028858025,0.7485873377042864,0.41010505947726866,0.0,2,0.3719093186050753,54
SNE_13380982.jpg,1,,0,0,0,0,0,1,0,0.39999999992,0.16212252697637708,0.004150769357325069,0.1659234025743507,0.45691831211716305,0.02614697827519494,0.31349206338756613,0.6605986336201077,0.3510890761287883,0.0,3,0.3070563079116034,63
SNE_13380986.jpg,1,,0,0,0,0,0,1,0,0.0,0.09099329061508002,0.0,0.16624111671694833,0.41533507046848894,0.053362040996381685,0.2409638553413655,0.872974426388903,0.39086646994065793,0.0,1,0.2983937496966905,83
SNE_13380987.jpg,1,,0,0,0,0,0,1,0,0.0,0.15714365662854796,0.0,0.13810740184585177,0.3922321357692311,0.03032828138139384,0.33055555544537035,0.6697872717444715,0.3732578573845335,0.0,1,0.2876107744579394,90
SNE_13380989.jpg,1,,0,0,0,0,0,1,0,0.39999999992,0.24329599306939714,0.0,0.15805308049196506,0.1084708526102528,0.03288728997031784,0.3089887639419475,0.8435314643287714,0.35765061953895155,1.0,3,0.2633731332383882,89
SNE_13380998.jpg,1,,0,0,0,0,0,1,0,0.19999999996,0.16620943107178782,0.0,0.14329787786203593,0.4133406188861347,0.012108479274885005,0.39784946223297485,0.705668082466973,0.32634781447404315,0.019746227990204264,2,0.1942702960082482,93
SNE_13381003.jpg,1,,0,0,0,0,0,1,0,0.19999999996,0.252304878160068,0.0,0.175131739115428,0.45106668206817874,0.026236025642934684,0.2926136362660985,0.8117919867567119,0.3348150829691213,0.4133024499604555,2,0.18870687600040226,88
SNE_13390953.jpg,1,,0,0,0,0,0,1,0,0.39999999992,0.6434191905977418,0.09898245948241002,0.15601862838214464,0.38108892715240533,0.09823983350867267,0.17241379304597698,0.8508595273779833,0.3779796196149592,0.0,3,0.4682701812190795,87
SNE_13390954.jpg,1,,0,0,0,0,0,1,0,0.59999999988,0.7350974226029083,0.2708463426240237,0.16444593669067586,0.24372018314606686,0.13981698759483244,0.04435483869489247,0.8383210377209489,0.41766128814837833,0.0,4,0.7604387827316866,62
SNE_13390963.jpg,1,,0,0,0,0,0,1,0,0.39999999992,0.45728128567357657,0.0,0.1725316660306541,0.40648993724706417,0.05157647242154516,0.43229166652256945,0.7049325402865422,0.3648951376175827,0.0,3,0.27071732046362784,96
SNE_13390968.jpg,1,,0,0,0,0,0,1,0,0.39999999992,0.6689436943957394,0.06874938206532619,0.17477498822385812,0.34303569676547246,0.1313578062645811,0.2115384614679487,0.7447723577855903,0.4264161541287679,0.0,3,0.4168739495798039,104
SNE_13390988.jpg,1,,0,1,0,0,0,0,0,0.19999999996,0.48310250699262186,0.025865342248713515,0.1706733396034054,0.4176036739457855,0.07782624647496911,0.3541666665486111,0.7510327572558553,0.4075585083590677,0.0,2,0.3439710818486783,96
SNE_13390992.jpg,1,,0,0,0,0,0,1,0,0.39999999992,0.4906733403305281,0.05290845656828883,0.19670021435381366,0.4726694886665452,0.09374679201941298,0.24999999991666666,0.6765466777628037,0.37773430629290017,0.0,3,0.38994437621899947,77
SNE_13391013.jpg,1,,0,0,0,0,0,1,0,0.79999999984,0.6496062573738821,0.057987306737305275,0.19078660231326072,0.3447277788798764,0.07618573691263501,0.29109589031392696,0.6632496248842314,0.3907844088776509,0.0,5,0.39857842151140627,73
SNE_13391032.jpg,1,,0,0,0,0,0,1,0,0.59999999988,0.7359179622384319,0.2701496853947758,0.1913022633032174,0.5247742208913034,0.20282845344062245,0.09333333330222222,0.7758792225638778,0.46145759752569443,0.0,4,0.7592544654412685,75
SNE_13391038.jpg,1,,0,0,0,0,0,1,0,0.59999999988,0.7585973456844028,0.32261768063678925,0.18139650780741126,0.26265387009596575,0.28349144957872063,0.07022471907771535,0.7406220743083413,0.44723563615563905,0.0,4,0.8484500574051594,89
SNE_13391051.jpg,1,,0,0,0,0,0,1,0,0.19999999996,0.36708831200825504,0.36629943532540105,0.17772313114528002,0.5377115082405587,0.15035970051199152,0.044999999985000004,0.8417883016486067,0.42392730974642734,0.0,2,0.9227090404194812,50
SNE_13391052.jpg,1,,0,0,0,0,0,1,0,0.39999999992,0.47594818387920956,0.48404593290322967,0.17995236857093067,0.389215251295871,0.2367202728424376,0.0745614034839181,0.7470899954339939,0.42666221520566644,0.0,3,1.1228780864195365,57
SNE_13391076.jpg,1,,0,0,0,0,0,1,0,0.39999999992,0.8754568860400598,0.250780811320643,0.18242410686364716,0.338500788385965,0.17594941595906058,0.05633802815023474,0.7929888027154609,0.45114931101983957,0.0,3,0.7263273794958739,71
SNE_13391079.jpg,1,,0,0,0,0,0,1,0,0.59999999988,0.38054990760417007,0.3234587370417546,0.16873303615787377,0.4426124804027066,0.1537145633480774,0.12096774189516125,0.8668333082742528,0.45330171097146166,0.0,4,0.8498798532944416,62
SNE_13391081.jpg,1,,0,0,0,0,0,1,0,0.59999999988,0.44568429095555606,0.0,0.17812222831085425,0.47999486163910676,0.06639639851273284,0.43069306916336625,0.7127165381241911,0.37782200296787455,0.0,4,0.2858486341244834,101
SNE_13391095.jpg,1,,0,0,0,0,0,1,0,0.59999999988,0.7602955254130181,0.11582871163290409,0.19071963731407476,0.5002230827127487,0.13491869806507276,0.12650602405421688,0.6572660850674041,0.43320666666622537,0.0,4,0.49690880989176567,83
SNE_13391100.jpg,1,,0,0,0,0,0,1,0,0.59999999988,0.7424005756911389,0.3075530802227883,0.16439749117028285,0.3390269385668596,0.17159763310504297,0.11111111107407405,0.8360424159942392,0.42242296485912545,0.0,4,0.8228402366862931,72
SNE_13391122.jpg,1,,0,0,0,0,0,1,0,0.19999999996,0.384915787568691,0.013796417041773826,0.1834452241555068,0.4530726339955705,0.08094331510399924,0.29885057461302683,0.6531182810191504,0.38455734978859296,0.0,2,0.3234539089848119,87
SNE_13391124.jpg,1,,0,0,0,0,0,1,0,0.19999999996,0.3822580499006009,0.09361117663010428,0.19147730427329235,0.36055753698136145,0.08417980374497933,0.2192982455409357,0.7828699364825489,0.397403351925231,0.0,2,0.45913900036478844,57
SNE_13395221.jpg,1,,0,0,0,0,0,1,0,0.39999999992,0.6020900897277577,0.23248404909490064,0.22401517052648826,0.37358323369261787,0.1231381779266532,0.06521739128260869,0.7646433246654779,0.5338794402164356,0.0,3,0.6952228836938151,46
SNE_13395222.jpg,1,,0,0,0,0,0,1,0,0.39999999992,0.5680040849069052,0.16287881186338965,0.20513892837211312,0.35032193725697575,0.10947800711242112,0.20614035080847953,0.7905867197997147,0.5244643803654072,0.0,3,0.5768939803306412,57
SNE_13395223.jpg,1,,0,0,0,0,0,1,0,0.39999999992,0.6539149775045807,0.2483736376897573,0.18690098883709844,0.369825468332888,0.17454625828852519,0.2905405404436937,0.7601729654034666,0.5309057855095862,0.0,3,0.722235184320961,74
SNE_13395224.jpg,1,,0,0,1,0,0,0,0,0.39999999992,0.5865772201991911,0.2228810658925891,0.21389923735768396,0.37542947298565793,0.03846434139930827,0.31999999989333333,0.7250321217549467,0.5166071323962929,0.0,3,0.6788978122402826,25
SNE_13395225.jpg,1,,0,0,0,0,0,1,0,0.39999999992,0.4464700035440551,0.19898364739596477,0.20155547237436078,0.2763551292657107,0.10930197112166172,0.093137254870915,0.7466149685955337,0.5188366821501729,0.0,3,0.6382722007721238,51
SNE_13395226.jpg,1,,0,0,1,0,0,0,0,0.39999999992,0.8014343821875354,0.16625772533545977,0.2107006745775355,0.18226118517882145,0.12554327419261652,0.12053571424553569,0.7751126796743517,0.5220735411666125,0.0,3,0.5826381332365393,56
SNE_13395227.jpg,1,,0,0,1,0,0,0,0,0.19999999996,0.4118679430582188,0.30084745745009334,0.1710388474919103,0.4371473385686867,0.11153236195613474,0.03301886791352202,0.8697298743631552,0.468339935644421,0.0,2,0.8114406779660062,53
SNE_13395228.jpg,1,,0,0,1,0,0,0,0,0.59999999988,0.4927774996858424,0.18106628616186735,0.2049829795771369,0.3668429143829696,0.09826531444222641,0.10416666663194445,0.8336666693790484,0.5141184492820857,0.0,4,0.6078126866562408,48
SNE_13395229.jpg,1,,0,0,1,0,0,0,0,0.19999999996,0.5970623997590923,0.18897528727923257,0.2023854649328199,0.2847485629070968,0.09784552195906192,0.05392156860947715,0.8467716615253569,0.5250294993255383,0.0,2,0.6212579885636706,51
SNE_13395230.jpg,1,,0,0,1,0,0,0,0,0.19999999996,0.3198769108253323,0.20756959877347933,0.18941614577005236,0.37503023959349513,0.09032686015730064,0.12499999995833333,0.8276719846626832,0.5106295657141751,0.0,2,0.6528683181224845,50
SNE_13395231.jpg,1,,0,0,1,0,0,0,0,0.39999999992,0.6996696553946506,0.28908711774809587,0.21180437826163714,0.2361114611599719,0.18998736703889965,0.04741379308764365,0.7389056555125657,0.5041971336902343,0.0,3,0.7914481004608501,58
SNE_13395232.jpg,1,,0,0,1,0,0,0,0,0.79999999984,0.8483136230982185,0.21453056298868772,0.19182849821929,0.3999446050278076,0.12296310168167528,0.11249999996249997,0.7762212653122957,0.4923220031365034,0.0,5,0.6647019572952997,60
SNE_13395233.jpg,1,,0,0,1,0,0,0,0,0.79999999984,0.6916258856357638,0.18743343971931226,0.1979401784128891,0.376478015643,0.10431029648858454,0.09821428568154764,0.78507186418461,0.5229591642461677,0.0,5,0.6186368477102643,56
SNE_13395234.jpg,1,,0,0,1,0,0,0,0,0.39999999992,0.5575511773641196,0.3486195667579118,0.1778261700443115,0.3658094324355785,0.0910634740036244,0.2443181817367424,0.7878731028323511,0.5288957846659896,0.0,3,0.8926532638370697,44
SNE_13395235.jpg,1,,0,0,1,0,0,0,0,0.39999999992,0.43349535433076025,0.022522281001786874,0.20870388648979002,0.3680112142056732,0.06545090904065237,0.19921874993359376,0.7264422413592969,0.45672236498737184,0.0,3,0.33828787772555996,64
SNE_13395236.jpg,1,,0,0,1,0,0,0,0,0.39999999992,0.6079451281843982,0.01316352262891948,0.19989670815594546,0.4085533556500876,0.06370836636441327,0.27631578938157897,0.7868568667773663,0.4826645755958213,0.0,3,0.3223779884823266,76
SNE_13395239.jpg,1,,0,0,1,0,0,0,0,0.39999999992,0.36124478405186733,0.20157655676045844,0.1831406100542433,0.36455041856694376,0.09604519772284897,0.13596491223538013,0.8294036692307172,0.5101979910734659,0.0,3,0.6426801466943559,57
SNE_13395240.jpg,1,,0,0,1,0,0,0,0,0.79999999984,0.6609425158287119,0.3045858492524955,0.2067252474077959,0.35941546285800274,0.13767282532493524,0.1630434782065217,0.7269429095091908,0.525615015850824,0.0,5,0.8177959440338283,46
SNE_13395241.jpg,1,,0,0,1,0,0,0,0,0.0,0.15767372737852903,0.09286501011952655,0.200364304097771,0.48701255493471696,0.03505988073173477,0.34523809512301584,0.7152905624685351,0.4953652124826187,0.0,1,0.45787051729606015,42
SNE_13395242.jpg,1,,0,0,1,0,0,0,0,0.39999999992,0.643587661935112,0.12366281550275564,0.20322804853768173,0.4032419614505586,0.14104902819852708,0.22093023248449614,0.766974128018806,0.5218254826421503,0.0,3,0.5102267864783474,86
SNE_13395243.jpg,1,,0,0,1,0,0,0,0,0.59999999988,0.6047262262665098,0.19451837510407757,0.1879274381590613,0.3566616668684277,0.20270495457243906,0.24473684202368418,0.7664923385189653,0.5374304404307274,0.0,4,0.6306812378714503,95
SNE_13395244.jpg,1,,0,0,0,0,1,0,0,0.79999999984,0.7116566629218206,0.5084449618440371,0.21400337486963444,0.4376356062092269,0.22529095008056857,0.1666666666111111,0.7054841477695228,0.5318540827592145,0.0,5,1.164356435643308,48
SNE_13395245.jpg,1,,0,0,1,0,0,0,0,0.59999999988,0.553175469599309,0.3353113321166249,0.21877532399734698,0.43216319776628265,0.187467722453304,0.08962264147955974,0.6978560524423887,0.5233096577469124,0.0,4,0.8700292649335737,53
SNE_13395246.jpg,1,,0,0,0,0,0,1,0,0.0,0.17158325429210142,0.15441558511858822,0.2046285826745342,0.38006468784476344,0.034878060776371865,0.07812499997395833,0.8835240619414629,0.5287526687497324,0.0,1,0.5625064948560156,32
SNE_13395247.jpg,1,,0,0,0,0,0,1,0,0.79999999984,0.6824807800588519,0.3413522460485525,0.21380483654647597,0.3437046357589869,0.21710983499369144,0.11864406775706213,0.711234578894565,0.5362060672226039,0.0,5,0.8802988186238915,59
SNE_13395248.jpg,1,,0,0,0,0,0,1,0,0.39999999992,0.49642186120981924,0.34398780797691353,0.21706046272649696,0.4915847650913344,0.16715258399194208,0.20918367339965988,0.7353455672615319,0.52107451905148,0.0,3,0.8847792739047409,49
SNE_13395250.jpg,1,,0,0,0,0,1,0,0,0.59999999988,0.5766309334404953,0.34871463357729193,0.21395462820943023,0.5088531220026562,0.236552920708332,0.09999999996666668,0.768262880971847,0.5137440220625414,0.0,4,0.892814877430111,65
SNE_13395251.jpg,1,,0,0,1,0,0,0,0,0.39999999992,0.7402805303508773,0.2144655008126854,0.19200536953890754,0.5410543022395848,0.14695613833846938,0.10074626862313434,0.7252749118016178,0.5166766418923648,0.0,3,0.6645913515960307,67
SNE_13395252.jpg,1,,0,0,0,0,0,1,0,0.39999999992,0.4269846490877123,0.13814734328876796,0.21945868552151188,0.4666100884421953,0.08045178908661714,0.06521739128260869,0.8092540511668885,0.4980025188318343,0.0,3,0.5348504837290529,46
SNE_13395254.jpg,1,,0,0,0,0,0,1,0,0.39999999992,0.5054396016234523,0.15158371031803788,0.2146447045004488,0.4941003294298757,0.1329284750104153,0.11363636359848482,0.815998653401186,0.5218173188265073,0.0,3,0.5576923076922481,66
SNE_13395255.jpg,1,,0,0,0,0,0,1,0,0.39999999992,0.46691468387599766,0.48175304087630594,0.19705343318234103,0.43287743973266196,0.20828984637742548,0.14732142852232147,0.7286669681260973,0.5429316377057725,0.0,3,1.1189801699714732,56
SNE_13395256.jpg,1,,0,0,0,0,0,1,0,0.19999999996,0.5041412849932378,0.20295254199660603,0.1909994455134047,0.2852417817057688,0.136629680661271,0.24626865663432837,0.8080541229850682,0.532830701188648,0.0,2,0.6450193215971828,67
SNE_13395257.jpg,1,,0,0,0,0,0,1,0,0.19999999996,0.4823702327040873,0.2937640292235262,0.19355687015961665,0.5405116533921854,0.1433956034592047,0.021929824554093598,0.8044368098701373,0.4955816815167251,0.0,2,0.7993988499737585,57
SNE_13395258.jpg,1,,0,0,0,0,0,1,0,0.59999999988,0.6820760826219499,0.022010455142918828,0.2023514329375465,0.2940543961969485,0.054287983590554534,0.1984126983465609,0.694138442301651,0.43873086368833963,0.0,4,0.33741777376497245,63
SNE_13395259.jpg,1,,0,0,0,0,0,1,0,0.79999999984,0.8218992527199446,0.24098151982854357,0.20945371468502846,0.28359668660031173,0.17441508451216917,0.14285714280952383,0.7066698349320043,0.530517936264334,0.0,5,0.7096685839495056,63
SNE_13395263.jpg,1,,0,0,0,0,0,1,0,0.19999999996,0.4509375011297355,0.24295890216794883,0.20743764614869012,0.35883887589632896,0.11624765034932054,0.059782608675724644,0.7620428085027906,0.4942807930549864,0.0,2,0.7130301339284719,46
SNE_13395264.jpg,1,,0,0,1,0,0,0,0,0.19999999996,0.3464199788772964,0.0,0.20814666210743712,0.3025423626533692,0.01247872688834849,0.31034482748275866,0.5517500754603581,0.4551877455409246,0.0,2,0.21977646958449706,58
SNE_13395267.jpg,1,,0,0,0,0,0,1,0,0.0,0.2163417612889033,0.30738243065749193,0.227214139469465,0.3491741822112884,0.09672023415284352,0.10833333329722221,0.7090530619720933,0.5307250670027768,0.0,1,0.8225501324251187,30
SNE_13395268.jpg,1,,0,0,0,0,0,1,0,0.39999999992,0.3266068429397215,0.2009944627960659,0.18555531868299568,0.551543160595373,0.11146767242829923,0.10714285710714284,0.8424113241893527,0.5228653026259727,0.0,3,0.6416905869543065,63
SNE_13395269.jpg,1,,0,0,0,0,0,1,0,0.79999999984,0.7511082796892563,0.27657006784227184,0.19889890235921148,0.32145604655092536,0.09693140528510844,0.1280487804451219,0.7686472979016736,0.5132109149306249,0.0,5,0.7701691156084322,41
SNE_13395270.jpg,1,,0,0,0,0,0,1,0,0.59999999988,0.7198884116990004,0.277939069721466,0.18893510931959276,0.2970360797675177,0.15641428088517265,0.11065573766803281,0.7241745802381071,0.5197734209171181,0.0,4,0.7724964188044312,61
SNE_13395271.jpg,1,,0,0,0,0,0,1,0,0.59999999988,0.6925871697457697,0.3398914639450374,0.1986790894812003,0.38914470875826546,0.154419526101151,0.14215686269771244,0.8053124788443802,0.5317355889778761,0.0,4,0.8778154890464551,51
SNE_13395273.jpg,1,,0,0,1,0,0,0,0,0.0,0.17186863479675818,0.24490401501258724,0.1975732111699581,0.4508848582535333,0.11756496399534219,0.17499999994166662,0.7927229507707515,0.5155909231061867,0.0,1,0.7163368257663023,50
SNE_13395275.jpg,1,,0,0,1,0,0,0,0,0.39999999992,0.5300641957772525,0.1717202816185225,0.1875905895802041,0.3912582472280304,0.18595441774918517,0.1984536081812715,0.7051565252187156,0.5278563450098577,0.0,3,0.5919244789232085,97
SNE_13395276.jpg,1,,0,0,0,0,0,1,0,0.39999999992,0.4923711885438623,0.12584298971080948,0.20479116222498245,0.4284831390012692,0.16305081474687277,0.20294117640294118,0.8124875514041519,0.5241527928186501,0.0,3,0.5139330826342191,85
SNE_13395277.jpg,1,,0,0,0,0,0,1,0,0.19999999996,0.3891151146188002,0.12349338567745573,0.22406721315545608,0.49585224635856157,0.08308969478001639,0.2135416665954861,0.6850882299605645,0.5295714956059396,0.0,2,0.5099387557751681,48
SNE_13395278.jpg,1,,0,0,0,0,0,1,0,0.39999999992,0.5220105759456516,0.26269638274639856,0.20571841989560205,0.4053620077058726,0.18709818019517907,0.14393939389141416,0.8120295332045475,0.5281347141015653,0.0,3,0.746583850931574,66
SNE_13395279.jpg,1,,0,0,0,0,0,1,0,0.0,0.24602578799180178,0.17764547460240132,0.20347017231161296,0.5666637839208263,0.10091656428135276,0.0913461538157051,0.832987571010521,0.5097682140420597,0.0,1,0.6019973070017277,52
SNE_13395280.jpg,1,,0,0,0,0,0,1,0,0.19999999996,0.45665735996522505,0.19256890282965222,0.205931089127888,0.3013158818917183,0.09526412241134367,0.13586956517210141,0.8052322064852064,0.519599421767194,0.0,2,0.6273671350029777,46
SNE_13395281.jpg,1,,0,0,0,0,0,1,0,0.59999999988,0.5490198362934242,0.15664575680212897,0.203486769768008,0.5092340978161445,0.10886370854808079,0.1270491802855191,0.8157579418293825,0.5251001883719412,0.0,4,0.566297786720265,61
SNE_13395282.jpg,1,,0,0,0,0,0,1,0,0.19999999996,0.27898429048631945,0.26722222710269183,0.21260339518141028,0.3325744790770942,0.14208984767786118,0.2604166665798611,0.6900879597818553,0.539664373451936,0.0,2,0.7542777863417983,48
SNE_13395286.jpg,1,,0,0,1,0,0,0,0,0.39999999992,0.42538041490326994,0.0,0.1715136827629772,0.5052332019978335,0.0346014622863289,0.47899159647899153,0.49610654895763606,0.42770433444443434,0.0,3,0.20359898604417384,119
SNE_13395287.jpg,1,,0,0,0,0,0,1,0,0.39999999992,0.4825024842606802,0.01763878878490443,0.21150068099481373,0.31387549303536266,0.05483733433948386,0.16803278682923495,0.697942245164644,0.4649266202842007,0.0,3,0.3299859409519763,61
SNE_13395289.jpg,1,,0,0,0,0,0,1,0,1.0,0.5882903606594376,0.09728614057254509,0.19926264913729413,0.19793153417329434,0.09918228476324528,0.2671232875821918,0.5902623936363478,0.48510965771518544,0.0,7,0.4653864390706128,73
SNE_13395292.jpg,1,,0,0,0,0,0,1,0,0.39999999992,0.37027512211035507,0.4597630716248655,0.19081399436521831,0.47633404090441056,0.18037280697234506,0.11764705878431375,0.7343064175410208,0.5249681195893967,0.0,3,1.0815972222220345,51
SNE_13395293.jpg,1,,0,0,0,0,0,1,0,0.19999999996,0.5113995606523719,0.179410055607586,0.20962383955357847,0.27208249414089525,0.04828893848664942,0.13636363631818185,0.7851126908792665,0.5337541035664525,0.0,2,0.6049970947123062,33
SNE_13395295.jpg,1,,0,0,0,0,0,1,0,0.59999999988,0.5075513342745236,0.3655407721534597,0.20127052322537164,0.4968396986306137,0.19466521126565325,0.1939655171767241,0.7372446581065956,0.5164449785203125,0.0,4,0.9214193130264222,58
SNE_13395296.jpg,1,,0,0,0,0,0,1,0,0.59999999988,0.7316848380537007,0.2008526231943198,0.22032310007626238,0.442966926820248,0.14143272992108002,0.05172413791379309,0.7588739521311378,0.5141163776154943,0.0,4,0.6414494596311963,58
SNE_13395298.jpg,1,,0,0,0,0,0,1,0,0.59999999988,0.6637012348071375,0.29359455972071435,0.1944418930078103,0.29693297090884263,0.1601072203219717,0.17499999994166662,0.7591865569140258,0.5317112849543302,0.0,4,0.799110751818809,60
SNE_13395299.jpg,1,,0,0,0,0,0,1,0,0.39999999992,0.40801512696944675,0.2301338929168362,0.20068890164704226,0.4053000989559487,0.09991389653154857,0.1944444443796296,0.786704884054158,0.5249275740100942,0.0,3,0.6912276181887554,45
SNE_13395300.jpg,1,,0,0,0,0,0,1,0,0.19999999996,0.34840987216922414,0.030907607410506584,0.22525243743190335,0.4421260337775058,0.02124035318808577,0.0808823529142157,0.6628978704951047,0.4518337734628485,0.0,2,0.3525429326287688,34
SNE_13395301.jpg,1,,0,0,0,0,1,0,0,0.39999999992,0.47343853063388974,0.4295430137073526,0.21196186852368978,0.26731171266777554,0.16622184259028558,0.12195121947154475,0.6443148109824033,0.5347701439451182,0.0,3,1.0302231237320425,41
SNE_13395302.jpg,1,,0,0,0,0,0,1,0,0.19999999996,0.22204274200284937,0.1398592366969293,0.2093099876220383,0.47813632441389103,0.07735859955617207,0.1611111110574074,0.75305333361999,0.527666686677217,0.0,2,0.537760702524639,45
SNE_13395303.jpg,1,,0,0,0,0,0,1,0,0.19999999996,0.29966132268470147,0.2711457002342701,0.1971112050680336,0.45556635744195784,0.10849264780717695,0.08695652171014494,0.8079612213188527,0.5142112386478774,0.0,2,0.7609476906694048,46
SNE_13395304.jpg,1,,0,0,0,0,1,0,0,0.79999999984,0.8138170826658646,0.2640241935929255,0.20291079707048543,0.3188478999411747,0.3355069088017325,0.23095238087539682,0.6003889972486349,0.5449436765182822,0.0,5,0.7488411293719975,105
SNE_13395307.jpg,1,,0,0,0,0,0,1,0,0.19999999996,0.28323225515454525,0.035795681951204084,0.20690498794666892,0.3719892499864086,0.06431124331165622,0.37109374987630206,0.7164375024096308,0.46135176115967236,0.0,2,0.3608526593528426,64
SNE_13395308.jpg,1,,0,0,0,0,0,1,0,0.39999999992,0.7688418143440148,0.2343441383540279,0.19420902918128752,0.31732924693505116,0.16444998865774946,0.19366197176643193,0.8502549735665689,0.5389428386868185,0.0,3,0.6983850354361916,71
SNE_13395309.jpg,1,,0,0,1,0,0,0,0,0.59999999988,0.7942931532189161,0.3833260513294291,0.1823606078285924,0.3749277975212135,0.15704182803535846,0.11016949148870056,0.7648800551205625,0.5268332069591901,0.0,4,0.9516542876433556,59
SNE_13395310.jpg,1,,0,0,0,0,1,0,0,0.59999999988,0.6736250609748494,0.3603533081886775,0.21015026860303487,0.40959320666078713,0.163532290519011,0.19499999993499997,0.6382845382726641,0.5279115957948495,0.0,4,0.9126006242811051,50
SNE_13395312.jpg,1,,0,0,0,0,0,1,0,0.39999999992,0.4962319097643396,0.22594283895433212,0.21196671849421822,0.49967172444502456,0.10218698040979092,0.09782608692391304,0.7315988522845321,0.5257980127194795,0.0,3,0.6841028264483074,46
SNE_13395313.jpg,1,,0,0,0,0,0,1,0,0.39999999992,0.658369819902746,0.4585348902878972,0.2273735576323142,0.4634297911318299,0.2104067528460648,0.2272727271969697,0.5839946277689112,0.5327473225405611,0.0,3,1.0795093139479601,44
SNE_13395314.jpg,1,,0,0,0,0,0,1,0,0.39999999992,0.37446894274975995,0.07818451116854397,0.22134783551875936,0.3790575292563698,0.07279439604890275,0.17452830182861637,0.7033051772061494,0.47935126707422243,0.0,3,0.43291366906470924,53
SNE_13395315.jpg,1,,0,0,1,0,0,0,0,0.39999999992,0.4782548851281052,0.24048097562322515,0.20147977876914033,0.5355680339410269,0.1327561594823498,0.16249999994583333,0.7507645882551773,0.5305083486086489,0.0,3,0.7088176587999637,60
SNE_13395316.jpg,1,,0,0,0,0,0,1,0,0.0,0.16524005330941163,0.19119509966542575,0.21664538881878437,0.4629692760743558,0.1040497112838023,0.19680851057269505,0.8365066187505357,0.5251526042235038,0.0,1,0.6250316696224189,47
SNE_13395317.jpg,1,,0,0,0,0,0,1,0,0.39999999992,0.44089713985217516,0.38047451700595186,0.2039188053931981,0.4162773256460479,0.187467722453304,0.1886792452201258,0.753553930281724,0.5283084922712397,0.0,3,0.9468066792905927,53
SNE_13395318.jpg,1,,0,0,0,0,0,1,0,0.19999999996,0.4887625427052896,0.15829898829201036,0.2051337890165932,0.5431914982463681,0.05352553356649297,0.11184210522587719,0.7818273255714144,0.5139637242735061,0.0,2,0.5691082802547166,38
SNE_13395319.jpg,1,,0,0,0,0,0,1,0,0.19999999996,0.3207828967495532,0.2157697120131962,0.22174350452771394,0.36583189556608686,0.1004106009461609,0.1280487804451219,0.7489293648157418,0.5282593031499149,0.0,2,0.6668085106382032,41
SNE_13395322.jpg,1,,0,0,0,0,0,1,0,0.79999999984,0.5443802855029385,0.3003767531920337,0.20992055867446413,0.5762261196037177,0.12092998138100833,0.061111111090740744,0.7663930557541401,0.5218890408242316,0.0,5,0.8106404807268341,45
SNE_13395324.jpg,1,,0,0,1,0,0,0,0,0.39999999992,0.2861376377730791,0.26186030233290863,0.19817203762973193,0.5107303418681757,0.16037089051885356,0.1640624999453125,0.7403557837498579,0.524100493516935,0.0,3,0.745162514227805,64
SNE_13395325.jpg,1,,0,0,1,0,0,0,0,0.19999999996,0.44851703080208427,0.2903783457050788,0.22270499802414992,0.4209470435730274,0.15332173266089083,0.14285714280952383,0.676467074369886,0.5432280433493251,0.0,2,0.7936431879890123,49
SNE_13395328.jpg,1,,0,0,1,0,0,0,0,0.0,0.21979206079734748,0.2702777477313311,0.20112387500713566,0.5774980258654963,0.07801906122164579,0.10526315785964915,0.7662650091222274,0.5282360094843284,0.0,1,0.7594721714135406,38
SNE_13395330.jpg,1,,0,0,1,0,0,0,0,0.79999999984,0.5122077658299897,0.0,0.18217720729951287,0.5315897219655831,0.02664015646956127,0.3852040815042517,0.5813449812688396,0.37724278025117897,0.005875060116952515,5,0.21166200473364855,98
SNE_13395332.jpg,1,,0,0,0,0,0,1,0,0.0,0.2155430298734583,0.28033570826287174,0.23135299827779843,0.4006426877226035,0.06648751153123429,0.16999999994333334,0.6777380194633709,0.5362054618791373,0.0,1,0.7765707043272176,25
SNE_13395333.jpg,1,,0,0,0,0,0,1,0,0.59999999988,0.7244146701363062,0.20967674299011116,0.21308740160483872,0.5084559689245465,0.1568193469842842,0.10820895518781094,0.7381398507796537,0.5303360859740635,0.0,4,0.6564504632928657,67
SNE_13395334.jpg,1,,0,0,0,0,0,1,0,0.59999999988,0.6620727157718292,0.2901606908488807,0.22151351744662126,0.3845359986991998,0.14166055002700007,0.18333333327222223,0.6197719434041051,0.5347047707481463,0.0,4,0.7932731747332579,45
SNE_13395335.jpg,1,,0,0,0,0,0,1,0,0.79999999984,0.8143826754361603,0.35335914449704503,0.2254034114556071,0.4467775172979028,0.1392748887531134,0.19230769224358973,0.6863153143671106,0.5420222084502191,0.0,5,0.9007105459983357,39
SNE_13395336.jpg,1,,0,0,0,0,0,1,0,0.59999999988,0.6609388357375893,0.2132266468641681,0.2206235777769909,0.48446708154518314,0.13993136503611145,0.05357142855357146,0.749257907152602,0.5069403906374226,0.0,4,0.6624852998823124,56
SNE_13395338.jpg,1,,0,0,0,0,0,1,0,0.59999999988,0.6553440718397303,0.22202517027169053,0.19923667595745564,0.3382696634571058,0.13536110524320621,0.14406779656214688,0.7107540552058123,0.5296807677963504,0.0,4,0.677442789683899,59
SNE_13395339.jpg,1,,0,0,1,0,0,0,0,0.79999999984,0.7833425916516898,0.2658011564532065,0.1952465017967396,0.3723785501665178,0.1858307635676625,0.12671232872488586,0.7074272788074065,0.5184232014883668,0.0,5,0.7518619662362522,73
SNE_13395340.jpg,1,,0,0,1,0,0,0,0,0.19999999996,0.3406087056290012,0.2408790744180251,0.1783813472400564,0.4109330666694653,0.13855598388614299,0.16438356158904108,0.7972726214345024,0.5220903849750091,0.0,2,0.7094944267515217,73
SNE_13395341.jpg,1,,0,0,0,0,0,1,0,0.39999999992,0.2081121162972098,0.26145680929057674,0.18019754245393696,0.40580005932750884,0.09957078930125575,0.08999999997000001,0.8282425392621304,0.4933799665374039,0.0,3,0.7444765760554373,50
SNE_13395342.jpg,1,,0,0,1,0,0,0,0,0.0,0.17703644883488806,0.010967098697427001,0.19039381150211085,0.41798296933075185,0.026662701947653442,0.2633928570550595,0.7167550162942945,0.467941565770336,0.0,1,0.318644067796593,56
SNE_13395343.jpg,1,,0,0,0,0,1,0,0,0.59999999988,0.7249423615952681,0.3521852431833016,0.20653949918560674,0.3405228790708276,0.1832048839949573,0.21698113200314464,0.7701210696891678,0.5474725201885224,0.0,4,0.8987149137637979,53
SNE_13395345.jpg,1,,0,0,0,0,0,1,0,0.19999999996,0.4178623695367194,0.2776782234439234,0.2067060692191762,0.4425123508032805,0.11118856742047878,0.058510638278368776,0.791924939367368,0.5155033364260765,0.0,2,0.772052980132348,47
SNE_13395346.jpg,1,,0,0,0,0,0,1,0,0.79999999984,0.6792389605045924,0.23712530543429847,0.226394791536744,0.44373154547221344,0.1693234004732143,0.08636363633484846,0.7112961364010262,0.5280210973589254,0.0,5,0.7031130194754327,55
SNE_13395347.jpg,1,,0,0,1,0,0,0,0,0.39999999992,0.6121725025053446,0.08666403310761255,0.22538488529960082,0.432254353579713,0.1188153806183158,0.14999999995,0.6225521111794678,0.5254686643977091,0.0,3,0.44732885636960534,65
SNE_13395348.jpg,1,,0,0,1,0,0,0,0,0.19999999996,0.3042408889026605,0.40959809313996876,0.1887132964868581,0.4162318930424108,0.08872088136914197,0.07142857140476187,0.786152776771347,0.5229865606485347,0.0,2,0.996316758747545,35
SNE_13395350.jpg,1,,0,0,0,0,1,0,0,0.9999999998,0.8256662428406567,0.32325926415117234,0.19713810523417302,0.32983699412614276,0.21977271501961013,0.1725352112100939,0.7929270798286713,0.5318927218438081,0.0,6,0.8495407493802523,71
SNE_13395351.jpg,1,,0,0,1,0,0,0,0,0.59999999988,0.6849803720333076,0.2711324028584077,0.21425361530551376,0.40495648250337635,0.13405818743637968,0.25499999991499994,0.754707329458973,0.5419503816971324,0.0,4,0.7609250851304254,50
SNE_13395353.jpg,1,,0,0,1,0,0,0,0,0.79999999984,0.6987961280362048,0.24611612993603746,0.19610407662079668,0.438843911732007,0.16550528978959858,0.10416666663194445,0.7998267841566016,0.524912513188114,0.0,5,0.7183974211373798,72
SNE_13395354.jpg,1,,0,0,0,0,0,1,0,0.39999999992,0.43383671448371386,0.2074033350437922,0.20661531500386962,0.35004956206583043,0.09821282175267998,0.0815217391032609,0.8012496470051331,0.5234966150281699,0.0,3,0.6525856697818501,46
SNE_13395355.jpg,1,,0,0,1,0,0,0,0,0.39999999992,0.41490314992538335,0.19305324670928312,0.20357366370947833,0.41646142254129637,0.06131554957039505,0.19078947362061405,0.8242912746672397,0.5372225571858502,0.0,3,0.6281905195988345,38
SNE_13395356.jpg,1,,0,0,0,0,0,1,0,0.39999999992,0.554742235698289,0.07001049984025003,0.21117814087158326,0.2476271633546509,0.057766155940269695,0.2401960783513072,0.6831411836835413,0.4756810765524865,0.0,3,0.41901784979843554,51
SNE_13395357.jpg,1,,0,0,1,0,0,0,0,0.39999999992,0.566173187414334,0.2769226068860956,0.189197984430727,0.3650813433252858,0.14890419191395615,0.13559322029378532,0.79870900554093,0.5201774690953772,0.0,3,0.7707684319832852,59
SNE_13395358.jpg,1,,0,0,1,0,0,0,0,0.59999999988,0.7848945014064936,0.23123073972594343,0.1980590572221229,0.38115413491062916,0.12122099404737242,0.08333333330555555,0.8348205863867137,0.5271900240720057,0.0,4,0.6930922577653346,57
SNE_13395360.jpg,1,,0,0,0,0,0,1,0,0.39999999992,0.5076191150332321,0.2466446608955589,0.20345066501076617,0.4222133964694096,0.09364464626833302,0.09523809520634924,0.8049408679618749,0.5004606491173136,0.0,3,0.7192959237690948,42
SNE_13395362.jpg,1,,0,0,0,0,0,1,0,0.79999999984,0.6903351025076576,0.3119453127715811,0.20944507048719532,0.3630525999417746,0.18194297227669357,0.09722222218981484,0.7259272482257739,0.5257471088344563,0.0,5,0.8303070320236331,54
SNE_13395363.jpg,1,,0,0,0,0,0,1,0,0.19999999996,0.25417378901994503,0.16276897197160464,0.1925459695269934,0.320620502914134,0.0838928979243256,0.06632653059013607,0.764512926025068,0.512847232333536,0.0,2,0.5767072525144968,49
SNE_13395364.jpg,1,,0,0,0,0,0,1,0,0.39999999992,0.4312065520263367,0.34813711898923777,0.22715565852986513,0.48529530547798694,0.10868728075372465,0.10483870964247309,0.7374583692193342,0.5329490310037535,0.0,3,0.8918331026298414,31
SNE_13395365.jpg,1,,0,0,0,0,0,1,0,0.19999999996,0.4844310341513531,0.21416319861427413,0.19769570438752504,0.3741424431591812,0.08259535069113609,0.18023255807945737,0.8412201622265997,0.5251527707263302,0.0,2,0.6640774378584292,43
SNE_13395366.jpg,1,,0,0,0,0,1,0,0,0.79999999984,0.7175012161425494,0.30674445926129834,0.20261445749923926,0.4058191855211258,0.20838365338997933,0.07462686564676616,0.7440611434698396,0.5040488208131979,0.0,5,0.8214655810509516,67
SNE_13395367.jpg,1,,0,0,0,0,1,0,0,0.39999999992,0.5340502741009643,0.21724598917697138,0.21021211879429108,0.508421397847609,0.11018075489414042,0.05612244896088432,0.7527494209158133,0.5160847369562316,0.0,3,0.6693181818180973,49
SNE_13395368.jpg,1,,0,0,0,0,0,1,0,0.59999999988,0.7253321771106385,0.205639020899723,0.21469979628770142,0.46106852484965927,0.15104013031874125,0.030172413783045953,0.7416254234135062,0.5024974317957523,0.0,4,0.6495863357351681,58
SNE_13395369.jpg,1,,0,0,0,0,0,1,0,0.39999999992,0.31520731563192056,0.285659473071839,0.19964929568553952,0.34882834043181354,0.09994583499329626,0.06874999997708335,0.8214982759601644,0.5262927838100898,0.0,3,0.7856211045077858,40
SNE_13395371.jpg,1,,0,0,0,0,0,1,0,0.59999999988,0.5915072411364907,0.2242497334646023,0.2204786420676531,0.3379579857137122,0.09518917358481944,0.16249999994583333,0.6900481253226891,0.5426895251711408,0.0,4,0.6812245471140737,40
SNE_13395372.jpg,1,,0,0,1,0,0,0,0,0.0,0.30178465645948693,0.23180636501189747,0.21517009309549504,0.3987457987158074,0.10628891743786427,0.10227272723863638,0.7543413206900111,0.5270121881392285,0.0,1,0.6940708207520321,44
SNE_13395373.jpg,1,,0,0,0,0,0,1,0,0.19999999996,0.44944276321802035,0.2877373958534423,0.2240098513451054,0.4534053560948289,0.18300566414118039,0.15094339617610059,0.7868752601737518,0.5310614827574263,0.0,2,0.7891535732385894,53
SNE_13395374.jpg,1,,0,1,0,0,0,0,0,0.19999999996,0.30661909398676723,0.07702414184989868,0.1639366106790133,0.4284952193633729,0.0611773315621753,0.3670886074725739,0.5980143429174749,0.3959841513158724,0.39171912399002384,2,0.4309410412218519,79
SNE_13395375.jpg,1,,0,0,1,0,0,0,0,0.59999999988,0.7428510387166534,0.24597612243246522,0.20372167381664943,0.33594571186375893,0.17801899980515573,0.14453124995182293,0.760747042553716,0.5167083656076443,0.0,4,0.718159408381167,64
SNE_13395377.jpg,1,,0,0,0,0,0,1,0,0.9999999998,0.7831381895205443,0.2981444687098115,0.20843605628733497,0.3955332549472692,0.21322455712527527,0.08955223877611944,0.7691876269620679,0.5221088389219898,0.0,6,0.806845597104824,67
SNE_13395378.jpg,1,,0,0,0,0,0,1,0,0.9999999998,0.6401771425187543,0.3857041999595518,0.18928267728766432,0.4212880489703079,0.12673222540699544,0.14673913038586958,0.782074655331635,0.5208890612710376,0.0,6,0.9556971403169423,46
SNE_13395379.jpg,1,,0,0,0,0,0,1,0,0.19999999996,0.2982070974987621,0.1695803298533588,0.1762884574971113,0.3919255410247905,0.03681550048204772,0.16025641020299147,0.8080441034162122,0.5351326047562316,0.0,2,0.5882865609202903,39
SNE_13395380.jpg,1,,0,0,0,0,0,1,0,0.39999999992,0.37715612972525886,0.09178771747798155,0.2270309334789617,0.49332920942251274,0.0451679320443232,0.2039473683530702,0.6631630980172321,0.462207335124789,0.0,3,0.45603911980435635,38
SNE_13395381.jpg,1,,0,0,1,0,0,0,0,0.19999999996,0.5584808684240563,0.04747080678369695,0.18078444524893664,0.15235559539937454,0.07626571212604565,0.25862068956896556,0.6895792631643217,0.48365390815438786,0.0,2,0.3807003715797556,87
SNE_13395382.jpg,1,,0,0,0,0,0,1,0,0.39999999992,0.5131439228615301,0.167224683119891,0.21319664643536446,0.41869301976953344,0.09139091158658691,0.059999999979999975,0.8252036211683599,0.5277391626223343,0.0,3,0.5842819614710394,50
SNE_13395383.jpg,1,,0,0,0,0,0,1,0,0.79999999984,0.5058046487230325,0.3470981187412646,0.19801102856100092,0.49087208806744825,0.18813152540454137,0.11507936504100533,0.8424289619903583,0.5315208376695724,0.0,5,0.890066802207248,63
SNE_13395384.jpg,1,,0,0,1,0,0,0,0,0.19999999996,0.3708203080088096,0.20330317314501734,0.21438138662084993,0.47423105445595015,0.10710522914789143,0.11702127655673755,0.7989018202262986,0.5164574741589084,0.0,2,0.6456153945498326,47
SNE_13400326.jpg,1,,0,0,0,0,0,0,1,0.19999999996,0.12162692109350579,0.0,0.20798977636421573,0.4935406881888269,0.02601104928613466,0.3203124998932292,0.5530728356386089,0.4431539923924477,0.0,2,0.17606773751711569,96
SNE_13400360.jpg,1,,0,0,0,0,0,0,1,0.0,0.08312185477736411,0.00915218108110826,0.22568192271240795,0.5231407128182823,0.040692840482814,0.16363636358181818,0.7116509982428626,0.49036175984418934,0.0,1,0.3155587078470362,55
SNE_13401564.jpg,1,,0,0,0,0,0,0,1,0.19999999996,0.5349827702486091,0.0,0.1880633028181611,0.37640985491020823,0.06913608833700301,0.31967213104098363,0.6648012327182395,0.42081371711250476,0.0,2,0.2449366608510868,122
SNE_13401585.jpg,1,,0,1,0,0,0,0,0,0.39999999992,0.70113992051573,0.030535316473432186,0.1948018033748457,0.4807732822200502,0.07647405266016595,0.1853932583651685,0.6797172429491087,0.4096871707533817,0.0,3,0.35191003803537,89
SNE_13401684.jpg,1,,0,0,1,0,0,0,0,0.39999999992,0.5988413481870416,0.0,0.2007317685375791,0.5192016004982574,0.04844893690607829,0.09195402295785444,0.7120547673802553,0.37614723547046414,0.0,3,0.26198675496687585,87
SNE_13406516.jpg,1,,0,0,0,0,0,0,1,0.19999999996,0.24765705067562008,0.0,0.21232839904315162,0.3788667255345699,0.011255793420774911,0.24025974017965365,0.4147188762714442,0.4025850958718028,0.012365608183957742,2,0.1702241700034628,77
SNE_13406535.jpg,1,,0,0,1,0,0,0,0,0.59999999988,0.5653582122358183,0.0,0.20531221380854675,0.44243832281489726,0.0,0.28124999990625,0.5012715279669125,0.37726946712637793,0.1557652785537791,4,0.1697940376394779,72
SNE_13406537.jpg,1,,0,0,1,0,0,0,0,0.59999999988,0.5927458557139582,0.20050352394231902,0.19343303882201116,0.4606387121837602,0.10788031795735559,0.19915254230649715,0.8134300585732801,0.5169084527298026,0.0,4,0.6408559909024458,59
SNE_13406544.jpg,1,,0,0,0,0,0,0,1,0.19999999996,0.30375456184610333,0.0,0.17570892724179368,0.45712822106932277,0.017099977054426584,0.45967741920161287,0.4835375133377213,0.428640679643655,0.13779525131826684,2,0.13363535344901045,155
SNE_13406578.jpg,1,,0,0,1,0,0,0,0,0.19999999996,0.546626612569188,0.13069312038602937,0.2216384752631076,0.4203077349688996,0.12361602290692016,0.08606557374180324,0.7492517555453474,0.4877612752940101,0.0,2,0.522178304786943,61
SNE_13406581.jpg,1,,0,0,0,0,0,1,0,0.59999999988,0.4690056720190931,0.0,0.20169987067672077,0.43750948163894543,0.005869863867498808,0.28370786507397006,0.5763819682657154,0.36626893368805824,0.023254651869278817,4,0.14120144873235568,89
SNE_13406639.jpg,1,,0,0,0,0,0,1,0,0.19999999996,0.18052198143380116,0.4341200592516081,0.177135721556913,0.5183279935642808,0.055293736717970866,0.13333333328888886,0.7513558635169915,0.5231363529342642,0.0,2,1.038004101161854,30
SNE_13429631.jpg,1,,0,0,0,0,0,0,1,0.19999999996,0.30295784011999605,0.001931584865620253,0.17783081423539815,0.44283520309731894,0.0660472292133873,0.22656249992447916,0.7916169146742363,0.4063559393423218,0.0,2,0.303283694273486,96
SNE_13429639.jpg,1,,0,1,0,0,0,0,0,0.0,0.1972947168378288,0.06461867383037212,0.1892299927868057,0.3714752146409517,0.10198739314684073,0.19767441853875967,0.8609152916558376,0.4759008750178132,0.0,1,0.40985174557625126,86
SNE_13429644.jpg,1,,0,0,0,0,0,0,1,0.19999999996,0.4914555040327396,0.011002941602154917,0.18239360628567847,0.4051967837837296,0.06981540150225894,0.2368421051842105,0.7465665560718981,0.4094912546962966,0.0,2,0.3187050007346663,95
SNE_13429648.jpg,1,,0,0,0,0,0,1,0,0.19999999996,0.32868560646338685,0.0,0.19835328548543094,0.34911659850466714,0.016993155531006974,0.3177966100635593,0.6246652469530576,0.4037059189041179,0.0,2,0.2425560538116483,59
SNE_13429654.jpg,1,,0,0,0,0,0,1,0,0.39999999992,0.37706944723263536,0.02025803214456539,0.17185225883867994,0.33398668037632157,0.06080929466504473,0.36813186800915754,0.7733734598749569,0.4017457453971495,0.007231959480390199,3,0.3344386546660192,91
SNE_13429661.jpg,1,,0,0,0,0,0,1,0,0.19999999996,0.6976506244544508,0.0,0.1781861241716327,0.2753164161876479,0.023083537267872104,0.39367816078831414,0.6919655535690941,0.3930753021761072,0.15953876807365994,2,0.21823533302466372,87
SNE_13429666.jpg,1,,0,1,0,0,0,0,0,0.19999999996,0.155291137643678,0.04867536406181619,0.1486193924248679,0.4623680911963597,0.04401365290141332,0.310975609652439,0.7530373894987188,0.3829196096712371,0.0,2,0.3827481189537629,82
SNE_13429671.jpg,1,,0,1,0,0,0,0,0,0.19999999996,0.185950529869362,0.2091019220702055,0.1858350808687472,0.4861579107040958,0.14226064296063134,0.13698630132420095,0.787705464432389,0.49748604669560054,0.0,2,0.6554732677284513,73
SNE_13429672.jpg,1,,0,0,0,0,0,1,0,0.59999999988,0.5304908094249992,0.0,0.19540150850793192,0.4435181762499385,0.027405822652859874,0.1865079364457672,0.7466188510397671,0.4066749366944157,0.0,4,0.2981075601042629,63
SNE_13429677.jpg,1,,0,0,0,0,0,0,1,0.19999999996,0.5937227065947309,0.0,0.17227349333899944,0.31936810792884285,0.027641349003729467,0.21052631571929822,0.7519864344313174,0.39796609449837955,0.0,2,0.27084085892031823,76
SNE_13429680.jpg,1,,0,1,0,0,0,0,0,0.19999999996,0.27336756049801253,0.03391871938325094,0.20743254680190504,0.5265386937530858,0.08294514356113519,0.19551282044764953,0.7483567266417301,0.47354650385261404,0.0,2,0.3576618229854453,78
SNE_13429687.jpg,1,,0,1,0,0,0,0,0,0.19999999996,0.46905755806369637,0.059610599171489025,0.19105245468258844,0.5442867744853042,0.06651681236171327,0.1679104477052239,0.722487459774213,0.4385329847175366,0.0,2,0.40133801865114194,67
SNE_13429688.jpg,1,,0,1,0,0,0,0,0,0.19999999996,0.3659550966750954,0.0,0.16307223318452835,0.4490728786675307,0.034020775340238424,0.3010204080629252,0.7856704689767816,0.3875604212240454,0.023381044868905132,2,0.25377998790403017,98
SNE_13429695.jpg,1,,0,0,0,0,0,0,1,0.19999999996,0.37229433341313733,0.0,0.1836484167306696,0.39929594449771966,0.023766604513150293,0.30379746825316456,0.7868263870691272,0.3949836784072376,0.4409525150672557,2,0.23338968102306948,79
SNE_13429699.jpg,1,,0,1,0,0,0,0,0,0.19999999996,0.523872995299699,0.0774503661207541,0.21800930517490122,0.5124024179573364,0.08397593822012336,0.06465517239224135,0.8231157574783468,0.4906903376107349,0.0,2,0.4316656224827323,58
SNE_13429700.jpg,1,,0,1,0,0,0,0,0,0.19999999996,0.3186729729244887,0.2568663827656516,0.19769666285160156,0.2801736200366515,0.14591673987330478,0.045081967198087464,0.6738997176054464,0.48051945768304305,0.0,2,0.7366728509584741,61
SNE_13429703.jpg,1,,0,0,0,0,0,0,1,0.0,0.17106996780827835,0.13709793924970162,0.1992009747124034,0.48034168558150037,0.08142502165016673,0.13392857138392852,0.8499122250747027,0.4752143554362026,0.0,1,0.5330664968615907,56
SNE_13429704.jpg,1,,0,0,0,0,0,0,1,0.19999999996,0.44010064858482867,0.0,0.17742796282615442,0.24610177267291117,0.014712493284832403,0.33441558430411256,0.7183167959269667,0.39987854424007835,0.4642028586449358,2,0.22180863438465148,77
SNE_13429708.jpg,1,,0,0,0,0,0,0,1,0.0,0.19565986839342112,0.16752204227542344,0.17426383392989042,0.31538135617724783,0.10514541385336035,0.15671641785820892,0.7408749006222092,0.4890314072381106,0.0,1,0.5847874720357419,67
SNE_13429710.jpg,1,,0,1,0,0,0,0,0,0.39999999992,0.6750135479725217,0.0903436353411224,0.1828127621074891,0.3557630922142154,0.1425143468222092,0.1736111110532407,0.6766877771209745,0.4707371691449142,0.0,3,0.4535841801702517,108
SNE_13429712.jpg,1,,0,1,0,0,0,0,0,0.19999999996,0.40367977876919536,0.0,0.17908144877563062,0.36785081276683246,0.03657448706133184,0.28271028027959505,0.7900180514270532,0.4042458756457954,0.0,2,0.21501663234594598,107
SNE_13429713.jpg,1,,0,0,0,0,0,0,1,0.19999999996,0.2995852691403234,0.0,0.18460305234943242,0.5174273035105703,0.02310658615568163,0.43085106368617015,0.7388535783125508,0.3930852537969693,0.0,2,0.19928967269831913,94
SNE_13429719.jpg,1,,0,1,0,0,0,0,0,0.0,0.16924971450133008,0.1302620700735464,0.20453783990840146,0.5090339173829809,0.06264108893030139,0.08854166663715278,0.83596560752672,0.514739505275473,0.0,1,0.5214455192552909,48
SNE_13429723.jpg,1,,0,1,0,0,0,0,0,0.19999999996,0.5009077237660158,0.13990104823772992,0.19134333190962993,0.4381125534644754,0.1197227815999503,0.1874999999375,0.772577415635095,0.490061658745576,0.0,2,0.5378317821440419,76
SNE_13429729.jpg,1,,0,0,0,0,0,0,1,0.19999999996,0.19193027197971968,0.11871987176474647,0.1855561803437332,0.46499011452368744,0.11374854415744305,0.1634615384070513,0.7905250229902687,0.48003486523734556,0.0,2,0.5018237821187889,78
SNE_13429730.jpg,1,,0,0,0,0,0,0,1,0.19999999996,0.2963262388451989,0.19719865561472114,0.22508995125316425,0.5355230018104256,0.1085784777321905,0.054347826068840595,0.7841376171388145,0.5204869183690778,0.0,2,0.6352377147422246,46
SNE_13429738.jpg,1,,0,0,0,0,0,0,1,0.19999999996,0.24011935374936205,0.0,0.1996727484567693,0.5020310990028231,0.019047954779438086,0.22950819664480876,0.6198167119196831,0.4195903960263997,0.3554513608928393,2,0.24527796383120137,61
SNE_13429739.jpg,1,,0,1,0,0,0,0,0,0.39999999992,0.424644773821274,0.22278113686357742,0.2048765827703457,0.5449306399379803,0.23731326559305804,0.22443181810700757,0.6934509067687166,0.5081409469193305,0.0,3,0.6787279328908628,88
SNE_13429740.jpg,1,,0,0,0,0,0,0,1,0.39999999992,0.3777511960253441,0.0,0.18907443970651938,0.4162405041489287,0.035774075428822626,0.26898734168248944,0.6630772620270537,0.43264695894068445,0.0,3,0.24527980949139966,79
SNE_13429744.jpg,1,,0,0,0,0,0,0,1,0.59999999988,0.6350509865761225,0.1107901292021324,0.16679033835728405,0.3699399682591036,0.06716715916255939,0.1060606060252525,0.8562745493177523,0.4242020082054048,0.0,4,0.4883432197544152,66
SNE_13429750.jpg,1,,0,0,0,0,0,0,1,0.19999999996,0.22056606750428376,0.0,0.20406993084230599,0.45087782594685755,0.014758406897027444,0.14903846148878203,0.6798412014368163,0.43561833654310556,0.0,2,0.2741061755146127,52
SNE_13429757.jpg,1,,0,1,0,0,0,0,0,0.19999999996,0.40495480527861505,0.06441991324889265,0.1635692199721533,0.3418386406162181,0.03265744077383868,0.14919354833736556,0.8020165805652917,0.42152253029989123,0.0,2,0.4095138525875374,62
SNE_13429765.jpg,1,,0,1,0,0,0,0,0,0.0,0.12646844476955849,0.0,0.16159506310276156,0.4745501183926293,0.07093622862069947,0.2878151259544818,0.7316196405085265,0.44235827115560844,0.0,1,0.2988596456615121,119
SNE_13429773.jpg,1,,0,1,0,0,0,0,0,0.39999999992,0.5636405007642514,0.2659590696514887,0.18538362366804162,0.4266136634061465,0.13587228535499407,0.07327586204454023,0.8263067316805892,0.4839254993281526,0.0,3,0.7521304186734898,58
SNE_13429774.jpg,1,,0,0,0,0,0,0,1,0.19999999996,0.35738068137735257,0.3565545639631286,0.20990120144905708,0.4299798742122036,0.15507712310444713,0.09782608692391304,0.8031362818348355,0.527084283675219,0.0,2,0.9061427590938733,46
SNE_13429778.jpg,1,,0,1,0,0,0,0,0,0.0,0.1474244049319222,0.0,0.15593224594649338,0.4018577470933749,0.02419131341025726,0.34345794381074757,0.7690195624854802,0.39320710194495756,0.5321019581832582,1,0.2120153875535369,107
SNE_13429781.jpg,1,,0,0,0,0,0,0,1,0.19999999996,0.3189667698182751,0.016323280571657946,0.1717166793085681,0.39652006373361237,0.05980051651339601,0.3490099008737623,0.8058181799842522,0.41253234250600357,0.060236885829661864,2,0.3277495769881418,101
SNE_13430886.jpg,1,,0,0,0,0,0,1,0,0.79999999984,0.8137899888956076,0.0,0.15011622072941305,0.2519537282298747,0.02862918175221396,0.33007812488997396,0.6616465683797845,0.38417860401754234,0.23826433469183442,5,0.21448904757309142,128
SNE_13430888.jpg,1,,0,0,0,0,0,1,0,0.59999999988,0.548783403810537,0.0,0.16195923799027304,0.39102863587378267,0.027072300872633563,0.37288135580790965,0.6754996178171468,0.38629881409516803,0.06919917772210468,4,0.19022073921970767,118
SNE_13430891.jpg,1,,0,0,0,0,0,1,0,0.59999999988,0.2943661298275566,0.0,0.16442480010375135,0.34325684059986517,0.009347857462031262,0.3561643834429223,0.7383987921739925,0.38570490338626623,0.0,4,0.22416518793353044,73
SNE_13430892.jpg,1,,0,0,0,0,0,1,0,0.19999999996,0.6039380496051481,0.0,0.15867395274278506,0.40110404735918326,0.01981815117469729,0.38315217378532607,0.6070166958087757,0.3937043976970871,0.0,2,0.22314989376663907,92
SNE_13430896.jpg,1,,0,0,0,0,0,1,0,0.59999999988,0.8465092393801333,0.0,0.15538831613522333,0.3087546117652521,0.031335036575040685,0.33980582512944985,0.6412593451129269,0.3971243334223754,0.0,4,0.25079768284748766,103
SNE_13430907.jpg,1,,0,0,0,0,0,1,0,0.39999999992,0.8533441107572115,0.0,0.15530446378173052,0.3061271950693584,0.04115097506519658,0.4622302156732614,0.6544952237203023,0.4001053857608325,0.09707722155457144,3,0.2161316788021686,139
SNE_13430911.jpg,1,,0,0,0,0,0,1,0,0.19999999996,0.433363453268799,0.014211758081626079,0.14592507590522794,0.4735248805632721,0.03061111234060488,0.43333333318888884,0.7361655861582272,0.42812275416676054,0.14046581189533305,2,0.3241599887529761,90
SNE_13430912.jpg,1,,0,0,0,0,0,1,0,1.0,0.7109117741973714,0.029563830197160343,0.15693448678730706,0.13315429180020952,0.019890228935577924,0.24778761053687318,0.6079408334438883,0.39447786599444845,0.0,8,0.3502585113647364,113
SNE_13430913.jpg,1,,0,0,0,0,0,1,0,1.0,0.7377254503074899,0.0,0.15792885905996698,0.12736204559725825,0.017335490564377876,0.43065693416301704,0.6647819657299714,0.39759141098704837,0.0,8,0.29572271386430105,137
SNE_13430920.jpg,1,,0,0,0,0,0,0,1,0.59999999988,0.709144409081937,0.0014250717293536358,0.16754998977955443,0.2755976945168239,0.042251959500029294,0.4016853931245318,0.6574422216330909,0.3997280188484765,0.0,4,0.30242262194132624,89
SNE_13430921.jpg,1,,0,0,0,0,0,1,0,0.39999999992,0.35931860865674825,0.009793691138424156,0.15167919030816662,0.503524968969496,0.037325601430550505,0.3342105262043859,0.7480173805834645,0.4405029811471189,0.0,3,0.31664927494511474,95
SNE_13430922.jpg,1,,0,0,0,0,0,1,0,0.19999999996,0.5301596652289622,0.0,0.17017023391627376,0.44762493774927165,0.033014827995773696,0.3614130433577899,0.7040688385045664,0.3876963338097284,0.0,2,0.2347884533748325,92
SNE_13430928.jpg,1,,0,0,0,0,0,1,0,0.39999999992,0.5701382147739451,0.0,0.17094518706816902,0.39938115750719705,0.027800332755236155,0.4452380950896826,0.7331918236182537,0.37797359969205374,0.37268051743490355,3,0.19665832217499574,105
SNE_13430940.jpg,1,,0,0,0,0,0,1,0,0.19999999996,0.35473360638354784,0.011033672622756218,0.17156262850847603,0.4141078623180674,0.04473003851683862,0.24698795172489962,0.6367306524783263,0.41325244525944504,0.0,2,0.31875724346971923,83
SNE_13430943.jpg,1,,0,0,0,0,0,1,0,0.19999999996,0.42311541460429697,0.0,0.18864515563501727,0.2662464314631673,0.014164954719389698,0.3673469386530612,0.6115588430168614,0.3815360007188413,0.0839027158643801,2,0.16105053225931362,98
SNE_13430948.jpg,1,,0,0,0,0,0,0,1,0.19999999996,0.4228537122117035,0.0,0.1546745262434748,0.3382105774063826,0.025897256665222218,0.3269230768141026,0.680710219216675,0.39197683633218855,0.1934852682296102,2,0.29585177898015097,91
SNE_13430960.jpg,1,,0,0,0,0,0,0,1,0.19999999996,0.501413532446615,0.0,0.14413306398623532,0.3373618379177211,0.017582528285391044,0.45108695637137675,0.7395116032958169,0.42491853707364835,0.19395995603841623,2,0.2637974536701296,92
SNE_13430966.jpg,1,,0,0,0,0,0,1,0,0.19999999996,0.4161929562048008,0.038088956653456865,0.16516181374365643,0.39615436033466356,0.01586481971890157,0.19230769224358973,0.7449081863904745,0.43155980422629414,0.0,2,0.3647512263489656,52
SNE_13430968.jpg,1,,0,0,0,0,0,0,1,0.39999999992,0.7557081550184463,0.0,0.1565104812330991,0.21901840506985543,0.05131590084170078,0.3678571427345238,0.7142728720663605,0.42617295849875053,0.0,3,0.2193945207798375,140
SNE_13430970.jpg,1,,0,0,0,0,0,1,0,0.39999999992,0.48951473027096437,0.0,0.1584492381232152,0.40402579590869314,0.014373920464995912,0.4027777776435186,0.7447044858914379,0.36491367846762396,0.1143970813365145,3,0.18683987174650635,108
SNE_13430971.jpg,1,,0,0,0,0,0,0,1,0.19999999996,0.6614559121239276,0.0,0.15599934917974806,0.10497513210702097,0.06145421356452575,0.27487562179892205,0.0,0.5464483145666871,0.0,2,0.17054179967215577,201
SNE_13430976.jpg,1,,0,0,0,0,0,0,1,0.59999999988,0.5544430987241495,0.0,0.16058977874574612,0.3811386027652242,0.048430174098031784,0.3974358973034189,0.6945974454948678,0.4464819033029887,0.05631195355889223,4,0.26652661983849973,117
SNE_13430980.jpg,1,,0,0,0,0,0,1,0,0.0,0.17617202866543835,0.0,0.15971266918616983,0.4053348956684884,0.006910488423159901,0.40909090895454536,0.5746407863348061,0.3828377954685292,0.0,1,0.2516969489201148,66
SNE_13430982.jpg,1,,0,0,0,0,0,1,0,0.39999999992,0.49695641187832856,0.0,0.18109284695319933,0.3280099937944344,0.03191474547174151,0.3205882351872549,0.6346806014515882,0.42129987025931176,0.30072192213467014,3,0.24061684998298216,85
SNE_13430990.jpg,1,,0,0,0,0,0,0,1,0.19999999996,0.3786769913472283,0.0,0.16738144026323099,0.40681593278405515,0.026362320122621397,0.33561643824429216,0.7256171335130319,0.43779076659075483,0.0,2,0.286977260578137,73
SNE_13430991.jpg,1,,0,0,0,0,0,1,0,0.59999999988,0.9135556651350174,0.06350020194516738,0.1858060285355381,0.41086898799508337,0.06726999748801854,0.054347826068840595,0.8159859400578178,0.3916126212096022,0.0,4,0.40795034337028474,69
SNE_13430992.jpg,1,,0,1,0,0,0,0,0,0.39999999992,0.7995017861368515,0.07599614587373339,0.18494101594292053,0.37423611031126014,0.0928700561147557,0.22812499992395832,0.7845611673070634,0.4713998604697239,0.0,3,0.4291934480613429,80
SNE_13430996.jpg,1,,0,1,0,0,0,0,0,0.19999999996,0.3040724059437857,0.07154277407519324,0.15685151992014823,0.37772395730582126,0.059254148422514676,0.4226190474781746,0.6152976420371818,0.4865350505297574,0.0,2,0.4216227159993713,84
SNE_13430998.jpg,1,,0,0,0,0,0,1,0,0.59999999988,0.7573242673776802,0.0,0.16225804691360987,0.4005911046636279,0.0242002344231249,0.23546511620058136,0.5012578849826763,0.431989628539,0.0,4,0.26823058120585724,86
SNE_13431002.jpg,1,,0,0,0,0,0,1,0,0.39999999992,0.6018808652108424,0.0,0.16709638138689095,0.5089333908633719,0.026676468678816453,0.432608695507971,0.5545146565658972,0.38263305783798024,0.008108178827395689,3,0.18734767682590772,115
SNE_13431003.jpg,1,,0,0,0,0,0,1,0,0.79999999984,0.8751733628843619,0.0,0.17937723090273394,0.4104807581608068,0.014032391196890738,0.2219101122855805,0.6222023425958716,0.3707217112033669,0.6665471120531108,5,0.19252554578316136,89
SNE_13431006.jpg,1,,0,0,0,0,0,1,0,0.59999999988,0.6264965880253421,0.0,0.1768199202195986,0.3308059450442185,0.024412127261002232,0.3829113922774261,0.5404894485252753,0.37724151440139253,0.0,4,0.2570412096056827,79
SNE_13431008.jpg,1,,0,0,0,0,0,1,0,0.39999999992,0.49386275857837103,0.058330477204102754,0.16179407160139264,0.44729949057964175,0.030756898373964312,0.17338709671639788,0.5981001820776852,0.48537809607643556,0.0,3,0.39916181130530515,62
SNE_13431011.jpg,1,,0,0,0,0,0,1,0,0.59999999988,0.8708424841685949,0.0,0.17374680736475312,0.40230792926932146,0.051308702630806446,0.2272727271969697,0.5097001684717078,0.42900705176326565,0.9280803121152162,4,0.28569718731297483,99
SNE_13431021.jpg,1,,0,0,0,0,0,1,0,0.59999999988,0.4529212436362571,0.01692262544244728,0.1760007898308831,0.44369558616466664,0.029742016191896613,0.16796874994401043,0.6358940842392338,0.42796647078319555,0.0,4,0.328768463269083,64
SNE_13431035.jpg,1,,0,0,0,0,0,1,0,0.79999999984,0.7997118851770804,0.0,0.16513460169851257,0.46870352766198714,0.03300076745621116,0.41273584891902515,0.6083720104796115,0.46758822255345994,0.7937068198086206,5,0.23895625479661584,106
SNE_13431038.jpg,1,,0,0,0,0,0,1,0,0.59999999988,0.5874567997672749,0.051736996114718166,0.17796262362063556,0.46291254237188506,0.06302918505794355,0.262820512732906,0.5004704640466434,0.4325717754682485,0.15346443325741452,4,0.3879528934467579,78
SNE_13431039.jpg,1,,0,0,0,0,0,1,0,0.59999999988,0.7474214714864627,0.0,0.14877730565047034,0.4162332659276454,0.02412569065566697,0.374999999875,0.5873442232291957,0.3892774308720483,0.5587666584194964,4,0.20651732134745007,122
SNE_13431041.jpg,1,,0,0,0,0,0,1,0,0.39999999992,0.6058184079466162,0.0,0.17809596252332383,0.4591161235081803,0.023601382126178443,0.24719101115355804,0.6552831156890047,0.39865279708252593,0.0,3,0.21908667773328713,89
SNE_13431717.jpg,1,,0,0,0,0,0,1,0,0.39999999992,0.6508943992001255,0.0,0.17486038832540202,0.45326875184438836,0.07058693468463505,0.3481308410054518,0.6025172365585567,0.38790007061444304,0.0,3,0.2774374234202574,107
SNE_13431718.jpg,1,,0,1,0,0,0,0,0,0.19999999996,0.344237828718837,0.0,0.1921528378901846,0.3524209804777736,0.06114130101656854,0.3413978493485664,0.6891704239539147,0.42302333933787967,0.09821021671850845,2,0.25535772395517387,93
SNE_13431724.jpg,1,,0,0,0,0,0,1,0,0.79999999984,0.6105962822677884,0.0,0.1881834508400354,0.4534453573789684,0.09826762553299763,0.3205128204059829,0.5177579958876264,0.42245462950580054,0.0,5,0.2829347186825974,117
SNE_13431726.jpg,1,,0,0,0,0,1,0,0,0.59999999988,0.7572053976087694,0.0,0.18176926141549832,0.3740152636585125,0.058229044682459985,0.41317365255688626,0.6495989550461474,0.4016175416942208,0.0,4,0.15365016901265946,167
SNE_13431729.jpg,1,,0,0,0,0,0,1,0,0.39999999992,0.4355892351304902,0.0,0.1920393529416364,0.538093110759995,0.04977884882808202,0.36036036024024026,0.5529179139443523,0.386789915334508,0.0,3,0.19023244399256073,111
SNE_13431735.jpg,1,,0,1,0,0,0,0,0,0.19999999996,0.6702316105454014,0.0,0.1830716503367138,0.4487647739311137,0.08417833573943388,0.3109243696442577,0.6783106583335481,0.39942880492197386,0.0,2,0.25434687636521386,119
SNE_13431737.jpg,1,,0,0,0,0,0,1,0,0.59999999988,0.6814809584919697,0.0,0.1657620319105043,0.38700298916288045,0.05600430531873619,0.3653846152628205,0.6656876591797557,0.3857469396098758,0.03621987186154448,4,0.20736083325393898,130
SNE_13431739.jpg,1,,0,0,0,0,0,1,0,0.79999999984,0.7016759202567364,0.0,0.20391119975977803,0.3811428380776623,0.07822764269527462,0.3589285713089285,0.6118154812352632,0.4205545993148608,0.0,5,0.18587056901327748,140
SNE_13431740.jpg,1,,0,0,0,0,0,1,0,0.79999999984,0.7733969044332332,0.001178909711075229,0.1713044030717949,0.4800529313213766,0.08437299190456059,0.26769911495501475,0.6340533764732379,0.391523952394426,0.0,5,0.3020041465100068,113
SNE_13431752.jpg,1,,0,0,0,0,0,1,0,0.79999999984,0.7901023883532423,0.0,0.16081590226674145,0.18885273905917982,0.10621843399063284,0.3373287670108448,0.5887165939975179,0.4132715832255536,0.0,5,0.2949104891057058,146
SNE_13431753.jpg,1,,0,0,0,0,1,0,0,0.9999999998,0.5817776286949551,0.0,0.15844912226473543,0.444302252405831,0.07830813516383502,0.3287401573707349,0.666580853770057,0.4026199085927119,0.0,6,0.28420310296190704,127
SNE_13431754.jpg,1,,0,0,0,0,1,0,0,1.0,0.8246016530811945,0.0,0.1566950070836012,0.394826332351596,0.06862039909742809,0.26694915245338985,0.6526090096553782,0.407972119447006,0.05203696403348922,7,0.2866458414681653,118
SNE_13431755.jpg,1,,0,0,0,0,0,1,0,0.39999999992,0.8363038924182267,0.03446314045278807,0.16079684496401506,0.3600677926002137,0.10033730280142977,0.2584033612584033,0.5841115473365197,0.40472105125011937,0.0,3,0.35858733880420285,119
SNE_13431756.jpg,1,,0,0,0,0,1,0,0,0.39999999992,0.6683297599228271,0.008593888451609945,0.17727737974615013,0.4841575751935563,0.12475105958016282,0.2973484847493687,0.6365974638125208,0.40679176631292147,0.0,3,0.3146096103763308,132
SNE_13431760.jpg,1,,0,0,0,0,0,1,0,0.79999999984,0.5257563546982567,0.0,0.17983340436680006,0.3919219073058422,0.04577057368017335,0.42025862054956886,0.6086446551305419,0.40440538020675537,0.0,5,0.19112242924375633,116
SNE_13431762.jpg,1,,0,0,0,0,1,0,0,0.39999999992,0.41351120104265937,0.0,0.19651772464555442,0.49376080113904736,0.07885500180722751,0.31198347097038565,0.5922730733227505,0.41601372648292206,0.08749500922554228,3,0.22447041334598733,121
SNE_13431763.jpg,1,,0,1,0,0,0,0,0,0.39999999992,0.7132508230196162,0.08915290248786541,0.1747614373094239,0.32109654871650806,0.10401002504920241,0.17816091948084292,0.7029238064023602,0.44321309358877453,0.0,3,0.4515599343185241,87
SNE_13431764.jpg,1,,0,0,0,0,0,1,0,0.39999999992,0.4829742523401279,0.013017131095271316,0.16621149967985283,0.29075989102600897,0.09649165291292615,0.27777777768518513,0.6605492627302981,0.4080666013261457,0.0,3,0.32212912287497836,117
SNE_13431768.jpg,1,,0,0,0,0,0,1,0,0.39999999992,0.6135438571348697,0.0,0.17628767663837971,0.38946686524892854,0.0711838089557741,0.2882882881921922,0.6388097323776369,0.4098790223043022,0.0,3,0.26826890471345083,111
SNE_13431770.jpg,1,,0,1,0,0,0,0,0,0.79999999984,0.6901078006167188,0.0,0.18931917622788166,0.526337117875239,0.0641591383937986,0.2545045044196697,0.5388415095950447,0.41048126496005816,0.0,5,0.23277757786572975,111
SNE_13431773.jpg,1,,0,0,0,0,0,1,0,0.59999999988,0.7325502438509981,0.0,0.18548905704058408,0.143723533556577,0.08397060320174368,0.1681818181257576,0.5959183754688491,0.3670483881836686,0.0,4,0.2894153178235907,110
SNE_13431779.jpg,1,,0,1,0,0,0,0,0,0.39999999992,0.7589946137377293,0.0,0.1909298916654479,0.42901010407398954,0.0848682807395316,0.31802721077834467,0.6211995494291813,0.401042402281041,0.0,3,0.2063339731285915,147
SNE_13431784.jpg,1,,0,1,0,0,0,0,0,0.39999999992,0.6526902565256907,0.06408489673383004,0.15846206287859985,0.2352175488535481,0.06028764242441568,0.3773291924208075,0.6928426562054641,0.44862667736436335,0.2659470660950313,3,0.40894432451159596,161
SNE_13431785.jpg,1,,0,0,0,0,0,1,0,0.39999999992,0.49389264714893577,0.021189463213265626,0.1760472601372711,0.4378432537182963,0.08128376375254971,0.31914893606382977,0.6331045079095634,0.4133044394873316,0.0,3,0.336022087483741,94
SNE_13431786.jpg,1,,0,0,0,0,0,1,0,0.39999999992,0.7212916092402533,0.0,0.16585325248802615,0.3859366304810184,0.05444869880764866,0.39204545441477273,0.6453487948033996,0.384601357793942,0.0,3,0.22086929716398826,132
SNE_13431789.jpg,1,,0,1,0,0,0,0,0,0.39999999992,0.5533127161611021,0.0,0.19274216104934405,0.4957157120569626,0.09915578626178226,0.24545454537272726,0.6517865616644041,0.41273859139467517,0.0,3,0.2904934193277599,110
SNE_13431791.jpg,1,,0,0,0,0,0,0,1,0.39999999992,0.7982945795351407,0.0,0.19173421450029582,0.4452230897572006,0.06874260083715525,0.28653846144294876,0.6727582613907774,0.3962952082644544,0.009967123025171326,3,0.20297310721634135,130
SNE_13431792.jpg,1,,0,0,0,0,0,1,0,0.59999999988,0.8372878135014732,0.024931786954971343,0.17173573321510155,0.4212390110769363,0.10299506865447006,0.25434782600217387,0.6488775699372007,0.3970412915319887,0.0,4,0.34238403784838306,115
SNE_13431798.jpg,1,,0,0,0,0,0,1,0,0.79999999984,0.8157401271612343,0.02972062549410488,0.16624727786478674,0.4912184325279777,0.10936619391232781,0.20378151253711485,0.6930885773888653,0.4003705969038126,0.05058886349873805,5,0.3505250633696989,119
SNE_13431800.jpg,1,,0,0,0,0,0,1,0,0.59999999988,0.8204011678696342,0.0,0.17136224267282885,0.18305591759265724,0.07353244532871207,0.34854014586922133,0.657667938994904,0.3975054750495063,0.0,4,0.23526735722283612,137
SNE_13431803.jpg,1,,0,0,0,0,0,1,0,0.19999999996,0.3558837770479139,0.0,0.19689920029027302,0.4760242179883585,0.05685907054487284,0.3342105262043859,0.5751623296555146,0.4177182125974349,0.0,2,0.23733193185300935,95
SNE_13431805.jpg,1,,0,0,0,0,0,1,0,0.39999999992,0.6682789351000666,0.03943434544991559,0.16719910211394992,0.49591710695744584,0.08704583675670266,0.23232323224579127,0.5773115254430222,0.4091669397926887,0.01697047657692501,3,0.36703838730429084,99
SNE_13431811.jpg,1,,0,0,0,0,0,1,0,0.39999999992,0.48190964744769316,1.0,0.17939650054644649,0.3101312121538857,1.0,0.03716216214977475,0.5813642568277102,0.5241575710118984,0.0,3,3.798959011058036,74
SNE_13431812.jpg,1,,0,0,0,0,0,1,0,0.59999999988,0.7721664111999071,0.09534032286455273,0.18046566142610776,0.49937487820173215,0.19757339664377127,0.16538461532948717,0.7281479351337958,0.43063156034535716,0.22880615994686482,4,0.46207854896507994,130
SNE_13431816.jpg,1,,0,0,0,0,1,0,0,0.9999999998,0.9155351025620473,0.0,0.1744195109912561,0.4294499097972281,0.06970166245413027,0.31358381492437376,0.5866785847530156,0.41430833070951795,0.0,6,0.17834206637108216,173
SNE_13431819.jpg,1,,0,1,0,0,0,0,0,0.39999999992,0.47338046325112887,0.0,0.1965512295005785,0.49946705266567193,0.04791341213841036,0.3055555554537037,0.566603713342984,0.41152446022952377,0.0,3,0.19945519510382426,108
SNE_13431823.jpg,1,,0,0,0,0,0,1,0,0.39999999992,0.6168721240241666,0.4595274004335222,0.14804036388355943,0.3751219173312671,0.20924105132482082,0.16411042939314927,0.775655557946115,0.5171878742848346,0.0,3,1.0811965811965152,163
SNE_13431826.jpg,1,,0,0,0,0,0,1,0,0.39999999992,0.5124034607536521,0.0,0.17861819139928697,0.3853278078408386,0.04889839972628275,0.34374999988541666,0.5309705266088652,0.4114778916430415,0.0,3,0.22963347677696136,104
SNE_13431829.jpg,1,,0,0,0,0,0,1,0,0.59999999988,0.8111845069486923,0.020300806235562654,0.1745652101721626,0.4330285686200651,0.0942861147852795,0.2729357797255351,0.628500959272649,0.39235393450776496,0.0,4,0.3345113706207573,109
SNE_13431830.jpg,1,,0,0,0,0,0,1,0,0.19999999996,0.5794152906205513,0.0,0.1934717391852345,0.2741284320171602,0.048394514429746766,0.4048507461337064,0.6103606561353978,0.39536078838246314,0.0,2,0.1620111731843529,134
SNE_13431832.jpg,1,,0,0,0,0,0,1,0,0.59999999988,0.8560945456878573,0.0,0.18580871998177262,0.38759771507982566,0.09328816996589132,0.2520491802438524,0.628902400004929,0.38410862056431627,0.0,4,0.2760203617852797,122
SNE_13431846.jpg,1,,0,0,0,0,0,1,0,0.79999999984,0.7353897896071857,0.0,0.19099911101434833,0.38798743211317865,0.06220738148857088,0.2668269229879807,0.5835764581802524,0.40099286112451205,0.0,5,0.23619503188988603,104
SNE_13431850.jpg,1,,0,0,0,0,0,1,0,0.39999999992,0.5206286715604799,0.0,0.18699192243847748,0.44149236477176435,0.046524251999313544,0.4110169490155367,0.5604329774807302,0.39975973197337894,0.0,3,0.19203627422804892,118
SNE_13431854.jpg,1,,0,0,0,0,0,1,0,0.59999999988,0.5389023638709356,0.006848624219315443,0.15957718223645392,0.4556530477115297,0.0928904050162254,0.32945736423126615,0.5471621331721821,0.40555874405687853,0.18882029926564978,4,0.31164266117968487,129
SNE_13431920.jpg,1,,0,0,0,0,0,1,0,0.39999999992,0.7283896163645098,0.0,0.17779778525819975,0.3908108363642834,0.08458632307360418,0.31204379551642336,0.7407879386116194,0.41574561644529723,0.0,3,0.24686001370174898,137
SNE_13431929.jpg,1,,0,0,0,0,0,0,1,0.19999999996,0.7136984382956817,0.0,0.1902382486115937,0.24312881058239397,0.0773626450152723,0.3260309277263746,0.7003382904592694,0.4149995349241903,0.0,2,0.15855676928169077,194
SNE_13431937.jpg,1,,0,1,0,0,0,0,0,0.19999999996,0.4054472506985698,1.0,0.14283696055788703,0.3655594196691336,0.5288544723080809,0.07317073168292682,0.6601898699606443,0.44883187210161435,0.0,2,2.5127997844240064,82
SNE_13431964.jpg,1,,0,0,0,0,0,0,1,0.19999999996,0.8629472398446028,0.0,0.18598709865475307,0.07922919238324726,0.10889120818171595,0.3387573963367849,0.7213866514958176,0.42380926040752476,0.0,2,0.224595046124783,169
SNE_13431971.jpg,1,,0,0,1,0,0,0,0,0.19999999996,0.6717619838603286,0.0,0.1731401817886882,0.44628270620393035,0.09026984930434068,0.3029100528090829,0.6878274965643248,0.41957867194716186,0.0,2,0.20005746300818275,189
SNE_13431985.jpg,1,,0,0,0,0,0,0,1,0.19999999996,0.5535605549239253,0.0,0.1836633794544059,0.5507838092423909,0.08295434919660852,0.36173184345484166,0.7834922666973532,0.4209561333299765,0.0,2,0.18093374014161015,179
SNE_13432003.jpg,1,,0,0,0,0,0,1,0,0.19999999996,0.7188376699489353,0.22917028499034928,0.1803281129810836,0.4261966931573276,0.12783673631022516,0.16319444439004627,0.8065976621573806,0.5291353795976264,0.0,2,0.689589484712764,72
SNE_13432504.jpg,1,,0,0,0,0,0,1,0,0.39999999992,0.7497560999165749,0.13799754369005973,0.15713151716167303,0.42503309395293254,0.07944043727071261,0.05666666664777775,0.8917418607349491,0.42233552369954247,0.0,3,0.5345958244110991,75
SNE_13432505.jpg,1,,0,0,0,0,0,0,1,0.19999999996,0.510644572743981,0.13322146437758087,0.1875622507161184,0.37755348292440205,0.11954710118157469,0.07999999997333333,0.8027470663563065,0.46095186708810454,0.0,2,0.526476489575109,75
SNE_13432506.jpg,1,,0,0,0,0,1,0,0,0.19999999996,0.6385268384196562,0.23615181923769832,0.17751827232210574,0.49102449937238757,0.12680053220108764,0.09230769227692304,0.8572539721061003,0.4620079358588187,0.0,2,0.701458092940239,65
SNE_13432509.jpg,1,,0,0,0,0,0,1,0,0.79999999984,0.7584381249986574,0.23270998013800406,0.15514864418061963,0.4554387914141246,0.17538843206442728,0.07749999997416664,0.8352491913289807,0.4432381826526233,0.0,5,0.6956069664673169,100
SNE_13432510.jpg,1,,0,0,0,0,1,0,0,0.79999999984,0.6444876168877496,0.0,0.17424460747624868,0.5829211394135851,0.08939014201373281,0.3529411763529411,0.6040139613921284,0.45612999195205034,0.0015873015661348523,5,0.2724999999999892,136
SNE_13432511.jpg,1,,0,0,0,0,0,1,0,0.79999999984,0.8437171389934937,0.20869822951261913,0.16490125934910754,0.3269460024164712,0.15712322489648317,0.03735632182662833,0.8486974867704968,0.4301524331433385,0.0,5,0.6547869903801508,87
SNE_13432513.jpg,1,,0,0,0,0,0,1,0,0.59999999988,0.7947742966785452,0.11752998923849609,0.15847058251546672,0.4108304046794693,0.11147112838432817,0.21276595737588652,0.6565920061198492,0.4540948470946143,0.0,4,0.49980098182297333,94
SNE_13432515.jpg,1,,0,0,0,0,0,1,0,0.79999999984,0.796397843638319,0.057714856186797996,0.1464831812150204,0.4409346431363585,0.09019143476460785,0.29090909081212124,0.4992740954447309,0.4306926686188639,0.0,5,0.39811525557527144,110
SNE_13432516.jpg,1,,0,0,0,0,0,1,0,0.39999999992,0.46393185448219476,0.0,0.17152186080098258,0.5269199643023157,0.059154633203498806,0.3455882351789215,0.4909168632533816,0.4160385606800523,0.0,3,0.2684491087789327,102
SNE_13432517.jpg,1,,0,0,0,0,0,1,0,0.9999999998,0.6932980723013982,0.08685976039840551,0.15455723662598322,0.4308174415924087,0.07218410021530437,0.17441860459302327,0.7532657425934377,0.41109752205544664,0.0,6,0.44766159276414913,86
SNE_13432518.jpg,1,,0,0,0,0,1,0,0,0.9999999998,0.7926212342957756,0.06545008407905842,0.16950094375756938,0.5375907586717855,0.08540553330537574,0.1577380951855159,0.6687704246343797,0.3960087088462816,0.0,6,0.4112651429998494,84
SNE_13432521.jpg,1,,0,0,0,0,0,1,0,0.59999999988,0.6579557367767002,0.0,0.16548187749760246,0.5330203406117482,0.06731773700765423,0.24545454537272726,0.6206008360428203,0.3864594852335356,0.0,4,0.2871172253760292,110
SNE_13432522.jpg,1,,0,0,0,0,1,0,0,1.0,0.8423566870421975,0.013332308748440736,0.16231323072453585,0.437725156543327,0.08029381094010898,0.25862068956896556,0.58272453322411,0.42422333206407337,0.0,7,0.32266492488568155,116
SNE_13432524.jpg,1,,0,1,0,0,0,0,0,0.79999999984,0.897872514878989,0.04773140235305848,0.14937243388346405,0.3887750748969508,0.08689427579143102,0.22173913036086954,0.46151043348860143,0.4238851055045292,0.0,5,0.3811433840479308,115
SNE_13432526.jpg,1,,0,0,0,0,0,1,0,0.59999999988,0.8108682176492388,0.0,0.15019749278054648,0.4280825733377498,0.056389439223913145,0.3209876542139918,0.3729654971177634,0.405278139029188,0.0,4,0.21708776595744128,162
SNE_13432528.jpg,1,,0,1,0,0,0,0,0,0.39999999992,0.9331157585900637,0.03324838414998501,0.18254110057577844,0.48901807535341574,0.11379607478317812,0.10046728968613705,0.6042565979570658,0.43209380479203496,0.0,3,0.3565222530882229,107
SNE_13432529.jpg,1,,0,0,0,0,0,1,0,0.39999999992,0.5468953818612201,0.0,0.16704962023114453,0.32937049517206796,0.05758462850792046,0.329545454435606,0.5799187282061283,0.4268092755792303,0.0,3,0.22676650696448816,132
SNE_13432530.jpg,1,,0,0,0,0,0,1,0,0.59999999988,0.8332470363317657,0.043565313423683825,0.17054410610227477,0.4322754386868808,0.09408203606501997,0.1868421052008772,0.654725278894319,0.4283477939575863,0.0,4,0.3740610328638278,95
SNE_13432531.jpg,1,,0,1,0,0,0,0,0,0.59999999988,0.7106567528810409,0.19783622568670722,0.1648793517800756,0.34870015743111643,0.18352639853981884,0.06958762884278348,0.8123874965552449,0.44376838596434504,0.0,4,0.6363215838652385,97
SNE_13432532.jpg,1,,0,0,0,0,0,1,0,0.79999999984,0.7768376387396916,0.31529204154049895,0.1475171414491721,0.19723589377386297,0.20276133915722064,0.05555555553703706,0.8906861079090479,0.4555994320047138,0.0,5,0.8359964709341402,99
SNE_13432534.jpg,1,,0,0,0,0,1,0,0,0.9999999998,0.8019009839279609,0.0,0.14156531392695465,0.35603115327723434,0.07611565261996155,0.3314606740468165,0.5478782956879951,0.3974002501527477,0.0,6,0.22705659236455963,178
SNE_13432535.jpg,1,,0,0,0,0,0,1,0,0.59999999988,0.9423796965781446,0.0325785486416706,0.14423898428807527,0.3414865024443119,0.08163265305317091,0.24999999991666666,0.6187259541347314,0.4358963634877319,0.0,4,0.35538353272341855,116
SNE_13432537.jpg,1,,0,0,0,0,1,0,0,0.59999999988,0.7980712158720327,0.04557551675987718,0.16726471650111818,0.35714549889999225,0.07432580980840629,0.1829268292073171,0.6984946717971838,0.415649742604577,0.0,4,0.3774783785373667,82
SNE_13432538.jpg,1,,0,0,0,0,0,1,0,0.59999999988,0.7749602220651849,0.013348735047979319,0.1580057162606377,0.37938125469009,0.06671177767601384,0.19902912614724916,0.6821530060838229,0.4195167569196397,0.0,4,0.32269284959491357,103
SNE_13432540.jpg,1,,0,0,0,0,1,0,0,0.9999999998,0.8422538260904082,0.28632709241872917,0.16318203837214676,0.4235008338703864,0.15165471898546395,0.09090909087878787,0.7949523666169376,0.43740992217762825,0.0,6,0.7867560573981667,66
SNE_13432542.jpg,1,,0,0,0,0,0,1,0,0.39999999992,0.6603485937629925,0.018911053426302345,0.160992275722334,0.3921374760794375,0.06396043643571361,0.19531249993489583,0.6201926959636871,0.38483387615104486,0.0,3,0.33214879084362503,96
SNE_13432544.jpg,1,,0,0,0,0,1,0,0,0.9999999998,0.8156309225794577,0.057933870629559577,0.14905994489180946,0.3326116212839025,0.06070765856222706,0.10174418601259692,0.6320202720218024,0.4158757376359422,0.0,6,0.39848758012818514,86
SNE_13432546.jpg,1,,0,0,0,0,0,1,0,0.39999999992,0.8392219499130802,0.08127100631178662,0.1672840894122485,0.38912213225978587,0.09755906075004608,0.13636363631818185,0.609357272038756,0.4456550571595862,0.0,3,0.43816071081130825,88
SNE_13432547.jpg,1,,0,0,0,0,0,1,0,0.59999999988,0.8139780699501398,0.0034331882697763495,0.17983308048360006,0.4264767471955738,0.06196816497411259,0.20402298843773944,0.5023415165327356,0.39416174131346193,0.0,4,0.30583642006205297,87
SNE_13432551.jpg,1,,0,1,0,0,0,0,0,0.59999999988,0.8563021383675249,0.010912649011522092,0.1463563075586561,0.4234258490266578,0.10910017102008152,0.35479041904341324,0.5247341543442509,0.440408952175265,0.0,4,0.3185515033305002,167
SNE_13432552.jpg,1,,0,1,0,0,0,0,0,0.59999999988,0.9020696956851548,0.20863798839411413,0.1553388000558731,0.35111416449194194,0.17449108131320973,0.20103092776804127,0.7744056064608575,0.5065129594575167,0.0,4,0.654684580478632,97
SNE_13432553.jpg,1,,0,1,0,0,0,0,0,0.79999999984,0.7746375554059155,0.07769314793339221,0.1710524067117356,0.4413965465378159,0.1348123552175644,0.12499999995833333,0.6581749521519511,0.45695097934648277,0.0,5,0.4320783515644599,112
SNE_13432557.jpg,1,,0,0,0,0,0,1,0,0.9999999998,0.9371527182201338,0.009115941118240715,0.15148642297940018,0.49974004697138763,0.08173136868858889,0.14799999995066665,0.5285982371450813,0.38591338723901153,0.0,6,0.31549709991012514,125
SNE_13432561.jpg,1,,0,0,0,0,0,1,0,0.39999999992,0.6884924968280974,0.0034395678775447506,0.15654221229218646,0.34415469600022397,0.06122737743494097,0.2961165047556634,0.5931005304714166,0.38866599654026357,0.0,3,0.30584726539526563,103
SNE_13432565.jpg,1,,0,0,0,0,1,0,0,0.79999999984,0.7699359028033392,0.0,0.14854185530036548,0.29192018381080537,0.08122125388839485,0.4126506022720883,0.46730488997199127,0.3985062252036827,0.0,5,0.27720921681577776,166
SNE_13432566.jpg,1,,0,1,0,0,0,0,0,0.39999999992,0.7104238881124738,0.12352364598379376,0.1658041773685185,0.32312194408760225,0.15768838515918132,0.11320754713207544,0.8567237685893616,0.4699798456021085,0.0,3,0.509990198295973,106
SNE_13432567.jpg,1,,0,0,0,0,1,0,0,0.9999999998,0.7950758626151913,0.12239940852445452,0.15326092989782508,0.4627006191596592,0.14775485731833854,0.2296747966714092,0.5828697976043642,0.46742154020145354,0.0,6,0.5080789946139721,123
SNE_13432568.jpg,1,,0,0,0,0,0,1,0,0.59999999988,0.7894896099278796,0.0,0.17716499703900887,0.47525258207372484,0.07884758511894904,0.22321428563988097,0.5655167922235735,0.42028402217793215,0.0,4,0.29954944907881076,112
SNE_13432572.jpg,1,,0,0,0,0,0,1,0,0.59999999988,0.8364309060596282,0.02914973571543212,0.15145898191017038,0.3825741019861342,0.06871534837625314,0.23300970866019413,0.6758385830828562,0.41402945994605844,0.0,4,0.34955455074538433,103
SNE_13432573.jpg,1,,0,0,0,0,0,1,0,0.39999999992,0.5311208439602524,0.009647279958933795,0.17054803585170702,0.46363932281938636,0.048773248905704294,0.29268292673170726,0.621882427540714,0.4194587887296468,0.0,3,0.3164003759398347,82
SNE_13432574.jpg,1,,0,0,0,0,1,0,0,0.79999999984,0.7573183475009801,0.1832617435236859,0.15227922353603476,0.41930156583661404,0.11474201160219875,0.12658227843881856,0.8682486891625802,0.4409333871877551,0.0,5,0.6115449641735278,79
SNE_13432575.jpg,1,,0,0,0,0,0,1,0,0.39999999992,0.5628950908277185,0.12110647609235083,0.14550587323824468,0.3898897244485271,0.04803976367076733,0.20149253724626867,0.6854990945975089,0.4032845942986761,0.0,3,0.5058810094781029,67
SNE_13432577.jpg,1,,0,0,0,0,0,1,0,0.59999999988,0.9249727772272069,0.2663778034725985,0.15216925508709853,0.39248716891024943,0.12084596700442733,0.09420289851932365,0.8504669614733998,0.4641654159715657,0.0,4,0.7528422661697952,69
SNE_13432578.jpg,1,,0,1,0,0,0,0,0,0.39999999992,0.5950481167716053,0.2185398066465107,0.16108692769289906,0.35543184639701497,0.166210745133059,0.11931818177840907,0.867065360988538,0.4484579142163115,0.0,3,0.671517671517608,88
SNE_13432579.jpg,1,,0,0,0,0,0,1,0,0.9999999998,0.6858470331308077,0.157670158235075,0.17835183444550526,0.26838929678551576,0.09328816995925919,0.08196721308743171,0.8378647192230441,0.4416303276616478,0.0,6,0.5680392691572976,61
SNE_13432581.jpg,1,,0,1,0,0,0,0,0,0.9999999998,0.8909788325561512,0.22326704181016663,0.16264533961647193,0.3538723281105661,0.14700378583408014,0.1596385541636546,0.8080833180024709,0.46104278232121615,0.0,6,0.6795539713005503,83
SNE_13432582.jpg,1,,0,0,0,0,0,1,0,0.59999999988,0.7765651740104943,0.0,0.15098447133110196,0.43502209328788066,0.05218508717071184,0.4204545453143939,0.4661002809883489,0.38445131279115513,0.0,4,0.20013449203392822,154
SNE_13432584.jpg,1,,0,0,0,0,0,1,0,0.59999999988,0.7938808366243961,0.005069986262753399,0.16258453006868973,0.45208360926169605,0.10097523987907962,0.2907801417470449,0.6074004758092482,0.41815992731905965,0.09837169378137715,4,0.30861897665175075,141
SNE_13432586.jpg,1,,0,0,0,0,0,1,0,0.79999999984,0.6918238988915093,0.12571655035115753,0.15750385146723553,0.4785531525855,0.13198290577913618,0.13613861381600656,0.6797653940110381,0.4239093766884737,0.0,5,0.5137181357226843,101
SNE_13432588.jpg,1,,0,0,0,0,0,1,0,0.59999999988,0.7444631026359715,0.0,0.16095331719464734,0.43379738042289373,0.034585114620071085,0.36016949140536725,0.6057213941139112,0.3880492728929114,0.0,4,0.2034041118975339,118
SNE_13432590.jpg,1,,0,0,0,0,0,1,0,0.39999999992,0.7368364258213745,0.09953125850046475,0.16558858812343696,0.449289724902353,0.10140523583845401,0.12784090904829545,0.6768160845857036,0.39596604604845625,0.0,3,0.46920313955032134,88
SNE_13432592.jpg,1,,0,1,0,0,0,0,0,0.59999999988,0.8792037577067877,0.0,0.16889944122143333,0.33237158429376945,0.05771653953800649,0.35810810798873866,0.6392977000746252,0.41707634203827254,0.0,4,0.19954667799971104,148
SNE_13432596.jpg,1,,0,0,0,0,1,0,0,0.79999999984,0.8473868664647974,0.08857014209749371,0.17097100506203816,0.44805066102573277,0.08447390424532178,0.12345679008230455,0.670085352231344,0.412790562833102,0.0,5,0.45056924165430945,81
SNE_13432598.jpg,1,,0,1,0,0,0,0,0,0.59999999988,0.9387755091071428,0.03222112998260035,0.16348224909251652,0.3880446582388216,0.12852059886462444,0.21034482751609196,0.7059418420985206,0.4558097477467173,0.0,4,0.3547759210026417,145
SNE_13432599.jpg,1,,0,1,0,0,0,0,0,0.59999999988,0.7484402940003418,0.0,0.1590523078339497,0.3839420298233557,0.08528842417991367,0.36390532532248515,0.6029723035539022,0.4221962180182347,0.0,4,0.2493952738324056,169
SNE_13432600.jpg,1,,0,0,0,0,0,1,0,0.39999999992,0.8575873402030181,0.01676856776820277,0.1533462386939323,0.37281066001064356,0.049630457288808154,0.3473684209368421,0.6584291966740706,0.3898765769757254,0.0,3,0.32850656522271326,95
SNE_13432601.jpg,1,,0,0,0,0,0,1,0,0.59999999988,0.9168581660688022,0.04121309642183683,0.1664847837443955,0.38366986548605175,0.0897320876863916,0.2240566036988994,0.5916108360302229,0.4358171465653317,0.0,4,0.3700622639583357,106
SNE_13432603.jpg,1,,0,0,0,0,0,1,0,0.59999999988,0.6565892176658785,0.1042096387468546,0.15970291875103088,0.21530028799040898,0.09218272195832114,0.16860465110658915,0.7157076241728035,0.4046354312574843,0.0,4,0.47715638597386245,86
SNE_13432604.jpg,1,,0,0,0,0,1,0,0,1.0,0.7730728689349029,0.0647774765407805,0.15418739789736538,0.36540488384995945,0.10340711863879838,0.20614035080847953,0.6878454530025951,0.4086061202082373,0.0,7,0.4101217101841043,114
SNE_13432606.jpg,1,,0,0,0,0,0,1,0,1.0,0.876777417050454,0.07735504698522519,0.17683460199109677,0.35222531235822657,0.11066448937170828,0.15109890104853477,0.6815487994636883,0.39783063038000666,0.0,7,0.43150357995223787,91
SNE_13432607.jpg,1,,0,0,0,0,0,1,0,0.79999999984,0.7487884352069059,0.0,0.14291487980715464,0.3246190045008434,0.06478928445374776,0.3525179854940048,0.5731912045829841,0.39914042369307434,0.0,5,0.2783448895736942,139
SNE_13432609.jpg,1,,0,0,0,0,0,1,0,0.39999999992,0.5049094269591601,0.0,0.16798416936916097,0.5028478618292735,0.0491432242208602,0.4013761466551988,0.512523757748303,0.37824017058573856,0.0,3,0.23946210615951463,109
SNE_13432610.jpg,1,,0,0,0,0,0,1,0,0.59999999988,0.7762980037518317,0.2554927277873185,0.18659779283560837,0.33981982965429625,0.1518789800616624,0.10384615381153846,0.8383381611323963,0.4887665315502089,0.0,4,0.7343376374939342,65
SNE_13432611.jpg,1,,0,0,0,0,0,1,0,0.59999999988,0.8322373923675971,0.0,0.14670660051362833,0.399529738336551,0.08966599642975408,0.37130177502416173,0.667753824839552,0.41323333387218747,0.0,4,0.2804441031547872,169
SNE_13432612.jpg,1,,0,1,0,0,0,0,0,0.39999999992,0.7674452834613308,0.031951658719368004,0.1497339760792874,0.49353129134238133,0.08590934067653787,0.2815126049481793,0.7159996837911249,0.4145411866852951,0.0,3,0.35431781985487726,119
SNE_13432613.jpg,1,,0,0,0,0,0,1,0,0.19999999996,0.5188262845995657,0.03822307502072416,0.16618148153032355,0.38133373192766973,0.05264777576438605,0.2339743588963675,0.5501663100404668,0.4001449366455527,0.0,2,0.36497922757345413,78
SNE_13432615.jpg,1,,0,1,0,0,0,0,0,0.39999999992,0.7309173977384206,0.1243808524522103,0.17297023272770334,0.42659033596906026,0.11113447415393678,0.1265432098343621,0.8575668408034193,0.47793601397275576,0.0,3,0.5114474492931383,81
SNE_13432616.jpg,1,,0,0,0,0,1,0,0,1.0,0.8722935231213872,0.25583438312134493,0.16919890426775902,0.304225226484645,0.15162734895361227,0.05379746833649788,0.8229283659813862,0.4401985259362262,0.0,8,0.7349184515621208,79
SNE_13432617.jpg,1,,0,0,0,0,0,1,0,0.59999999988,0.8156372290900971,0.18839457136758883,0.1751016876972676,0.4730157169411816,0.12062704980115603,0.024647887315727705,0.8376231055583793,0.44150863909562027,0.0,4,0.6202707715132956,71
SNE_13432618.jpg,1,,0,0,0,0,1,0,0,0.9999999998,0.750296647253226,0.0043460375915560755,0.15212521769982398,0.548980458725042,0.06938599157632465,0.315573770386612,0.5310574674014579,0.4021759787128639,0.0,6,0.30738826390999135,122
SNE_13432619.jpg,1,,0,0,0,0,0,1,0,1.0,0.803539087680633,0.02420447528820868,0.16417527159822326,0.14362714730744403,0.08725063304802623,0.24145299137250714,0.7196224050819805,0.42376733306205555,0.0,7,0.3411476080141592,117
SNE_13432620.jpg,1,,0,0,0,0,0,1,0,0.79999999984,0.7410619879359812,0.035836203206672454,0.16856503183151175,0.381475085978869,0.09319967267992207,0.27777777768518513,0.6510773117917806,0.46474164241041943,0.0,5,0.36092154548717936,108
SNE_13432621.jpg,1,,0,1,0,0,0,0,0,0.79999999984,0.8326126299005682,0.10061849558019169,0.16703989731293412,0.498797434121636,0.15289417630002894,0.15909090903787879,0.7299504615085814,0.4362262806349848,0.0,5,0.47105144258694437,121
SNE_13432623.jpg,1,,0,0,0,0,0,1,0,0.59999999988,0.8157727902477971,0.0,0.16905898773888167,0.37460046657116874,0.030144787687171756,0.388095237965873,0.5802988091951581,0.38966891487142313,0.0,4,0.20469728288546765,105
SNE_13432624.jpg,1,,0,0,0,0,0,1,0,0.59999999988,0.5172324502775271,0.20861471464533152,0.1682851885225956,0.28532707736563606,0.10637621241659785,0.09765624996744791,0.8516858796526472,0.46634368865876863,0.0,4,0.6546450151056783,64
SNE_13432625.jpg,1,,0,1,0,0,0,0,0,0.39999999992,0.6400823953351672,0.035140886254878774,0.14865658298485537,0.5104934258549918,0.04244754800960107,0.22530864190020572,0.6549284183172693,0.4011134312695095,0.0,3,0.3597395066684348,81
SNE_13432627.jpg,1,,0,0,0,0,0,1,0,0.79999999984,0.7536948672815083,0.15001430060769702,0.16653210944482194,0.5363595321840458,0.12223833487982284,0.16768292677337393,0.6332629108905415,0.3984242508540051,0.0,5,0.5550243111830993,82
SNE_13432628.jpg,1,,0,0,0,0,1,0,0,0.9999999998,0.8070499447240608,0.0252708633091525,0.16737054119229747,0.41320612787736066,0.05426898266495579,0.17378048774695118,0.6153258519174081,0.4133531516248393,0.0,6,0.3429604676508301,82
SNE_13432629.jpg,1,,0,0,0,0,1,0,0,1.0,0.7646642155876694,0.2373902700532006,0.13481255051767535,0.48621591222313243,0.14844247678780437,0.24115044239749261,0.7598719728133998,0.46878462105811186,0.0,7,0.7035634593278313,113
SNE_13432630.jpg,1,,0,1,0,0,0,0,0,0.19999999996,0.5642575731607604,0.06655738648038134,0.17356315196506988,0.4040727567474244,0.0701280576747267,0.26973684201535086,0.7254901371542958,0.45588030198369783,0.0,2,0.41314755708320566,76
SNE_13432631.jpg,1,,0,1,0,0,0,0,0,0.59999999988,0.6501813354382044,0.21638441732226582,0.1515890706783912,0.42939197176401167,0.13476468381630094,0.12499999995833333,0.8726332737317761,0.43865202172286355,0.0,4,0.6678535096642363,84
SNE_13432635.jpg,1,,0,0,0,0,0,1,0,0.79999999984,0.8017615267536791,0.0,0.16224959107373532,0.337831271491675,0.04462418750461536,0.31944444433796293,0.4852572064551218,0.3909031131138042,0.0,5,0.2522670499264192,108
SNE_13432636.jpg,1,,0,0,0,0,0,1,0,0.59999999988,0.9141702967133033,0.15177555690528777,0.16671679723948846,0.2275540740973917,0.1333249815827472,0.17368421046842106,0.7161548653554171,0.478844453981714,0.0,4,0.5580184468907647,95
SNE_13432638.jpg,1,,0,0,0,0,1,0,0,0.79999999984,0.7716898849250339,0.0,0.16672099350304517,0.47794658494969405,0.05410020833469626,0.2799999999066667,0.47959438612179617,0.4422323186718878,0.0,5,0.28025632706033904,100
SNE_13432639.jpg,1,,0,0,0,0,0,1,0,0.59999999988,0.6599423197264642,0.0,0.15307509542826933,0.4372452515748363,0.052310921303417385,0.383680555427662,0.5181113841777727,0.41576530648673365,0.0,4,0.23068402104679508,144
SNE_13432641.jpg,1,,0,0,0,0,1,0,0,0.79999999984,0.9118056754461954,0.17206300927052126,0.15193074795150543,0.3118635176926459,0.1255197768079298,0.09659090905871212,0.85404738378503,0.42396841314195277,0.0,5,0.5925071159319492,88
SNE_13432642.jpg,1,,0,0,0,0,0,1,0,0.59999999988,0.6368760060990338,0.12162095857043899,0.18011996793102814,0.23520930084979086,0.12514814975581373,0.07098765429732512,0.8204125360690551,0.43929862782595663,0.0,4,0.5067556296913672,81
SNE_13432645.jpg,1,,0,0,0,0,1,0,0,1.0,0.8079242025032299,0.0683258510490171,0.17588238326455374,0.4103358721155893,0.11961471946525648,0.1474999999508333,0.6799739087930954,0.4449406375532692,0.0,7,0.4161539468516549,100
SNE_13432646.jpg,1,,0,1,0,0,0,0,0,0.39999999992,0.5316979030129219,0.23792962898648046,0.1560222246414345,0.39017570785051553,0.09079858999286926,0.05508474574435028,0.8742541201214494,0.45679829183630716,0.0,3,0.7044803695149464,59
SNE_13432647.jpg,1,,0,1,0,0,0,0,0,0.59999999988,0.658915112653089,0.053545270721369186,0.15501449309654766,0.37223200561780917,0.10713705439694989,0.19915254230649715,0.5826498382301118,0.42308156015034937,0.0,4,0.3910269602798729,118
SNE_13733578.jpg,1,,0,0,0,0,0,0,1,0.19999999996,0.3348045742720957,0.0,0.1281100961946365,0.4653181590879539,0.07198272829859952,0.4202453986329243,0.7291292446606591,0.37105751095755657,0.0,2,0.2936203590726776,163
SNE_13733582.jpg,1,,0,0,0,0,0,0,1,0.19999999996,0.3386166934229775,0.0,0.16138801542770448,0.13177248517807905,0.0845697958893616,0.364690721527921,0.718555957744076,0.3588514262729372,0.07415569192534487,2,0.19075517334049474,194
SNE_13733598.jpg,1,,0,1,0,0,0,0,0,0.19999999996,0.21290802325545066,0.07890175531015836,0.158107325267126,0.35067441947242195,0.11811793307171678,0.4288990824258409,0.6708216352423799,0.432597405134922,0.0,2,0.43413298410617096,109
SNE_13733599.jpg,1,,0,1,0,0,0,0,0,0.19999999996,0.2641628388987248,0.20228365598187042,0.1808140640529597,0.39344917312018757,0.1935456798375918,0.28693181808617424,0.7377466491581851,0.498660647648967,0.0,2,0.6438822153714634,88
SNE_13733601.jpg,1,,0,0,0,0,0,0,1,0.0,0.6706981853896372,0.0,0.15983411427183666,0.30431577893782524,0.08205520316982473,0.38819875763457556,0.5674873201815442,0.38193364951673875,0.0,1,0.2585751978891738,161
SNE_13733619.jpg,1,,0,0,0,0,0,0,1,0.0,0.16458511535577142,0.09954259823857144,0.1886476026848136,0.21579726668307952,0.11001507776818503,0.18581081074887387,0.6370222645697601,0.3825855452154839,0.0,1,0.46922241710511403,74
SNE_13733624.jpg,1,,0,0,0,0,0,0,1,0.0,0.2256887829861541,0.0,0.16340203080115093,0.10828078211575007,0.04035707643316061,0.3917910446455224,0.609877591477231,0.34304858355190265,0.007872299176014305,1,0.18725278202625953,134
SNE_13733625.jpg,1,,0,0,0,0,0,1,0,0.0,0.3378897317349927,0.0,0.17880258410035277,0.3522901490072202,0.030912857485706345,0.3389830507344633,0.7558238000345285,0.3558567993002134,0.20237473610729848,1,0.15650138556323398,118
SNE_13733626.jpg,1,,0,0,0,0,0,0,1,0.19999999996,0.40246481286334257,0.0,0.1881706353950659,0.31786961080944226,0.07040814415165325,0.28532608686141303,0.683925448268013,0.3766970338525664,0.0,2,0.2823092951161111,92
SNE_13733627.jpg,1,,0,0,0,0,0,0,1,0.0,0.21879587347072843,0.035249863032875986,0.15396006848163907,0.4294420933707322,0.0705029926454666,0.3112745097001634,0.7088991508846259,0.37083083114352855,0.0,1,0.35992476719113903,102
SNE_13733638.jpg,1,,0,1,0,0,0,0,0,0.19999999996,0.43535183450008497,0.06331422990636382,0.143260396065302,0.39277774156469586,0.053925862004031995,0.21341463407520322,0.8269860102477549,0.3511700331182968,0.040653135928579845,2,0.4076341909041327,82
SNE_13733642.jpg,1,,0,1,0,0,0,0,0,0.19999999996,0.37690468538850036,0.0,0.15021958534908755,0.27290666540676217,0.08661461179214164,0.3453124998848959,0.7209466942944822,0.3764156332264391,0.0,2,0.2575236457437576,160
SNE_13733647.jpg,1,,0,0,0,0,0,0,1,0.19999999996,0.21743097349786533,0.0,0.16365734445803873,0.19183384054688934,0.09935082819035372,0.3697183097359155,0.5466584146059438,0.3827242042772049,0.0,2,0.19519535804343172,213
SNE_13733651.jpg,1,,0,0,0,0,0,0,1,0.0,0.1879276046210263,0.0,0.14407487137201214,0.19633813798227687,0.11256916059399219,0.28333333323888893,0.6960902487121741,0.386038345222569,0.0,1,0.21495644895503088,240
SNE_13733652.jpg,1,,0,0,0,0,0,0,1,0.19999999996,0.25018729904122733,0.0,0.14971647304779323,0.2786899824297987,0.07588153274374583,0.2679738561198257,0.7458358639964231,0.3668605875908332,0.0,2,0.26546441110755614,153
SNE_13733654.jpg,1,,0,0,0,0,0,0,1,0.19999999996,0.12079191024681149,0.2696334859234474,0.18389761901610022,0.4934888686737977,0.2226926711213234,0.24662162153941442,0.7519134771765232,0.5171817891144321,0.0,2,0.758376926339494,74
SNE_13733660.jpg,1,,0,0,0,0,0,0,1,0.0,0.12222533231635027,0.03005837104771567,0.1728872478217026,0.49935645920052796,0.15409329606924105,0.2760416665746528,0.7114694752828106,0.4747482253982055,0.0,1,0.351099230811175,144
SNE_13733684.jpg,1,,0,0,0,0,0,0,1,0.19999999996,0.22808510462967918,0.0,0.16266969461323347,0.288151130970424,0.05302834273062863,0.37585034001077094,0.6752014461797085,0.38691120247044114,0.0,2,0.17772861356931668,147
SNE_13733697.jpg,1,,0,0,0,0,0,0,1,0.19999999996,0.4724549981717636,0.0,0.16145555528371322,0.4682659724764403,0.058405507433609734,0.24999999991666666,0.7604683493356781,0.37933205410577564,0.0,2,0.29301453352085116,108
SNE_13733715.jpg,1,,0,1,0,0,0,0,0,0.39999999992,0.4267234604447768,0.0,0.18061377185204852,0.367428168446797,0.036288720743828794,0.31818181807575757,0.6954786541051134,0.34953753578784696,0.0,3,0.2626382306476978,77
SNE_13733722.jpg,1,,0,0,0,0,0,0,1,0.19999999996,0.23370545460415296,0.32094664916022814,0.19681608797161798,0.3572664171579669,0.1735786457120928,0.24999999991666666,0.7485110668892525,0.5082202650676456,0.0,2,0.8456093038933346,51
SNE_13733730.jpg,1,,0,1,0,0,0,0,0,0.19999999996,0.4617796714440472,0.4549906290775135,0.17775364633567825,0.483650422869293,0.21782874447111858,0.19999999993333337,0.7047674794127066,0.5074292456323392,0.0,2,1.0734840698867636,60
SNE_13733732.jpg,1,,0,1,0,0,0,0,0,0.0,0.15906341547097683,0.037412825315577984,0.17081251042818865,0.5344094708204447,0.04884135064077256,0.20774647880399058,0.6572029045465312,0.3354605930177269,0.0,1,0.3636018030738954,71
SNE_13740220.jpg,1,,0,0,0,0,0,1,0,0.59999999988,0.5375749767741741,0.21264474753820212,0.16999487204939795,0.40406578259448145,0.17832646722672074,0.11337209298546509,0.8181982257113616,0.3920954795828195,0.0,4,0.6614960710275883,86
SNE_13740223.jpg,1,,0,0,0,0,0,1,0,0.9999999998,0.7381629776100436,0.3115598317722129,0.17404896368869344,0.4669139313809261,0.23980570747397617,0.0853658536300813,0.864479777457887,0.4715066343524831,0.0,6,0.8296517143243217,82
SNE_13740224.jpg,1,,0,0,0,0,0,1,0,0.0,0.5663884549715378,0.20015588543430896,0.1658564023676288,0.3615103174266906,0.09569236051927942,0.13596491223538013,0.8699602056595435,0.4237254474951166,0.0,1,0.6402650054384811,57
SNE_13740304.jpg,1,,0,0,0,0,0,1,0,0.39999999992,0.5804921951533817,0.0,0.17339399274298958,0.23778294824854834,0.07229396765047083,0.2767857141934523,0.7721493453385613,0.37514471521520676,0.0,3,0.2470648073581042,112
SNE_14091792.jpg,1,,0,0,1,0,0,0,0,0.59999999988,0.5690213181561243,0.0,0.21167834181757095,0.0626689096654298,0.10310064835005599,0.25474683535812237,0.6252239181622328,0.5212907657205326,0.0,4,0.2497846361286846,158
SNE_14091807.jpg,1,,0,0,0,0,0,0,1,0.0,0.14750685146161313,0.0,0.24965186965713002,0.5622313335091071,0.03025707712563767,0.3770491802021858,0.49607298052400606,0.5126860491727172,0.22249244533332593,1,0.12978597061936517,122
SNE_14091831.jpg,1,,0,0,1,0,0,0,0,0.39999999992,0.46952716639594894,0.0,0.20682319443606445,0.3880097067394223,0.07782220453320575,0.38999999986999995,0.5528941448979595,0.47175822384574817,0.0,3,0.1834428057999707,200
SNE_14091848.jpg,1,,0,0,0,0,0,0,1,0.19999999996,0.3073060618665171,0.0,0.24116117713218482,0.42273688353091854,0.12244201561801997,0.31999999989333333,0.44380983693069664,0.5378130737394351,0.0,2,0.1304673892006936,275
SNE_14091881.jpg,1,,0,0,0,0,0,0,1,0.19999999996,0.44665158058491433,0.0,0.21648633618353078,0.13164797487324492,0.11856271179839883,0.32747603822949944,0.596369404538956,0.53369479852786,0.0,2,0.14833520389075638,313
SNE_14091908.jpg,1,,0,0,0,0,0,0,1,0.0,0.08590854886798056,0.0,0.21917439771808456,0.5550646446881569,0.0758868181256187,0.3525641024465811,0.5766213997947652,0.4990890324504764,0.0,1,0.18749021694893442,156
SNE_14091932.jpg,1,,0,0,0,0,0,0,1,0.19999999996,0.15749167074896064,0.0,0.24029778167895557,0.23674282618961945,0.05854775402944546,0.35483870955913976,0.5535371945512741,0.5432203546492705,0.1989969445774023,2,0.14331661578717447,155
SNE_14091933.jpg,1,,0,0,0,0,0,0,1,0.0,0.7891138428218412,0.0,0.17474275215073914,0.26565720022042427,0.12108315980150064,0.3090163933396175,0.5585896814516991,0.5115090180816305,0.06954087576455811,1,0.26694658471127464,305
SNE_14092471.jpg,1,,0,0,0,0,0,0,1,0.0,0.12737044338361564,0.0,0.24713675045611003,0.37894242045178816,0.10336062717597652,0.334355828109407,0.5971946724289073,0.5346926587945346,0.0,1,0.16728489344679004,163
SNE_14092515.jpg,1,,0,0,0,0,0,0,1,0.19999999996,0.7112184330807052,0.25889120207662375,0.1530253855475064,0.1725977450686521,0.1587457008437422,0.3241935482790323,0.6542739524971158,0.43429118753530466,0.007265377941161455,2,0.7401150437891516,155
SNE_14092517.jpg,1,,0,0,0,0,0,0,1,0.0,0.46255460929345715,0.10808946687896435,0.16028604995341159,0.2038799355009398,0.07696376619305122,0.4132653059846939,0.32882164598836927,0.4046700665661534,0.0,1,0.48375209380232886,147
SNE_14092542.jpg,1,,0,0,0,0,0,0,1,0.39999999992,0.23490717942049055,0.0,0.22745062874562366,0.49357987502075484,0.047589559397446586,0.4146341462032521,0.65542394298026,0.4543423249103321,0.32139826800002935,3,0.17122333343653678,123
SNE_14093704.jpg,1,,0,0,1,0,0,0,0,0.19999999996,0.26532671384581086,0.0,0.21195148424594853,0.36499810536880345,0.08164995380968175,0.3573232322041245,0.8167936568678763,0.4162029397350856,0.332615171367679,2,0.14576192562430365,198
SNE_14093706.jpg,1,,0,0,1,0,0,0,0,0.79999999984,0.6695929799814119,0.07788671019381758,0.2048809006507237,0.3345095319047143,0.1947818263380259,0.24053030295012628,0.7143486789219562,0.5234582808107214,0.0,5,0.4324074074073766,132
SNE_14093717.jpg,1,,0,0,1,0,0,0,0,0.39999999992,0.5215738995643799,0.0,0.21466255424160238,0.3486394048168147,0.11598888570305724,0.29891304337862323,0.7924804616985643,0.47028030440062224,0.0368760732418902,3,0.19348098620977178,184
SNE_14093758.jpg,1,,0,0,1,0,0,0,0,0.39999999992,0.5114909867026532,0.0,0.19418936669500297,0.3627197867334886,0.15007065946808282,0.2514124292947269,0.7395825105612197,0.4461992046061056,0.0,3,0.27716610818572274,177
SNE_14094900.jpg,1,,0,0,0,0,0,0,1,0.19999999996,0.32912507907561855,0.0,0.20342401345375033,0.47465801149138076,0.08202733288819679,0.3470744679694148,0.6349346347041738,0.41516325494791256,0.0,2,0.17700054436580903,188
SNE_14094951.jpg,1,,0,0,0,0,0,0,1,0.19999999996,0.3065343257684442,0.0,0.21090658676654855,0.38370203675942194,0.07834733412790416,0.43848167524650955,0.4445555505547588,0.4316626026173523,0.0,2,0.15958306188924667,191
SNE_14095065.jpg,1,,0,0,0,0,1,0,0,0.79999999984,0.621908309685102,0.7795909585893424,0.16915942040037416,0.44506170811143475,0.4069861899853057,0.1860465115658915,0.7701972910451538,0.5266339018194464,0.0,5,1.625304630381473,86
SNE_14095259.jpg,1,,0,0,0,0,0,1,0,0.19999999996,0.23140287692666273,0.19394016027801786,0.1659154173633103,0.4551019252070464,0.03515925256093597,0.2388888888092592,0.7842841317605609,0.4452614066887574,0.0,2,0.6296982726665705,45
SNE_14095306.jpg,1,,0,0,0,0,0,0,1,0.19999999996,0.17694803070302068,0.4924591433016922,0.19068261109618295,0.47198677552506374,0.11658784220446287,0.10897435893803417,0.790113328845161,0.5283369982144702,0.0,2,1.137180544105336,39
SNE_14095323.jpg,1,,0,0,0,0,0,1,0,0.39999999992,0.2901177167428727,0.31454647437124195,0.20051782663946172,0.42290774939773956,0.05755316412420923,0.13888888884259262,0.7865458136689204,0.5342436628219343,0.0,3,0.8347290067456578,36
SNE_14095329.jpg,1,,0,0,0,0,0,0,1,0.19999999996,0.32579054181924555,0.39029920665539913,0.21365697852008486,0.3393886852809199,0.1322146379818585,0.34756097549390236,0.6975527040116091,0.5468906973723334,0.0,2,0.9635086517044776,41
SNE_14095342.jpg,1,,0,0,1,0,0,0,0,0.39999999992,0.5739998206457859,0.4977697448080991,0.19071618318539468,0.41983341115114553,0.20626448817760734,0.25384615376153846,0.6799086792997597,0.5495779049967094,0.0,3,1.1462085666715383,65
SNE_14095350.jpg,1,,0,0,0,0,0,0,1,0.19999999996,0.49991096095046983,0.35318042098559327,0.1734714979964498,0.4796447339607177,0.10654203553668888,0.12931034478448278,0.7740195738968318,0.5218315970629149,0.0,2,0.900406716028689,58
SNE_14095351.jpg,1,,0,1,0,0,0,0,0,0.19999999996,0.368219850692852,0.23781086024481418,0.2356208279070594,0.42292588980973567,0.1687340177490351,0.22413793095977008,0.6842049562552066,0.537555310011166,0.0,2,0.704278462653995,58
SNE_14095356.jpg,1,,0,0,0,0,0,1,0,0.59999999988,0.3808493928124256,0.4094953523125215,0.20749618405880882,0.42165574150443386,0.15464597835498356,0.13775510199489793,0.7606425654065173,0.5394737936077896,0.0,4,0.9961420993407818,49
SNE_14095361.jpg,1,,0,0,0,0,0,0,1,0.19999999996,0.3039797651713779,0.22891613832468732,0.23840145908532384,0.4558044319076645,0.08870868003259899,0.09374999996875,0.7527641726568661,0.5245746463618502,0.0,2,0.6891574353808846,32
SNE_14095373.jpg,1,,0,0,0,0,0,1,0,0.39999999992,0.4693291943090394,0.4826572601510252,0.1861063456941863,0.5009303587360519,0.12528234162716534,0.2282608694891304,0.7535170240789927,0.5290362950478827,0.0,3,1.1205173427394002,46
SNE_14095384.jpg,1,,0,0,1,0,0,0,0,0.39999999992,0.5274853167883291,0.30163521278461575,0.19134664892649972,0.3054396031503982,0.1129766810600628,0.08173076920352565,0.7645118558665387,0.525798899600793,0.0,3,0.8127798620354819,52
SNE_14095385.jpg,1,,0,0,0,0,0,1,0,0.39999999992,0.43472812857045534,0.5153969781601905,0.2139193825673044,0.37101483224492643,0.17745182623206784,0.08749999997083331,0.6812708839380663,0.5246955724222693,0.0,3,1.176174863387721,40
SNE_14095386.jpg,1,,0,0,0,0,0,1,0,0.19999999996,0.22127628394822982,0.0769821567717301,0.17692063941039152,0.3212725778219677,0.03786921254480754,0.33474576260028255,0.5614737828745029,0.4362800063450526,0.0,2,0.43086966658892334,59
SNE_14095402.jpg,1,,0,0,1,0,0,0,0,0.59999999988,0.5612210611617938,0.38260816879625,0.2163475177856835,0.39351333481535944,0.23378825054584854,0.25675675667117115,0.5351952362734373,0.5697025013056577,0.0,4,0.9504338873362331,74
SNE_14095411.jpg,1,,0,0,1,0,0,0,0,0.39999999992,0.33657340722520257,0.36322743863922685,0.20215474942468536,0.4171654727959746,0.07683884998643702,0.20714285707380953,0.7629530769857792,0.5374128841276947,0.0,3,0.9174866460499131,35
SNE_14095438.jpg,1,,0,0,0,0,1,0,0,0.9999999998,0.7902180310953153,0.3492895040951096,0.18985369488734,0.3927018620807561,0.2662747528041267,0.2900943395259434,0.6593589471434169,0.5558345801972185,0.0,6,0.8937921573109758,106
SNE_14095440.jpg,1,,0,0,0,0,1,0,0,0.79999999984,0.6602657970032828,0.391604255124163,0.19283332361846958,0.4567434823556497,0.2753374726466097,0.22159090901704545,0.7076869178180603,0.5369045518094421,0.0,5,0.9657272341026815,88
SNE_14095455.jpg,1,,0,0,0,0,1,0,0,0.59999999988,0.604948205950754,0.7677959645272391,0.17928535033260365,0.39372243213421676,0.2979784824850803,0.26071428562738097,0.6417621557363665,0.5489421014961168,0.0,4,1.6052531404641024,70
SNE_14095484.jpg,1,,0,0,1,0,0,0,0,0.59999999988,0.8210773349147853,0.3076248902659734,0.17388308225670993,0.42443276273149655,0.193382228548533,0.1901041666032986,0.747019614197757,0.5344455351307186,0.0,4,0.8229623137597796,96
SNE_14095502.jpg,1,,0,0,0,0,1,0,0,0.79999999984,0.8056103973932626,0.44955673493528914,0.16953721654492143,0.31925078177014904,0.2668225763240195,0.20990566030738994,0.639676476204219,0.5342479007727005,0.0,5,1.0642464498395483,106
SNE_14095508.jpg,1,,0,0,0,0,1,0,0,0.79999999984,0.8270908149852488,0.29714019977866407,0.16673912991465611,0.5193676120045545,0.24641148321755432,0.1586956521210145,0.8027168004307693,0.5192413384921248,0.0,5,0.805138339920869,115
SNE_14095546.jpg,1,,0,0,0,0,1,0,0,0.59999999988,0.7790933687203991,0.21352225473070663,0.16011306642315984,0.3369324267622883,0.20630977081426055,0.2652027026143018,0.5274808844953636,0.5246878435136849,0.0,4,0.6629878332557235,148
SNE_14095564.jpg,1,,0,0,0,0,1,0,0,1.0,0.8121385989883574,0.38948611591475096,0.17268212069730962,0.3606273968047713,0.271587593168879,0.22916666659027776,0.7204641048371566,0.5417004604785263,0.0,7,0.9621263974445627,108
SNE_14096409.jpg,1,,0,0,0,0,0,0,1,0.0,0.18593247594822632,0.0,0.15422434971962345,0.41810052742521303,0.028833571785232555,0.46874999984375,0.6136645748292932,0.41459695763450966,0.0,1,0.27009770726515525,96
SNE_14096411.jpg,1,,0,1,0,0,0,0,0,0.19999999996,0.2806192521671713,0.241854916729371,0.20386052861729637,0.43099881231481574,0.13748248946598268,0.1008771929488304,0.8267133559133029,0.4801466636034853,0.0,2,0.7111533586817856,57
SNE_14096441.jpg,1,,0,0,0,0,0,1,0,0.59999999988,0.8196315636771377,0.2840612305820447,0.21637690917048338,0.3931630241041153,0.21347847414381885,0.08203124997265625,0.7036519632269442,0.46786282445665056,0.0,4,0.7829040922735372,64
SNE_14096444.jpg,1,,0,0,0,0,0,1,0,0.19999999996,0.5379987067551188,0.060489577129507026,0.22222377725097997,0.3739948901189035,0.11125279499741443,0.18150684925456623,0.6871089876552268,0.43121124330208854,0.0,2,0.4028322811806515,73
SNE_14096450.jpg,1,,0,0,0,0,0,1,0,0.19999999996,0.20761673684276077,0.0,0.17574174151619576,0.47826825686592916,0.04812228383822976,0.2999999999,0.6503225043361966,0.39886658361746535,0.05471561589528846,2,0.27834262134682103,90
SNE_14096483.jpg,1,,0,1,0,0,0,0,0,0.39999999992,0.47886472759441545,0.0,0.19295515958751325,0.40227951021839514,0.09360007561620488,0.31060606050252526,0.806105720722087,0.43196512307830465,0.0,3,0.2945666816344693,99
SNE_14096485.jpg,1,,0,0,0,0,0,0,1,0.19999999996,0.35037662745546483,0.0,0.18299038318582406,0.3247933338413891,0.05148049711163346,0.3258426965205992,0.6712168388570698,0.3836741336795896,0.0,2,0.2520448079658494,89
SNE_14096505.jpg,1,,0,1,0,0,0,0,0,0.19999999996,0.5023921212943857,0.16788888803212398,0.2134954668110531,0.39221746370174193,0.17015082060238856,0.15753424652283102,0.8035608876506913,0.5119384981951317,0.0,2,0.5854111098224997,73
SNE_14096519.jpg,1,,0,1,0,0,0,0,0,0.19999999996,0.5674520977907778,0.0,0.2044308300594407,0.4055938890928121,0.059733021703270765,0.37291666654236105,0.6689482817170276,0.3899623038883079,0.0,2,0.1792983205237625,120
SNE_14096830.jpg,1,,0,0,1,0,0,0,0,0.39999999992,0.8544901920256569,0.0,0.20084691452112405,0.3714269933355565,0.07329028183301123,0.30783582079291044,0.6711866723635465,0.42485519856819004,0.0,3,0.21786173403798678,134
SNE_14096833.jpg,1,,0,0,1,0,0,0,0,0.39999999992,0.7076839958245934,0.046630903847671934,0.1744855737825724,0.2696649712720073,0.13052641613785265,0.2739726026484018,0.7592097917970346,0.5259544593932147,0.0,3,0.3792725365876732,146
SNE_14096921.jpg,1,,0,0,0,0,0,1,0,0.19999999996,0.5362037772895021,0.0,0.15275909530805115,0.24744512962288134,0.038955619229196166,0.4565217389782608,0.767039018390755,0.34159495391541356,0.0,2,0.21456889507610646,115
SNE_14096989.jpg,1,,0,0,0,0,0,1,0,0.79999999984,0.6408542288712362,0.10201739683239648,0.17437889354147773,0.43416409092580743,0.09316795694450516,0.15492957741314556,0.7220333797975972,0.3829407037143351,0.0,5,0.4734295747170914,71
SNE_14096990.jpg,1,,0,0,0,0,0,1,0,0.19999999996,0.45911033775561666,0.0,0.1344875786183058,0.24437772543430042,0.0276272923914313,0.5662878785991161,0.5706024158769838,0.35524430884204056,0.007268778350898998,2,0.2230077863265585,132
SNE_14097014.jpg,1,,0,0,0,0,0,1,0,0.39999999992,0.6440133971573561,0.003365748503211287,0.1515136370256616,0.5304364444543344,0.06366879300175649,0.2876106193731563,0.6893551840606957,0.3572476546350954,0.062135136773049146,3,0.3057217724588249,113
SNE_14097087.jpg,1,,0,0,0,0,0,1,0,0.39999999992,0.6291975207345422,0.1571933048610594,0.19285125753200522,0.40471505399553287,0.0718057479077564,0.07608695649637678,0.8462797851044721,0.4468082644956999,0.0,3,0.5672286184209943,46
SNE_14097196.jpg,1,,0,0,0,0,0,1,0,0.39999999992,0.6534418481346552,0.0,0.13189629720431045,0.11532531506850979,0.03222126197964278,0.5756302519089636,0.7143016497495025,0.3858031451982071,0.10205025243726253,3,0.2882458136888233,119
SNE_14097480.jpg,1,,0,0,0,0,0,0,1,0.19999999996,0.1551189488192833,0.0,0.16723111227831294,0.27294690496449026,0.057918472584663754,0.42156862731045747,0.8438664914723681,0.4492109904459629,0.0,2,0.15500092666954646,204
SNE_14097487.jpg,1,,0,0,0,0,0,0,1,0.19999999996,0.22213906259092903,0.0,0.14253424178905966,0.39598131089858046,0.07982391210698411,0.34138655450805316,0.8190319887639272,0.43640747771631194,0.008057523420110513,2,0.21061647456909782,238
SNE_14097498.jpg,1,,0,0,0,0,0,0,1,0.19999999996,0.3605122505370052,0.03365901080180204,0.16834247137390984,0.40656986971880604,0.16197686336989,0.3005319147934397,0.7434665030667754,0.5231666892997062,0.0,2,0.35722031839672247,188
SNE_14097503.jpg,1,,0,0,0,0,0,0,1,0.19999999996,0.32366618614621523,0.008770428792476921,0.18751735892901691,0.42198959692112137,0.138141794423778,0.2595541400408705,0.8006146728409917,0.477637408433993,0.0,2,0.3149097289559812,157
SNE_14097504.jpg,1,,0,1,0,0,0,0,0,0.19999999996,0.1915757426950448,0.509954673522283,0.18926640097885095,0.5266693319003889,0.20364725237201556,0.20175438589766084,0.7978642381845841,0.5271956409155173,0.0,2,1.1669229454978358,57
SNE_14097515.jpg,1,,0,1,0,0,0,0,0,0.39999999992,0.5173971109957965,0.0,0.16063545592568335,0.5113540925217405,0.10952425279943939,0.34374999988541666,0.8362720760268277,0.4267915361841359,0.032989102087671425,3,0.23857477035430372,216
SNE_14097516.jpg,1,,0,0,0,0,0,0,1,0.19999999996,0.3410261836490952,0.023354871508451,0.18842440452119408,0.3421047524295554,0.06501122130576555,0.3543956042774726,0.7210799848866427,0.4378957375877078,0.0,2,0.33970328158772156,91
SNE_14097519.jpg,1,,0,0,0,0,0,0,1,0.0,0.196251552509755,0.0,0.1594294164759087,0.5650425014591154,0.06209162823427948,0.3649425286139846,0.7663846495721137,0.4345075866965233,0.0,1,0.2126374865332044,174
SNE_14097524.jpg,1,,0,0,0,0,0,0,1,0.19999999996,0.35945113682353813,0.0,0.18025142515351755,0.4847082598172273,0.060452216138941375,0.37938596478581865,0.7939555309340128,0.41207926489453756,0.11225702540461126,2,0.27927927927926877,114
SNE_14097535.jpg,1,,0,0,0,0,0,0,1,0.19999999996,0.30587270588768356,0.0,0.15134412912202796,0.33453421982016973,0.0560753056835382,0.4691358023127572,0.8176588946725101,0.4012092246562248,0.13902644076048132,2,0.23846801132161466,162
SNE_14097543.jpg,1,,0,1,0,0,0,0,0,0.19999999996,0.30120659604198746,0.0,0.19232665640089644,0.3440541605193196,0.05564312656396833,0.3459302324428294,0.8254715038281687,0.40767042909992246,0.09153190960149787,2,0.2911204669409487,86
SNE_14097546.jpg,1,,0,1,0,0,0,0,0,0.19999999996,0.2377164039026408,0.0,0.16881639800054762,0.2842076843549417,0.044020504144678604,0.49100719408093524,0.861697346153744,0.40139354280375356,0.7718191163450726,2,0.19471014109812942,139
SNE_14097548.jpg,1,,0,1,0,0,0,0,0,0.19999999996,0.2521583375372373,0.12227836318928476,0.1788818734636782,0.5217350326398722,0.07363868208369424,0.3345070421420188,0.851005727952248,0.4838855194419667,0.0,2,0.5078732175440624,71
SNE_14097558.jpg,1,,0,0,0,0,0,0,1,0.0,0.19070908501714512,0.0,0.16129520469637362,0.43058871227395956,0.02831597747815887,0.4435483869489247,0.8241515392046419,0.4038008500845869,0.008745121269915012,1,0.19703810279816936,124
SNE_14097565.jpg,1,,0,0,0,0,0,0,1,0.19999999996,0.10956288897934435,0.0,0.17255569968028192,0.4642145960715231,0.04969404637590202,0.374999999875,0.6872518969896464,0.3878426022858392,0.03143999399749124,2,0.2161636706248253,130
SNE_14097587.jpg,1,,0,0,0,0,0,0,1,0.0,0.3250254044942428,0.0,0.16829824893051054,0.22826036763041446,0.047787136663912586,0.4318181816742424,0.5924406247652356,0.399161539841477,0.0,1,0.1336064490551055,231
SNE_14097588.jpg,1,,0,0,0,0,0,0,1,0.19999999996,0.6664782649213853,0.0,0.15973768145829967,0.15297653820098628,0.12027966765521812,0.33577405846548114,0.6918045409260796,0.4584846360545125,0.0,2,0.254549953263313,239
SNE_14097595.jpg,1,,0,1,0,0,0,0,0,0.39999999992,0.3572065401733222,0.05742455974268446,0.20371814581250192,0.3972866560209444,0.11262222627119647,0.31117021266223405,0.7638678520460054,0.5020590849314532,0.0,3,0.39762175161998814,94
SNE_14097599.jpg,1,,0,0,0,0,0,0,1,0.19999999996,0.3168582212634458,0.04941012041323086,0.18435375694160167,0.14940415700062654,0.133893433781295,0.2852112675105634,0.7369977951418617,0.5046414079630587,0.0,2,0.3839972047519026,142
SNE_14097607.jpg,1,,0,0,0,0,0,0,1,0.19999999996,0.3341599419778325,0.03157249740143718,0.2002501531580681,0.30720688595030265,0.0858725761674321,0.3307291665564236,0.591130793603723,0.4597734163686148,0.0,2,0.3536732456140157,96
SNE_14097615.jpg,1,,0,0,0,0,0,0,1,0.0,0.07561078202567276,0.0,0.1608068267857817,0.37962328182953353,0.028397424570909827,0.43749999985416665,0.8489903210723696,0.4171297421026895,0.08482515718616129,1,0.23909228069094315,100
SNE_14097622.jpg,1,,0,0,0,0,0,0,1,0.19999999996,0.15410089391171516,0.0,0.1666524021261223,0.5226838282068058,0.12271817366129757,0.2739999999086667,0.0,0.5510774627272774,0.0,2,0.20352354806897296,250
SNE_14097625.jpg,1,,0,0,0,0,0,0,1,0.19999999996,0.24216566124059682,0.0,0.19746977126976603,0.3210876688594048,0.04454713684125058,0.3617021275390071,0.8192398376632031,0.40824031933152954,0.3047076499672043,2,0.23189943036730576,94
SNE_14097626.jpg,1,,0,1,0,0,0,0,0,0.39999999992,0.48011311103698723,0.0,0.1831402706380643,0.12733604493674067,0.05706442248928738,0.3386752135623219,0.7477364270117781,0.42309966929037673,0.06111823584842932,3,0.2295496650990411,234
SNE_14097631.jpg,1,,0,0,0,0,0,0,1,0.19999999996,0.2200313783049286,0.0,0.15407007137476925,0.1726743478842134,0.06554410890385436,0.33192090384416195,0.9017451455762597,0.4333828008953039,0.2746585442680225,2,0.21791196245083808,177
SNE_14097633.jpg,1,,0,0,0,0,0,0,1,0.0,0.0697555904935303,0.0,0.16204527923372775,0.5281517767803366,0.04885393011229669,0.4073529410406863,0.7653231211118487,0.42840357947991714,0.0694433092687234,1,0.1848600335737901,170
SNE_14097635.jpg,1,,0,0,0,0,0,0,1,0.0,0.1622976823919464,0.034308952382581144,0.16215081986539412,0.586923304624861,0.16517193664362637,0.21925133682531192,0.8077750554174808,0.46859644465886785,0.0,1,0.3583252190846969,187
SNE_14097638.jpg,1,,0,0,0,0,0,0,1,0.0,0.15436151789289387,0.03496122661376991,0.20044319657799942,0.2046155874681203,0.10349939262046029,0.2912087911117216,0.8502737015356988,0.49007238399187303,0.0,1,0.35943408527837006,91
SNE_14097640.jpg,1,,0,1,0,0,0,0,0,0.59999999988,0.5942444733581063,0.0,0.17182819681078623,0.29431010067794,0.05424260835805259,0.3449074072924383,0.8586983636065554,0.4270620769632096,0.0,4,0.27443312149812826,108
SNE_14097641.jpg,1,,0,0,0,0,0,0,1,0.0,0.16576599027505667,0.012778839760933521,0.18573574327349168,0.46892430011476516,0.03878027716517145,0.2467105262335526,0.6956092921114855,0.4273607465617521,0.0,1,0.3217240276063658,76
SNE_14098357.jpg,1,,0,0,0,0,0,0,1,0.19999999996,0.578126989665684,0.2680178881303808,0.15417760993863025,0.15947064599279392,0.06281115423562435,0.28571428561904766,0.7137893349940877,0.4266128878334288,0.0,2,0.7556304100896652,112
SNE_14098358.jpg,1,,0,0,0,0,0,0,1,0.19999999996,0.3055696232996518,0.585616969944057,0.18858920334104956,0.49727052009771255,0.15086660441674035,0.2682926828373984,0.7272058038633064,0.5363073859060998,0.0,2,1.2955488494905139,41
SNE_14098372.jpg,1,,0,0,0,0,0,1,0,0.39999999992,0.36254859698518893,0.3112161904731958,0.19771220791821414,0.3409919210835848,0.07260111692224297,0.12837837833558557,0.7773212582648322,0.5308208625110572,0.0,3,0.829067524115649,37
SNE_14098374.jpg,1,,0,0,0,0,0,1,0,0.19999999996,0.2714329178912928,0.054801978677580826,0.18555506181112585,0.5479565906780823,0.03403674138488084,0.32758620678735634,0.7865825967638791,0.4390966856305588,0.0,2,0.39316336380668937,58
SNE_14098378.jpg,1,,0,0,0,0,0,1,0,0.39999999992,0.19797079665209982,0.3876133977100018,0.1704242065291291,0.47319636539379323,0.062166578863475104,0.10294117643627451,0.8590747751091156,0.5141682828437298,0.0,3,0.9589427764946165,34
SNE_14098394.jpg,1,,0,0,0,0,0,1,0,0.39999999992,0.6868525698922875,0.1688068563080738,0.19558726837651755,0.2565740720180191,0.11486822474411791,0.14843749995052083,0.8065409813924951,0.514288790916083,0.0,3,0.5869716558925323,64
SNE_14098407.jpg,1,,0,0,0,0,0,1,0,0.39999999992,0.439303412343234,0.22915036709526035,0.18701713749190776,0.45823981121552115,0.08303080619825028,0.029999999990000026,0.8166447222582214,0.5113490082154337,0.0,3,0.689555624291093,50
SNE_14098412.jpg,1,,0,0,0,0,0,0,1,0.19999999996,0.24853213644735744,0.4336412248298914,0.20012245751391466,0.4661099097215993,0.1257068290233259,0.2682926828373984,0.7551724514392272,0.533832164222394,0.0,2,1.0371900826444567,41
SNE_14098422.jpg,1,,0,0,0,0,0,1,0,0.59999999988,0.5331630736469176,0.07146414168561192,0.17842895172484308,0.44193592027452744,0.0419746455252493,0.3870967740645161,0.660193611718791,0.4523014748367821,0.0,4,0.4214890409370044,62
SNE_14098438.jpg,1,,0,0,0,0,0,1,0,0.59999999988,0.8028970097171941,0.18027300487123463,0.21971369428069457,0.3239582413163018,0.1639854993673949,0.014705882348039236,0.7220892512491248,0.47147227558494353,0.0,4,0.6064641084613719,68
SNE_14098445.jpg,1,,0,0,0,0,0,1,0,0.39999999992,0.5536902320584478,0.4099340978793623,0.18258153473675434,0.35646697151703977,0.10433500762049111,0.13043478256521737,0.7899910680815073,0.5258619722338373,0.0,3,0.9968879668048499,46
SNE_14098452.jpg,1,,0,0,0,0,0,1,0,0.19999999996,0.2256241408448618,0.6201105260139491,0.1935601793244237,0.3291406505460215,0.15115892436966646,0.1973684209868421,0.7250455186715835,0.5431687648165949,0.0,2,1.3541878948438242,38
SNE_14098453.jpg,1,,0,0,1,0,0,0,0,0.19999999996,0.337775894319873,0.34935892220052994,0.19836620612803535,0.5765134825596812,0.1141535292919379,0.13043478256521737,0.7706886051349517,0.5248197945244771,0.0,2,0.8939101680902598,46
SNE_14098469.jpg,1,,0,0,0,0,0,1,0,0.39999999992,0.38107847645919923,0.3519793029322344,0.21608544091173654,0.3854561043476494,0.08462303204406989,0.11486486482657655,0.7390701194080767,0.5491263770466689,0.0,3,0.8983648153367777,37
SNE_14098470.jpg,1,,0,0,0,0,0,1,0,0.19999999996,0.17125975215769146,0.3005364754457607,0.2073255400174253,0.563371672992929,0.09868948914539422,0.10465116275581392,0.7055512553677619,0.5359719979412133,0.0,2,0.8109120085583296,43
SNE_14098471.jpg,1,,0,0,0,0,0,1,0,0.0,0.11874954190219848,0.0,0.16273206736700013,0.5367059604001533,0.031168818361667093,0.33823529400490193,0.47146195657628387,0.4115962308581084,0.3067216093473498,1,0.25425369173612267,102
SNE_14098477.jpg,1,,0,0,0,0,0,1,0,0.19999999996,0.3463176716469334,0.27950113182106834,0.21764258136129672,0.3377890867765686,0.1357191086813237,0.21698113200314464,0.7532016383375884,0.5464247163432024,0.0,2,0.7751519243753173,53
SNE_14098484.jpg,1,,0,0,0,0,0,0,1,0.19999999996,0.21018301473342083,0.20694607483338498,0.1912083584819433,0.43504009833750046,0.06200512931295755,0.09883720926937987,0.8222124297134739,0.5210665143246785,0.0,2,0.6518083274237005,43
SNE_14098492.jpg,1,,0,0,0,0,0,0,1,0.19999999996,0.36315548772024175,0.4528094011290455,0.22251400382291073,0.5371685861523011,0.14548582248525826,0.1707317072601626,0.6863305092134171,0.5450906354071816,0.0,2,1.0697759823721869,41
SNE_14098494.jpg,1,,0,0,0,0,0,1,0,0.19999999996,0.35283869122891,0.274587883772483,0.2033833996874664,0.3814228611611996,0.058709491483381546,0.2132352940465686,0.7901095223111616,0.5417753907702565,0.0,2,0.766799402687809,34
SNE_14098500.jpg,1,,0,0,0,0,0,1,0,0.19999999996,0.42678612826697815,0.3240327914100683,0.21077448493515488,0.3612701107723084,0.14417858248056023,0.20673076916185898,0.6726596395814652,0.5385548678187527,0.0,2,0.850855745721149,52
SNE_14098503.jpg,1,,0,0,0,0,0,1,0,0.39999999992,0.26595750390134354,0.35140831556252206,0.206723506077821,0.5781698672448732,0.0616606663066553,0.1874999999375,0.8274937124518261,0.544710425770955,0.0,3,0.8973941368076958,32
SNE_14098508.jpg,1,,0,0,0,0,0,1,0,0.39999999992,0.459158130896954,0.6205015249705912,0.2088523209055133,0.517389104684475,0.26449435395059695,0.058035714266369026,0.6626903274356049,0.5170686901843786,0.0,3,1.3548525930705067,56
SNE_14098511.jpg,1,,0,0,0,0,0,1,0,0.59999999988,0.20285898645363892,0.45134886870026736,0.1782137651667072,0.46696249582931243,0.10009236159746376,0.14285714280952383,0.7768506882269963,0.4998880627020431,0.0,4,1.0672930772418034,42
SNE_14098524.jpg,1,,0,0,1,0,0,0,0,0.39999999992,0.5300502545861041,0.31880008533101245,0.20060288031914697,0.4610236141628561,0.13536190391810146,0.20175438589766084,0.7345771465851115,0.5399464308540386,0.0,3,0.8419601453815212,57
SNE_14098527.jpg,1,,0,0,0,0,0,1,0,0.59999999988,0.6198187581781289,0.5754558939800148,0.20908099672425756,0.38559243650575936,0.20966982136204987,0.20918367339965988,0.5506168640236492,0.5273067623605714,0.0,4,1.2782750203414812,49
SNE_14098531.jpg,1,,0,0,0,0,0,1,0,0.19999999996,0.4090411981856402,0.3438641039592307,0.18972570248309695,0.29921775733195344,0.1167152362483127,0.03645833332118056,0.7851391880494807,0.4558005726609155,0.0,2,0.8845689770745563,48
SNE_14098536.jpg,1,,0,0,0,0,0,1,0,0.19999999996,0.18288027304785384,0.3610907143905041,0.2142005154037099,0.4765342940922919,0.12986349365412928,0.22777777770185184,0.702353320881933,0.5444825961084834,0.0,2,0.9138542148249477,45
SNE_14098539.jpg,1,,0,0,1,0,0,0,0,0.19999999996,0.29258799995502593,0.4799465237817501,0.1918629473606483,0.4845175237666052,0.19856459325815004,0.24206349198280425,0.6932781109274773,0.5344337250245492,0.0,2,1.1159090909089218,63
SNE_14098540.jpg,1,,0,0,0,0,0,1,0,0.39999999992,0.2482015374314228,0.33370265894948165,0.21160483082136472,0.4897693966733263,0.06377673634316247,0.024193548379032235,0.7635702005059241,0.5215211535325064,0.0,3,0.8672945205478214,31
SNE_14100235.jpg,1,,0,1,0,0,0,0,0,0.19999999996,0.43462502388996815,0.21432670451366329,0.21407156317249768,0.40696267038107414,0.05345480931036573,0.16999999994333334,0.6401196359712936,0.5421861042266887,0.0,2,0.6643553978875543,50
SNE_14100237.jpg,1,,0,0,0,0,1,0,0,0.39999999992,0.23848981426680776,0.3226987119133558,0.2154107066308437,0.40216654533318963,0.05075387554513015,0.4324324322882883,0.5020310362682121,0.5589650838095224,0.0,3,0.8485878105754036,37
SNE_14100251.jpg,1,,0,0,0,0,1,0,0,0.79999999984,0.6174686197004383,0.23885886311330745,0.22523872054005326,0.3849091435376291,0.146128160258347,0.3029411763696079,0.6156322481407512,0.5538730973159273,0.0,5,0.7060600675314815,85
SNE_14100333.jpg,1,,0,0,0,0,1,0,0,0.79999999984,0.7008653400881266,0.04331724676389899,0.21985780083698173,0.34198577864513047,0.02549361481116055,0.20238095231349207,0.5712069199426564,0.5213249185488278,0.0,5,0.3736393195419455,63
SNE_14100357.jpg,1,,0,0,0,0,1,0,0,0.39999999992,0.47157352736628394,0.35238630528875425,0.22838407372511615,0.4363765264689231,0.08921513631431156,0.4318181816742424,0.21557066713371598,0.5621763581935858,0.0,3,0.8990567193432685,44
SNE_14105215.jpg,1,,0,0,0,0,0,0,1,0.19999999996,0.23126200265893948,0.0027939674321032816,0.18491129766215558,0.2959724244357178,0.04682543948618864,0.36486486474324326,0.6630170033973986,0.37869604727781725,0.0,2,0.30474974463736954,74
SNE_14105265.jpg,1,,0,1,0,0,0,0,0,0.19999999996,0.33850568719696084,0.027909699349613022,0.1624759121669783,0.3797077720184796,0.04371800699078917,0.36858974346688034,0.6669525215298018,0.38975281417105334,0.0,2,0.34744648892225183,78
SNE_14105308.jpg,1,,0,0,0,0,0,1,0,0.39999999992,0.486012798336298,0.30861068744586745,0.16891524426575394,0.366821130159258,0.08023171356515346,0.06666666664444443,0.8436754335052736,0.4837910610248811,0.0,3,0.8246381689665854,45
SNE_14105570.jpg,1,,0,0,0,0,0,1,0,0.39999999992,0.3072320790458934,0.06119658116056696,0.17873500179986165,0.5414923977861311,0.033738191626135,0.17187499994270833,0.69679407641835,0.37624281021455996,0.011737891581381157,3,0.4040341880341604,48
SNE_14105590.jpg,1,,0,0,0,0,0,1,0,0.59999999988,0.6890400420556572,0.003597789894996555,0.15192196353736095,0.46261455483311,0.04240016164926423,0.39210526302719306,0.7112792615532146,0.35956731159016897,0.0,4,0.3061162428250919,95
SNE_14105603.jpg,1,,0,0,0,0,0,1,0,0.19999999996,0.44894946778130485,0.0,0.161844582501317,0.5575739620344647,0.03166100000199439,0.5104895103193474,0.7043277669750354,0.3719798951913527,0.06862586892938405,2,0.16205985126780392,143
SNE_14105606.jpg,1,,0,0,0,0,0,1,0,0.39999999992,0.26151052972058836,0.00418149207435753,0.17200644023896916,0.5158065443830208,0.0076362940192287255,0.3872549018316993,0.7790943096595249,0.38173091166696044,0.10157917448047105,3,0.3071085365305893,51
SNE_14105611.jpg,1,,0,0,0,0,0,1,0,0.59999999988,0.5672248162183223,0.08262408671796985,0.16239089165473658,0.38672331642064606,0.061931396985442484,0.30514705872181375,0.7168408854986952,0.3570817252156269,0.0,4,0.44046094750317283,68
SNE_14105614.jpg,1,,0,0,0,0,0,1,0,0.19999999996,0.7275814945134889,0.0,0.17575172047883417,0.30969140823839925,0.05475789043708339,0.403124999865625,0.7361140549197859,0.41972453535685095,0.2873427153417127,2,0.16971026321158517,160
SNE_14105644.jpg,1,,0,0,0,0,0,1,0,0.19999999996,0.16499857092684994,0.0,0.17311007475427753,0.37803684869132104,0.021961499590889062,0.47391304332028983,0.760898506859206,0.3651890607935039,0.39967628233128705,2,0.15853688595301674,115
SNE_14105671.jpg,1,,0,0,0,0,0,1,0,0.19999999996,0.5598128398804219,0.0,0.14360127958004987,0.29771361271858376,0.03007724284386791,0.4429347824610507,0.7210196290319808,0.4075685749894647,0.0,2,0.2869294889313922,92
SNE_14105673.jpg,1,,0,0,0,0,0,1,0,0.59999999988,0.570427312382758,0.0,0.16962634671826768,0.5036954441063509,0.03781460422038681,0.45895522372761194,0.7101085505035178,0.3979649771785926,0.11903149528374071,4,0.1694623986867711,134
SNE_14105710.jpg,1,,0,0,0,0,0,1,0,0.59999999988,0.519282269959367,0.008055873316946757,0.15159806112411392,0.3424146117232761,0.028174325266650018,0.32999999989,0.763043641685154,0.45099727384436034,0.0,4,0.31369498464686535,75
SNE_14105733.jpg,1,,0,0,0,0,0,1,0,0.39999999992,0.6741886648566611,0.0,0.17233678387671378,0.3337564644160981,0.04474414527993848,0.3653846152628205,0.7765733902875982,0.38376265119935427,0.3175929177986691,3,0.23336654095210158,104
SNE_14117932.jpg,1,,0,0,0,0,0,1,0,0.19999999996,0.2620734945308719,0.04192117811941944,0.14840585486773628,0.45489055490576485,0.010892030279587165,0.2544642856294643,0.8136609747350982,0.38185641397744435,0.0,2,0.3712660028449342,56
SNE_14117949.jpg,1,,0,0,0,0,0,1,0,0.39999999992,0.5778751824350563,0.046629387624556255,0.15604302231048778,0.3109120401330635,0.023136114731097526,0.30932203379519774,0.8100839709563138,0.3894686006238768,0.0,3,0.379269959008375,59
SNE_14117955.jpg,1,,0,0,0,0,0,1,0,0.39999999992,0.729063829352576,0.10952288964001838,0.15800866589034357,0.30679225367679863,0.0880039581165158,0.16566265054718873,0.810910541372159,0.4093832601095068,0.0,3,0.48618891249755414,83
SNE_14117959.jpg,1,,0,0,0,0,0,1,0,0.19999999996,0.5990128625258238,0.0,0.1463346302004063,0.3825066359585968,0.029372727794194885,0.4050925924575617,0.6933840983849575,0.36179273049681926,0.11684074709081872,2,0.2553811529805455,108
SNE_14117964.jpg,1,,0,0,0,0,0,0,1,0.19999999996,0.28118678604019537,0.0,0.1717629396640767,0.3649291422840847,0.03742930220462769,0.4652173911492754,0.6497317872945134,0.3816557257793973,0.549151358131445,2,0.21373091688241488,115
SNE_14117972.jpg,1,,0,0,0,0,0,1,0,0.39999999992,0.5266516571544835,0.0,0.14148003528741568,0.47313792858177206,0.02773716816968397,0.3809523808253968,0.6868406711710318,0.37114144493682616,0.4281802876700102,3,0.26249963642708873,105
SNE_14117980.jpg,1,,0,0,0,0,0,1,0,0.59999999988,0.6486367895732377,0.20020855045570504,0.182973379127531,0.48540227835272143,0.10378135116914837,0.15789473678947366,0.8381960105918217,0.46409474417919533,0.0,4,0.6403545359749071,57
SNE_14117984.jpg,1,,0,0,0,0,0,1,0,0.59999999988,0.6756711709164773,0.22276304875044337,0.18695842534638285,0.33587406288080157,0.09215159375480905,0.06999999997666666,0.8423505716652386,0.4843282865556149,0.0,4,0.6786971830985168,50
SNE_14117988.jpg,1,,0,0,0,0,0,1,0,0.59999999988,0.9041095880308219,0.20400330487209226,0.19867197562178288,0.36996781389279215,0.13814895187421236,0.08984374997005208,0.8376839669169286,0.5191047414074156,0.0,4,0.6468056184865602,64
SNE_14117993.jpg,1,,0,0,0,0,0,1,0,0.39999999992,0.7226695416473663,0.0,0.17904619990157833,0.42145765417709735,0.03174879689541252,0.3575268816012545,0.7094083231453359,0.3591060765652916,0.0,3,0.21745276513583583,93
SNE_14117995.jpg,1,,0,0,0,0,0,1,0,0.39999999992,0.6181622741722471,0.013962811908552534,0.18430925364113127,0.3709562678347458,0.04857218357694141,0.336805555443287,0.7607667849108749,0.41426077556495067,0.0,3,0.3237367802585021,72
SNE_14118007.jpg,1,,0,0,0,0,0,1,0,0.39999999992,0.5813354421115231,0.0,0.16057620391479654,0.3966653094862883,0.04493489197794077,0.3273195875197595,0.644557783554416,0.3541242866850448,9.428072597603517e-05,3,0.28089286396818863,97
SNE_14118010.jpg,1,,0,1,0,0,0,0,0,0.59999999988,0.8523346098492965,0.22525795573993715,0.1682973049752746,0.3826563724403669,0.13665433361612375,0.0499999999833333,0.8649281941168239,0.4762452773387812,0.0,4,0.6829385249831511,75
SNE_14118011.jpg,1,,0,0,0,0,0,1,0,0.19999999996,0.29376027759717216,0.0,0.15753490679119225,0.5295558678354965,0.0510140785307064,0.3655303029084596,0.7224867719673205,0.37609183821237224,0.9720721935137194,2,0.22935998806503868,132
SNE_14118014.jpg,1,,0,0,0,0,0,1,0,0.39999999992,0.7123952612184302,0.0,0.14735311403719756,0.3735766668393964,0.04735175715870149,0.36184210514254395,0.7096827388330076,0.3579449709954117,0.05375770633205177,3,0.26115647392100444,114
SNE_14118019.jpg,1,,0,0,0,0,0,1,0,0.59999999988,0.7872393240088132,0.26411050234519273,0.16310288799581088,0.39941938962263435,0.15265600554706055,0.07278481010232069,0.882261414987569,0.5078860202737754,0.0,4,0.7489878542509382,79
SNE_14118031.jpg,1,,0,0,0,0,0,1,0,0.39999999992,0.40320120768535245,0.17374061135822882,0.20429731137153848,0.34716172225233133,0.09927207765730464,0.0499999999833333,0.8521351610907236,0.48746104798703693,0.0,3,0.5953590394827296,50
SNE_14118041.jpg,1,,0,0,0,0,0,1,0,0.59999999988,0.5887302240842089,0.20442950435738758,0.15984210080695516,0.39013483497965795,0.09798269556258805,0.09999999996666668,0.9269033465908548,0.48586337476334773,0.0,4,0.6475301576119884,65
SNE_14118044.jpg,1,,0,0,0,0,0,1,0,0.39999999992,0.2861745938495761,0.0,0.15354699190271898,0.4228994227522533,0.03904627863897919,0.430555555412037,0.7367868987070054,0.3918121385703392,0.4335322458673503,3,0.26302377342665517,108
SNE_14118045.jpg,1,,0,0,0,0,0,0,1,0.19999999996,0.38480692824212936,0.0,0.14797740992898906,0.39570475980080677,0.017866134910513098,0.4861111109490741,0.6839875375321205,0.3467591975273955,0.5564286753777798,2,0.16783603350767173,126
SNE_14118050.jpg,1,,0,0,0,0,0,1,0,0.79999999984,0.8723588063360854,0.14816590189642906,0.1704212080389404,0.3869699029010386,0.06786757346270972,0.11864406775706213,0.8775296583097622,0.47039861152217816,0.0,5,0.5518820333720953,59
SNE_14118051.jpg,1,,0,0,0,0,0,1,0,0.39999999992,0.4310267852435743,0.3050281444832842,0.19235173565046426,0.46719344375638344,0.12396075409293653,0.13999999995333332,0.8227673603323392,0.5273767675771033,0.0,3,0.8185478459266113,50
SNE_14118063.jpg,1,,0,0,0,0,0,1,0,0.19999999996,0.39912115081598826,0.0,0.17525056451997092,0.39746016125786393,0.03223616315882867,0.3766666665411111,0.7517148829901636,0.37793994520552704,0.0,2,0.28216374269004635,75
SNE_14118064.jpg,1,,0,0,0,0,0,1,0,0.0,0.3641101658957623,0.023235140837870066,0.15324080007452232,0.42329462087606934,0.021648702262553176,0.35769230757307696,0.7110680469611863,0.385782255565974,0.049713391729020485,1,0.33949973944761425,65
SNE_14118069.jpg,1,,0,0,0,0,0,1,0,0.19999999996,0.28871212601672425,0.0,0.13973534255334,0.47366937952975185,0.010660895575794724,0.5065789471995614,0.6594552260027969,0.35741504050517947,0.26245419736278797,2,0.18897023143947786,114
SNE_14118070.jpg,1,,0,0,0,0,0,1,0,0.59999999988,0.7658488940869908,0.0,0.16978720688622753,0.40561421741988113,0.02030657842378437,0.42602040802125846,0.6447938973809537,0.3892118123283029,1.0,4,0.197239662876854,98
SNE_14118077.jpg,1,,0,0,0,0,0,1,0,0.39999999992,0.8359384072180325,0.015996936946025643,0.1794213350504072,0.2549400738508233,0.032316463482314504,0.32377049169535516,0.743596684685446,0.3994567827030001,0.11113933280399832,3,0.3271947928242405,61
SNE_172960.jpg,1,,0,0,0,1,0,0,0,0.0,0.6674220958987251,1.0,0.15944611524718788,0.3220992570080179,0.6168739518430545,0.1869369368746246,0.4851579717187401,0.5438700565263962,0.0,1,3.503552601420237,111
SNE_173005.jpg,1,,0,0,0,1,0,0,0,0.39999999992,0.8037451762243646,0.5693601966800015,0.18976032988734698,0.24893804093403465,0.3947146595739166,0.23140495860055094,0.3018102195874477,0.5497227610146826,0.0,3,1.2679123349253627,121
SNE_173010.jpg,1,,0,0,1,0,0,0,0,0.19999999996,0.32541117283097953,0.0,0.1896032448988262,0.37366153576900135,0.06183119136561771,0.377906976618217,0.5279339391055125,0.5072873657691027,0.06640591544969243,2,0.2589520534088523,129
SNE_173011.jpg,1,,0,0,0,1,0,0,0,0.39999999992,0.6518968071979447,0.15723216517912203,0.22935602800166982,0.27174192376911604,0.13637534032615362,0.3442028984359903,0.21979865134792065,0.565613838038464,0.0,3,0.5672946809617396,69
SNE_173020.jpg,1,,0,0,0,1,0,0,0,0.59999999988,0.8525641016826923,0.4720683631399573,0.16083055644013958,0.18780622479606757,0.36380660709050416,0.20031055893944097,0.48878252105432585,0.5320601639974342,0.0,4,1.1025162178099959,161
SNE_173040.jpg,1,,0,0,0,1,0,0,0,0.19999999996,0.7727392211898658,1.0,0.19653815237890648,0.2878930142664471,0.5158628276555807,0.20967741928494626,0.3047329671365182,0.5677841791389194,0.0,2,2.0724738675953374,93
SNE_173060.jpg,1,,0,0,0,1,0,0,0,0.19999999996,0.7419798029259977,0.7763780545598558,0.17059814660417888,0.27775308972524704,0.44485195317798215,0.1660583941052311,0.4462449945461172,0.5443742446449668,0.0,2,1.619842693528133,137
SNE_173064.jpg,1,,0,0,0,1,0,0,0,0.39999999992,0.8170438123994944,0.019725967745429344,0.2046059642766334,0.20441139553693505,0.11949286701651984,0.34046052620230266,0.34522621930264663,0.43774510358115276,0.0,3,0.33353414518695584,152
SNE_173071.jpg,1,,0,0,0,1,0,0,0,0.59999999988,0.7673452666769042,0.015498249026740416,0.2132734048973074,0.2854402976386117,0.07193213817785721,0.39303482573963516,0.1511829951693997,0.47817027021077463,0.0,4,0.32634702336095694,201
SNE_173085.jpg,1,,0,0,0,1,0,0,0,0.0,0.2323822105023714,1.0,0.1755063795380845,0.2557344288675613,0.4930875574335335,0.13888888884259262,0.41928613876756304,0.52588222438565,0.0,1,3.409274193547405,72
SNE_173095.jpg,1,,0,0,0,1,0,0,0,0.0,0.3525554448042051,1.0,0.17234576010530558,0.3617462822956622,0.635533719855135,0.1487341771656118,0.43353450744462707,0.5371509223795281,0.0,1,4.510758027141837,79
SNE_173109.jpg,1,,0,0,0,1,0,0,0,0.19999999996,0.7304801615197378,0.19031827192345319,0.13746170283825915,0.041769837374970614,0.1353782347824,0.29826732663325084,0.497825624290536,0.45891204812400654,0.4166984924751742,2,0.6235410624601887,202
SNE_173128.jpg,1,,0,0,1,0,0,0,0,0.0,0.26151528123461265,0.33066718090591857,0.2049017918780402,0.29164347174844385,0.14984863771017365,0.3360655736584699,0.6109112676263506,0.5765719744169491,0.0,1,0.8621342078707287,61
SNE_181435.jpg,1,,0,0,0,1,0,0,0,0.9999999998,0.871827550882467,0.2436881614501294,0.16269878503289323,0.2812507700227487,0.23769118992168622,0.24874371851005025,0.5581205809876777,0.48027705451329245,0.0,6,0.7142698747089081,199
SNE_181476.jpg,1,,0,0,0,1,0,0,0,0.59999999988,0.7552620567914516,0.006994826536915855,0.1407646366099538,0.2551923003030143,0.0978257369870674,0.31584362129389576,0.5202037839815179,0.4471339834306243,0.18053738406875963,4,0.31189120511975177,243
SNE_181507.jpg,1,,0,0,0,1,0,0,0,0.0,0.5670008145671968,0.8432857986720258,0.13123494613612988,0.43849603004709203,0.17800293959103272,0.2754237287217514,0.42759222522505846,0.405898089641272,0.0987126150434947,1,1.7335858585857298,118
SNE_181522.jpg,1,,0,0,0,1,0,0,0,0.39999999992,0.774293784625,1.0,0.1515239076244142,0.334369588830458,0.5762132602997324,0.24637681151207727,0.5961141217919416,0.5527298572593159,0.0,3,2.3923809523805377,138
SNE_181530.jpg,1,,0,0,0,1,0,0,0,0.19999999996,0.7777237977251749,1.0,0.1627327318224458,0.2876179187686573,0.4759566457736567,0.2172897195537383,0.4908454996113498,0.554041487416146,0.0,2,2.316500844752709,107
SNE_181536.jpg,1,,0,0,0,1,0,0,0,0.39999999992,0.7447069247115535,0.109614706745388,0.14389871472290142,0.2824975468068466,0.11085661171992248,0.35913705571785115,0.5706849344300695,0.43919413770162324,0.7133186071189356,3,0.4863450015767743,197
SNE_181538.jpg,1,,0,0,1,0,0,0,0,0.19999999996,0.6302773642954795,0.08494408706872358,0.2166356434651841,0.33692766436805377,0.27851407272388606,0.24999999991666666,0.5633678690965256,0.5748038242905529,0.0,2,0.44440494810177417,177
SNE_181539.jpg,1,,0,0,0,1,0,0,0,0.19999999996,0.7907273710636876,1.0,0.16894314155586368,0.31904516552944323,0.5979763489561831,0.23199999992266665,0.7179734018477442,0.5749402793476239,0.0,2,2.228639240505888,125
SNE_181553.jpg,1,,0,0,0,1,0,0,0,0.39999999992,0.8245742771543938,0.0,0.20520636958134197,0.2868748262976766,0.09105718043575448,0.2914438501702317,0.5498932051852263,0.4991425776027075,0.1459004885942475,3,0.19974889044615163,187
SNE_181572.jpg,1,,0,0,1,0,0,0,0,0.19999999996,0.5782670092131694,0.0021304498552855377,0.19755783374615787,0.3383011132395526,0.12157818308269613,0.2612903224935484,0.6005669288206572,0.534938669095415,0.0,2,0.30362176475611585,155
SNE_182342.jpg,1,,0,0,0,0,1,0,0,0.79999999984,0.4728682456063512,0.26342793297513056,0.16736737018720124,0.4965893607273165,0.09347314212662057,0.35869565205434784,0.6147427664362053,0.4641736880169028,0.0,5,0.7478274863211499,69
SNE_182389.jpg,1,,0,0,0,0,1,0,0,0.79999999984,0.5939766867206818,0.18308984659173128,0.18425469921715218,0.3943851491365401,0.08389651169896978,0.3836206895272989,0.6640348750599233,0.40182602059114125,0.016223146316776505,5,0.611252739389033,116
SNE_182473.jpg,1,,0,0,1,0,0,0,0,0.39999999992,0.40148463134190226,0.0,0.17903336579417997,0.22676597180920124,0.10489500586821472,0.3483146066254682,0.6756406320078182,0.4291576928496231,0.0,3,0.2827549098735444,178
SNE_182475.jpg,1,,0,0,0,1,0,0,0,0.0,0.6109505680841159,0.07628036073716953,0.18093160725520524,0.24182982687863044,0.20785819238532213,0.21723300963632688,0.584284661905606,0.5224223305822255,0.0,1,0.42967661332946855,206
SNE_182518.jpg,1,,0,0,1,0,0,0,0,0.19999999996,0.5190047511679112,0.0,0.1843646688414449,0.3176815656885656,0.10157661817473071,0.2604166665798611,0.6670345804653676,0.45338878053545195,0.02285975858425893,2,0.2387608728826419,192
SNE_182520.jpg,1,,0,0,0,1,0,0,0,0.19999999996,0.8643396527048448,0.0,0.17908628368047258,0.1566760321201858,0.1463179674385379,0.28333333323888893,0.5035640519181349,0.46031254382075976,0.0,2,0.23444214547190212,285
SNE_182544.jpg,1,,0,0,0,1,0,0,0,0.19999999996,0.6902530053936478,1.0,0.15044373326738192,0.3417448453372189,0.6198772928480821,0.1423076922602564,0.5343431358829438,0.5327562870922875,0.0,2,2.9247100452127137,130
SNE_182547.jpg,1,,0,0,0,1,0,0,0,0.19999999996,0.9702626948555949,0.42532058125695454,0.16105479560392183,0.04406921065950554,0.5092237922843861,0.1815476189871032,0.535532111858062,0.5530932676764935,0.0,2,1.0230449885621433,252
SNE_182576.jpg,1,,0,0,1,0,0,0,0,0.79999999984,0.9072073831139533,0.27022790411917114,0.1763863169936723,0.2795786201070498,0.33898598369140664,0.19767441853875967,0.6128982539918774,0.5450049442276848,0.0,5,0.7593874372728189,172
SNE_182602.jpg,1,,0,0,1,0,0,0,0,0.59999999988,0.8354480562589215,0.009343497845320466,0.15997938011135343,0.057007699266504105,0.1586436473894718,0.2886178860826559,0.8657639891858058,0.4547096639501038,0.7662043129674494,4,0.3158839463463883,246
SNE_182619.jpg,1,,0,0,0,1,0,0,0,0.79999999984,0.839151300857805,0.0994934993929828,0.1621653513252308,0.22565643313164746,0.16870678031789738,0.2512626261788721,0.6638023614350894,0.4906176757417733,0.0,5,0.46913894906756426,198
SNE_183114.jpg,1,,0,0,0,1,0,0,0,0.0,0.6984370991708301,0.23636812223942805,0.13754417117853596,0.07439199283149102,0.15622389305329867,0.2836787563821243,0.5349052448903255,0.4554321410888427,0.0,1,0.7018258080433958,193
SNE_183118.jpg,1,,0,0,0,1,0,0,0,0.19999999996,0.7248958416280503,0.5951025324397108,0.1833902306017803,0.3938939745711786,0.36598033226922394,0.1631355931659604,0.31466259496042726,0.5352116575282381,0.0,2,1.311674305742611,118
SNE_183162.jpg,1,,0,0,0,1,0,0,0,0.79999999984,0.7672744440306918,1.0,0.1623983236150948,0.2719148095001956,0.6850311213688173,0.20562130170660753,0.5888881475891462,0.5556332333810253,0.0,5,2.2778238513845945,169
SNE_183166.jpg,1,,0,0,0,1,0,0,0,0.59999999988,0.7130419838960899,0.053539883104786,0.2279906458728201,0.4136545081379931,0.17980846937963696,0.2846153845205128,0.23916569941129517,0.5540927829694222,0.0,4,0.3910178013316761,130
SNE_184029.jpg,1,,0,0,1,0,0,0,0,0.19999999996,0.8280148778017324,0.013790331206266934,0.16585163433383468,0.22320028329661623,0.15973099534544496,0.23723404247411348,0.7550899631748619,0.5228650199631892,0.0,2,0.3234435630644441,235
SNE_184089.jpg,1,,0,0,0,1,0,0,0,0.0,0.6001069967019406,0.7713011521481833,0.16083765972670014,0.03287492452883519,0.298620282642133,0.17799999994066668,0.74908586807386,0.4359895786538838,0.0,1,1.6112119594232128,125
SNE_184095.jpg,1,,0,0,0,1,0,0,0,0.19999999996,0.6848605416115959,1.0,0.16768873767183787,0.2663130992217434,0.5711209158919552,0.1868421052008772,0.4675067454612568,0.5458443624305496,0.0,2,2.6983532934125005,95
SNE_184116.jpg,1,,0,0,1,0,0,0,0,0.19999999996,0.46087823764492963,0.07689263009967942,0.2153200247160749,0.36604943048598837,0.09561479003196476,0.2013888888217593,0.8603912320044641,0.5333851037632867,0.0,2,0.4307174712463476,72
SNE_184200.jpg,1,,0,0,0,1,0,0,0,0.39999999992,0.830463517740673,0.0,0.1748182682035176,0.21325713801951104,0.12478890521932127,0.30183946478233,0.5213765425335286,0.5068792641833371,0.0,3,0.19741144106969274,299
SNE_184205.jpg,1,,0,0,0,1,0,0,0,0.0,0.8243801644783058,0.06035483469054333,0.14911477548829932,0.0424802849690486,0.12047438399257343,0.3702127658340425,0.4866894332378615,0.4320717581269631,0.0,1,0.4026032190342785,235
SNE_184222.jpg,1,,0,0,0,1,0,0,0,0.59999999988,0.8363384180218446,0.0,0.17006794965114394,0.32362708579743515,0.17387619045366626,0.2893982807058262,0.5577163670291161,0.5214335962105876,0.0,4,0.1975238611981109,349
SNE_184254.jpg,1,,0,0,0,1,0,0,0,0.39999999992,0.7788035443546897,0.11290826743646559,0.14904871354840815,0.2076663912586002,0.17558850574823442,0.3112745097001634,0.5883161892235295,0.485729362313188,0.0,3,0.4919440547548998,204
SNE_184279.jpg,1,,0,0,0,1,0,0,0,0.59999999988,0.7380240410292446,0.10316634022172975,0.1375721476160626,0.34829366283162,0.1118652087358548,0.3469101122439138,0.57393472770351,0.42010613624730503,0.0,4,0.4753827784801069,178
SNE_184633.jpg,1,,0,0,0,0,1,0,0,0.9999999998,0.5122773654188599,0.0,0.21035150153365206,0.46707277676229114,0.06189693578380571,0.32708333322430555,0.7626769172701203,0.407031160506865,0.0,6,0.19080259674318387,120
SNE_233448.jpg,1,,0,0,0,0,0,0,1,0.0,0.23698914339060081,0.0,0.18456041179396865,0.40826249179595353,0.0902536175537241,0.3320512819405983,0.7261311715390436,0.4807899041782277,0.2971654468369152,1,0.20685526535612278,195
SNE_233455.jpg,1,,0,0,0,0,0,0,1,0.0,0.19944058943152904,0.0,0.19881877538657344,0.45725923934884716,0.04781882292402195,0.47058823513725484,0.7213905849416233,0.40337996730963266,0.6394996499911922,1,0.18574756518565816,136
SNE_233469.jpg,1,,0,0,0,0,0,0,1,0.19999999996,0.18758672199718768,0.0,0.21393961791814162,0.42726433365035255,0.12706136950283256,0.4148648647265766,0.45283769734526913,0.5170537880607937,0.0,2,0.21038644668363746,185
SNE_233472.jpg,1,,0,0,0,0,0,0,1,0.0,0.13233707005971618,0.0,0.23057566893408318,0.3401859995082155,0.07526279247286687,0.374999999875,0.6499703340916554,0.48102241331551143,0.0,1,0.26330710483682807,84
SNE_233492.jpg,1,,0,0,0,0,0,0,1,0.0,0.09685422629880283,0.0,0.21474682337480472,0.3929384697116547,0.06074105689493446,0.4656862743545751,0.6471746319605356,0.42362908609529304,0.0,1,0.14968744720391539,153
SNE_233513.jpg,1,,0,0,0,0,0,0,1,0.19999999996,0.1840807683270253,0.12340986040314066,0.24714418332172036,0.4102181066174062,0.18756365170196374,0.31333333322888884,0.6876292103286403,0.5824341472623519,0.0,2,0.509796762808749,75
SNE_233526.jpg,1,,0,0,0,0,0,0,1,0.0,0.09058171587746136,0.0,0.22058566285748785,0.3560057411210199,0.07332386841516211,0.39673913030253616,0.6454817020052019,0.4326041336798821,0.06339602270473411,1,0.12350753062976035,184
SNE_233537.jpg,1,,0,0,0,0,0,0,1,0.0,0.11703998753669954,0.0,0.22743927267111114,0.4201579457943131,0.12262139133066179,0.2967289718637071,0.790375625008128,0.5343721461860401,0.0,1,0.28455841165119283,107
SNE_233542.jpg,1,,0,0,0,0,0,0,1,0.19999999996,0.36302379891443437,0.0,0.2437634501587076,0.35955792211039383,0.018789340236816585,0.43749999985416665,0.4902521695557954,0.5037777661740217,0.0,2,0.15141234867692208,76
SNE_233583.jpg,1,,0,0,0,0,0,0,1,0.19999999996,0.14367598070412013,0.013632808545124574,0.21414168360528799,0.3208862058513199,0.1331978396758277,0.3220720719647147,0.7081678782934171,0.48355172864816864,0.0,2,0.3231757745403446,111
SNE_233594.jpg,1,,0,0,0,0,0,0,1,0.19999999996,0.10840894351559574,0.37439243027371644,0.21942438130856737,0.4531851840263755,0.1889750081652869,0.32499999989166667,0.8241555649795044,0.5577588587443372,0.0,2,0.9364671318397104,50
SNE_233597.jpg,1,,0,0,0,0,0,0,1,0.19999999996,0.14198203658063596,0.0,0.22433919432149,0.34368388519462734,0.06491733656173411,0.31989247301164875,0.7019847246910824,0.43608572735750734,0.10176112576453457,2,0.2308837656099793,93
SNE_233601.jpg,1,,0,0,0,0,0,0,1,0.0,0.09152548806177982,0.0,0.18454429771626224,0.4202045329536465,0.04937248609978038,0.42901234553600825,0.544968317973731,0.4025974214055315,0.0,1,0.14382447241230456,162
SNE_233806.jpg,1,,0,0,0,0,1,0,0,0.9999999998,0.5716152333294957,0.03748176323251916,0.21146596301969403,0.45485667810387065,0.16265146698192665,0.22222222214814816,0.7174518634881206,0.4445340162334387,0.0,6,0.3637189975327643,126
SNE_233836.jpg,1,,0,0,0,0,1,0,0,0.39999999992,0.6215038709025407,0.0,0.17149252409994042,0.3906268988719785,0.12103600069251587,0.359110169371822,0.6347897563760827,0.44051516307541905,0.0,3,0.2104806912558315,236
SNE_233839.jpg,1,,0,0,0,0,1,0,0,0.79999999984,0.8925114043820239,0.01747906349445511,0.1956534468543013,0.30147071680821524,0.20351740403766935,0.2582417581556776,0.6416092460300908,0.5145931355747235,0.0,5,0.32971440795805274,182
SNE_233901.jpg,1,,0,0,0,0,1,0,0,0.59999999988,0.7654035736956768,0.0,0.17321026472120088,0.44393330258515384,0.1479431447689927,0.2608173076053686,0.7668282071132495,0.4391404813003871,0.0,4,0.2817149138878607,208
SNE_233912.jpg,1,,0,0,0,0,1,0,0,0.9999999998,0.8310676476330069,0.0,0.1803472916934467,0.4428767741120806,0.08583275323972725,0.2978142075510018,0.6022827337720703,0.3951319547978577,0.0,6,0.19790109258193797,183
SNE_233919.jpg,1,,0,0,0,0,1,0,0,0.79999999984,0.5089753631182768,0.0,0.175724819143334,0.42910125634153184,0.07098284419021215,0.3354430378628692,0.6959691587800647,0.38654050402532014,0.02054148305746231,5,0.21673207277915876,158
SNE_233948.jpg,1,,0,0,0,0,1,0,0,0.79999999984,0.8235959816496321,0.1138784512569858,0.21775073400205872,0.35942096824092784,0.2746422301841871,0.16287878782449491,0.6176832021527263,0.5264220288556241,0.0,5,0.4935933672507543,132
SNE_233953.jpg,1,,0,0,0,0,1,0,0,0.79999999984,0.7336969264624383,0.0,0.18475499691686958,0.3111340265611561,0.13320477218928398,0.2526178009629145,0.6844718829776679,0.42585578450729117,0.5904610414117405,5,0.23784523237326735,191
SNE_235180.jpg,1,,0,0,0,0,1,0,0,0.79999999984,0.7871917256145584,0.30220600577470874,0.21633256578088841,0.36314766174763713,0.2835593774519285,0.16776315783881582,0.7737752965179248,0.5243768508649638,0.0,5,0.8137502101192109,76
SNE_235182.jpg,1,,0,0,0,0,1,0,0,0.39999999992,0.3649983084505294,0.9551120291603553,0.23204087264012055,0.3724230090651707,0.3501321744878701,0.17605633796948356,0.6787375851224162,0.5246088190468111,0.0,3,1.9236904505277161,71
SNE_235209.jpg,1,,0,0,0,0,1,0,0,0.59999999988,0.686828354919272,0.3547600416556137,0.20421526287026062,0.36170218950557953,0.22466383607823462,0.14754098355737705,0.8516131938993126,0.5222207306976477,0.0,4,0.9030920711693032,61
SNE_235219.jpg,1,,0,0,0,0,1,0,0,1.0,0.6976659912592005,0.013256255956868482,0.19476564445391292,0.3161263974649246,0.06400429680318952,0.3966049381394033,0.6748129950271783,0.409752258888864,0.37180742393187016,7,0.32253563513993266,162
SNE_235269.jpg,1,,0,0,0,0,1,0,0,0.79999999984,0.8267186384461375,0.3410533213473956,0.2085714367861975,0.4463905613132692,0.34279392547759163,0.18820224712827718,0.683290859912972,0.5367782564314066,0.0,5,0.8797906466316259,89
SNE_235270.jpg,1,,0,0,0,0,1,0,0,0.79999999984,0.7869404233822785,0.2655749100441989,0.22073856201510572,0.375551418266833,0.21303175862068724,0.15243902433943088,0.5635353717241922,0.4787818764986715,0.0,5,0.751477347340713,123
SNE_256474.jpg,1,,0,0,0,0,0,1,0,0.0,0.29325741022459295,0.0,0.15938952553324143,0.38157524079334515,0.018465488296343216,0.49305555539120366,0.669225377508269,0.3558152871770059,0.0,1,0.19081926203876948,108
SNE_256476.jpg,1,,0,0,0,0,0,1,0,0.59999999988,0.7154980888596374,0.0,0.15686281589053871,0.01999287214945891,0.0,0.15060240958835344,0.6730346653571138,0.3440452006728062,0.0,4,0.27713313557842706,83
SNE_256483.jpg,1,,0,0,0,0,0,1,0,0.39999999992,0.4710877700252232,0.03123715063514196,0.14826709523844422,0.34304231105341737,0.037670431103668175,0.2839506171893004,0.742947890465298,0.358133427182102,0.0,3,0.3531031561109785,81
SNE_256494.jpg,1,,0,0,0,0,0,1,0,0.39999999992,0.581011330314033,0.0009224898434686905,0.14014655064260553,0.43163458249632486,0.03195763361746311,0.3434343433198653,0.764140658677292,0.3334135710189268,0.14156520044586632,3,0.30156823273481925,99
SNE_256505.jpg,1,,0,0,0,0,0,1,0,0.39999999992,0.7802911088214708,0.0,0.15601848105200913,0.3066072857016927,0.023967886746705684,0.33426966280992504,0.7076555033425397,0.36753620868252185,0.0,3,0.2774725274725184,89
SNE_256512.jpg,1,,0,0,0,0,0,1,0,0.39999999992,0.5877434191009053,0.0,0.14725800181457394,0.34563906850508375,0.025979425078503923,0.41346153832371796,0.7585704060529911,0.36302116392002914,0.0,3,0.2538848197615897,104
SNE_256514.jpg,1,,0,0,0,0,0,1,0,0.19999999996,0.5181135099377275,0.0,0.14448773740577303,0.35302418872676833,0.04381415070946818,0.35805084733827686,0.6150354164280658,0.3631556789310018,0.0,2,0.2616082243687219,118
SNE_256515.jpg,1,,0,0,0,0,0,1,0,0.39999999992,0.6423800919509485,0.0,0.17253150876912438,0.31185776515543595,0.05988515791165526,0.38958333320347227,0.7198555751057559,0.36473551270777105,0.005544074607185247,3,0.2414665431482847,120
SNE_256521.jpg,1,,0,0,0,0,0,1,0,0.59999999988,0.6284757644238239,0.053857350768889464,0.15809142263482961,0.31757484509664174,0.05954843439739043,0.17378048774695118,0.8122420793593751,0.3804145508196497,0.0,4,0.3915574963609694,82
SNE_256524.jpg,1,,0,0,0,0,0,1,0,0.59999999988,0.6064015698797185,0.2551841893947169,0.1615967900219418,0.03458718364822412,0.03638188670359836,0.26241134743026,0.6639726217244561,0.40478236622274616,0.15403622200759143,4,0.7338131222262029,141
SNE_256525.jpg,1,,0,0,0,0,0,1,0,0.59999999988,0.600225406286226,0.2893489052210851,0.16035146509176118,0.03434649987440612,0.0438497535978924,0.27797202787937064,0.6408362234867659,0.40092136582837395,0.07725019553103019,4,0.7918931391651935,143
SNE_256532.jpg,1,,0,0,0,0,0,1,0,0.19999999996,0.6647027399385641,0.3171758467388368,0.15070059662341287,0.18896878254086144,0.06846522874076616,0.26999999991,0.6563945943725653,0.3604655783923007,0.0,2,0.8391989397731984,125
SNE_256538.jpg,1,,0,0,0,0,0,1,0,0.59999999988,0.498707567666291,0.12077812421821761,0.1377848940648531,0.4704759551267178,0.05329501391675916,0.27631578938157897,0.707411834474599,0.35794017535290285,0.0,4,0.505322811291748,76
SNE_256543.jpg,1,,0,0,0,0,0,1,0,0.19999999996,0.4471921964549258,0.0073489483358217655,0.14714076354328656,0.41589191474910747,0.05121018525241116,0.32798165126681955,0.7116619040252521,0.3444196980787381,0.0,2,0.31249321217824594,109
SNE_256544.jpg,1,,0,0,0,0,0,1,0,0.59999999988,0.5993552425959784,0.011282539746219485,0.13198492078481638,0.4175949856806402,0.04564178285617999,0.36554621836554624,0.6396281946918758,0.3448225169461283,0.0,4,0.31918031757985565,119
SNE_256549.jpg,1,,0,0,0,0,0,1,0,0.19999999996,0.23832372258845663,0.20570570558467366,0.14583090370885432,0.484507872552757,0.07578631261678254,0.2769230768307692,0.7253279888547441,0.3762884261347225,0.0,2,0.6496996996996509,65
SNE_256553.jpg,1,,0,0,0,0,0,1,0,0.19999999996,0.30235569916958893,0.025679984518623265,0.16757214756375174,0.4530436437633263,0.03629369214782155,0.2773972601815069,0.7286473907985542,0.3756144036748983,0.0,2,0.3436559737073395,73
SNE_256563.jpg,1,,0,0,0,0,0,1,0,0.19999999996,0.2311046772562853,0.0505059315822835,0.144287601352325,0.37124590312200867,0.07362177249778984,0.3909090907787879,0.6993242314737043,0.38220864360374895,0.0,2,0.3858600837403879,110
SNE_256568.jpg,1,,0,0,0,0,0,1,0,0.39999999992,0.5378706086911738,0.0,0.14829805442274657,0.2673435868303604,0.024424344584766108,0.23969072156958765,0.7448074599350485,0.37499046930080376,0.08064519267403455,3,0.24046850001508618,97
SNE_256575.jpg,1,,0,0,0,0,0,1,0,0.19999999996,0.38473092818089955,0.14663506602738044,0.14665615305556107,0.3606774639303499,0.0698376695179924,0.25342465744977166,0.7860776534648043,0.38036103604190363,0.0,2,0.5492796123931818,73
SNE_256576.jpg,1,,0,0,0,0,0,1,0,0.19999999996,0.5175052576324575,0.18991070595474288,0.14197320659316537,0.12328634535373492,0.03300243304885672,0.4217557250502544,0.6204518673161108,0.33969410045421616,0.05124243334480118,2,0.6228482003129736,131
SNE_256584.jpg,1,,0,0,0,0,0,1,0,0.39999999992,0.6232871901376313,1.9309828053927586e-06,0.14536731429438773,0.4248899018337024,0.04930398740372229,0.29449152532556494,0.7449599532273787,0.35370364409868993,0.01255512134612585,3,0.3000032826707711,118
SNE_256594.jpg,1,,0,0,0,0,0,1,0,0.39999999992,0.6542210577990273,0.0,0.15616439619385056,0.43549150586144136,0.041770676798395585,0.39139344249248625,0.7203847379203208,0.34501245974629463,0.0,3,0.22908641830103124,122
SNE_256595.jpg,1,,0,0,0,0,0,1,0,0.39999999992,0.4786278534618304,0.0,0.1504188731242167,0.34511061252732655,0.014165610962118132,0.4935344825941092,0.6982553319213063,0.34615814191709704,0.0,3,0.17463894967176863,116
SNE_256599.jpg,1,,0,0,0,0,0,1,0,0.39999999992,0.7834790656704116,0.0,0.15065329380442918,0.34143195397467546,0.03017958399431645,0.44298245599269004,0.7972386768925229,0.35294758389161784,0.0,3,0.22739945344631832,114
SNE_256605.jpg,1,,0,0,0,0,0,1,0,0.19999999996,0.2674296308357108,0.0,0.14993008749911999,0.41469080618437615,0.03335776812837965,0.5017730494781324,0.6897473196546422,0.34513476540114113,0.0,2,0.1952214317165258,141
SNE_256631.jpg,1,,0,0,0,0,0,1,0,0.0,0.35544574120032324,0.0,0.16314323150992852,0.3951222037152177,0.02935522808739838,0.33132530109437747,0.747390206881633,0.32856925453357855,0.0,1,0.2784054652603026,83
SNE_256635.jpg,1,,0,0,0,0,0,1,0,0.39999999992,0.5175890325716275,0.0,0.15895059089741342,0.36814110451354765,0.028276396693812753,0.2761627906056201,0.7799239757681979,0.35078292734291705,0.0,3,0.2755612755612657,86
SNE_256644.jpg,1,,0,0,0,0,0,1,0,0.19999999996,0.3430350357360441,0.04293060148149446,0.14258665648881677,0.47382764902303864,0.02184608089807659,0.3309859153826291,0.7041533701518883,0.3698712300482237,0.0,2,0.37298202256147117,71
SNE_256651.jpg,1,,0,0,0,0,0,1,0,0.19999999996,0.28008005427879196,0.07215366914652876,0.14928123824375542,0.4188378286148037,0.037323364203540564,0.26470588226470587,0.715024787713561,0.35174852749001945,0.0,2,0.4226612376212526,68
SNE_256652.jpg,1,,0,0,0,0,0,1,0,0.39999999992,0.452298016534336,0.02361415728767443,0.16234509828644975,0.37874036737870426,0.0165169640415747,0.31034482748275866,0.6514476148822657,0.38448910825021465,0.0,3,0.3401440674126607,58
SNE_259478.jpg,1,,0,0,0,0,0,1,1,0.19999999996,0.14973011477266346,0.01982084556930485,0.17151015710112189,0.43229652167920474,0.051321766784580614,0.29374999990208334,0.7089257177675368,0.3391481617518379,0.03077226899518908,2,0.3336954374876391,80
SNE_259523.jpg,1,,0,0,0,0,0,1,0,0.19999999996,0.48429915082585473,0.0059943540525575914,0.13116983174499225,0.4312344875544052,0.051533662095757604,0.47080291955109493,0.7669972870062374,0.36195001839223706,0.6768349085835954,2,0.31019040189534225,137
SNE_259551.jpg,1,,0,0,0,0,0,1,0,0.0,0.1219511768216767,0.02867287876478387,0.15609345160072546,0.512673067213466,0.06443971057460635,0.42892156848447704,0.6193366031050855,0.3564075854306104,0.058362409084587875,1,0.34874389392880545,102
SNE_259598.jpg,1,,0,0,0,0,0,1,1,0.0,0.07558853431193874,0.12577681565482318,0.18124513283553353,0.43827890683135706,0.047776300160699524,0.22777777770185184,0.5213057319407975,0.36891679370043085,0.031688428722242146,1,0.5138205867389762,45
SNE_259616.jpg,1,,0,0,0,0,0,1,0,0.39999999992,0.23119801008546892,0.11014157097999472,0.16445546606261488,0.3686371258298559,0.07295580369667681,0.30902777767476847,0.626303539814048,0.34934352247001677,0.4794988999498545,3,0.4872406707761326,72
SNE_259621.jpg,1,,0,0,0,0,0,1,0,0.39999999992,0.4116345802556889,0.0,0.16750225340067026,0.3857994414224483,0.029674204854812657,0.3402061854536082,0.7767046171072407,0.39868434792717694,0.0,3,0.26175275681949245,97
SNE_259639.jpg,1,,0,0,1,0,0,0,0,0.0,0.2794695297782082,0.08445153642186723,0.14487261527009268,0.2741666925506612,0.06418326951132397,0.3472222221064814,0.6846452653631567,0.4217307062220735,0.35202082007688834,1,0.4435676120016258,108
SNE_259646.jpg,1,,0,0,0,0,0,1,0,0.59999999988,0.4682905342274174,0.0,0.18049933455546957,0.41997736310077144,0.021026114805696442,0.33214285703214286,0.8101538960045664,0.37686399899039175,0.0,4,0.27458115078570616,70
SNE_259660.jpg,1,,0,0,1,0,0,1,0,0.19999999996,0.4787373828830505,0.0,0.1700531793193111,0.08050535705576155,0.03746494133481572,0.4318181816742424,0.6597971442525773,0.359394021863049,0.302378037067119,2,0.18759031591115832,154
SNE_259662.jpg,1,,0,0,0,0,0,1,0,0.59999999988,0.7488624650371845,0.22461516469516166,0.13624492288015738,0.1209080906015437,0.21011798873532408,0.21790540533277028,0.9140678845639363,0.3638125462536762,0.6691267985171497,4,0.68184578020639,148
SNE_259675.jpg,1,,0,0,0,0,0,1,0,0.9999999998,0.8485676001178638,0.04788142901235858,0.15860748134799144,0.4685179926314885,0.0805782551668419,0.1799065419961059,0.7839003340526582,0.3745438668519218,0.0,6,0.381398429368891,107
SNE_259685.jpg,1,,0,0,0,0,0,1,0,0.9999999998,0.8554804795917792,0.0,0.13867449197417647,0.28081878534806115,0.05416191875621503,0.3904639173956185,0.7487776078930715,0.3590236034910148,0.0,6,0.2599100512498638,194
SNE_259693.jpg,1,,0,0,1,0,0,1,0,0.9999999998,0.740228586954106,0.007112439389361944,0.13786318187412228,0.2844789811094701,0.04420203364551915,0.42222222208148147,0.8495463899175432,0.391623828447809,0.522445115871671,6,0.31209114696902773,135
SNE_259724.jpg,1,,0,0,0,0,0,1,0,0.39999999992,0.5261124708274855,0.0,0.13719445380986953,0.47021892552385713,0.045736846573262414,0.329545454435606,0.7238810983258716,0.3532847214962992,0.0,3,0.24653810211536306,176
SNE_259735.jpg,1,,0,0,0,0,0,1,0,0.39999999992,0.7506467591786119,0.0,0.15078126334139777,0.2857055173103077,0.044943757572777784,0.42999999985666665,0.7688134705373192,0.37565819744400397,0.08419037820947814,3,0.20761912833442364,175
SNE_259747.jpg,1,,0,0,0,0,0,1,0,0.19999999996,0.22964891921325134,0.0074467470948457746,0.1634210479764659,0.31485511220007045,0.03947798839186423,0.39953271014719627,0.769773887008155,0.37769854856801827,0.0,2,0.31265947006868455,107
SNE_259755.jpg,1,,0,0,0,0,0,1,0,0.59999999988,0.7619363388677056,0.0,0.13941880836090514,0.21745336183491104,0.062066623265151326,0.2288961038198052,0.8346910986244218,0.3647647888728823,0.0,4,0.29824809668014896,154
SNE_259769.jpg,1,,0,0,0,0,0,1,0,0.0,0.18683889791965752,0.0,0.1468933644261288,0.39404806632429884,0.04107615641282131,0.40111940285136816,0.7189058699396427,0.36909522651582766,0.04281753461728369,1,0.28271903483829075,134
SNE_259776.jpg,1,,0,0,0,0,0,1,0,0.9999999998,0.7982254901120032,0.0,0.14149118347842302,0.0932085718333791,0.047115052659133995,0.3622754489810379,0.757102973206391,0.3663641984490415,0.0,6,0.2733607208515792,167
SNE_259777.jpg,1,,0,0,0,0,0,1,0,0.79999999984,0.5914153682406313,0.04586493940381104,0.15069050542080228,0.3582841448735057,0.04305517162258791,0.4166666665277778,0.6285852611799179,0.37021357128759647,0.0,5,0.3779703970323437,99
SNE_259780.jpg,1,,0,0,0,0,0,1,0,0.79999999984,0.45581670295067644,0.01304994332124822,0.14232850526083957,0.31985030302260375,0.05157094609806353,0.363839285593006,0.7906279937044156,0.37104459393749883,0.0,5,0.3221849036591719,112
SNE_259791.jpg,1,,0,0,0,0,0,1,0,0.9999999998,0.742816988774594,0.0,0.13537689396367195,0.5017444606540412,0.028480687281142905,0.5246478871490611,0.7912177737808271,0.3599833409472165,0.39929092876192235,6,0.25200781419578355,142
SNE_259802.jpg,1,,0,0,1,0,0,1,0,0.39999999992,0.46138905073778336,0.0,0.17969795019936832,0.37551572482179096,0.030419007507356696,0.3541666665486111,0.7662721204279956,0.36118807149407883,0.0,3,0.24665505111935807,96
SNE_259804.jpg,1,,0,0,0,0,0,1,0,0.39999999992,0.7270380013783637,0.048214512163767154,0.1447327779180703,0.1801065533001458,0.11857982133329792,0.3168604650106589,0.8120011502199845,0.3865292435064531,0.24098296257977345,3,0.38196467072661866,172
SNE_259823.jpg,1,,0,0,0,0,0,1,0,0.39999999992,0.5881752685934186,0.0,0.14877269600697446,0.2954106344987226,0.04292503834420602,0.37938596478581865,0.7713563135312753,0.3509657090152636,0.031862822742330224,3,0.2949195731804333,114
SNE_259840.jpg,1,,0,0,0,0,0,1,0,0.39999999992,0.47660888336544666,0.019802765943125043,0.1653078916330958,0.1831407904770233,0.08284344318880042,0.28620689645632186,0.6980621514642253,0.37682674578070824,0.2036355862928731,3,0.33366470212311533,145
SNE_259866.jpg,1,,0,0,1,0,0,1,0,0.39999999992,0.5109651636980925,0.08495928486880004,0.13888537574297283,0.386470617515432,0.04874061228259815,0.39627659561258866,0.779726114795147,0.3831818720109477,0.0,3,0.44443078436191935,94
SNE_260064.jpg,1,,0,0,0,0,0,1,0,0.59999999988,0.7036646142639619,0.0,0.1818623970756495,0.37154875094206796,0.04804091329591756,0.2428571427761905,0.7325082373090042,0.380540237386705,0.0,4,0.24213939592668626,105
SNE_260068.jpg,1,,0,1,0,0,0,0,0,0.0,0.5406880429745924,0.18352941165673048,0.14633730209753507,0.29134398325866434,0.12817337460112163,0.2808219177146119,0.674779536615365,0.41255339478636754,0.2709019571722717,1,0.6119999999999712,146
SNE_260076.jpg,1,,0,0,0,0,0,1,0,0.19999999996,0.5293171533384803,0.04183797897545161,0.18847238093769494,0.2565067702847389,0.08254400446966674,0.15476190471031742,0.7830829783058846,0.4603223207990191,0.0,2,0.3711245643001057,84
SNE_260081.jpg,1,,0,0,0,0,0,1,0,0.0,0.12007482068875161,0.0,0.19427861660717186,0.36404648386488786,0.03173905535885239,0.30813953478100775,0.6939171816641425,0.3968670018625526,0.241515057919066,1,0.21894572025051376,86
SNE_260091.jpg,1,,0,1,0,0,0,0,0,0.19999999996,0.5521791484442135,0.0,0.15149588139734949,0.23406384262294536,0.024524268334261252,0.4146341462032521,0.7604210624687081,0.40378347723607694,0.0,2,0.21486460717009406,123
SNE_260128.jpg,1,,0,1,0,0,0,0,0,0.39999999992,0.426558992127103,0.0,0.1827236558915388,0.458305167962017,0.05789226703137442,0.37011173172020484,0.5967078446541432,0.3858308600496316,0.148568745086183,3,0.15335523228530848,179
SNE_260144.jpg,1,,0,0,0,0,0,1,0,0.19999999996,0.4943570642858681,0.06686994448273251,0.19513498519565092,0.365187259342162,0.09325148723648435,0.2077922077229437,0.7815221759847291,0.4291794526954658,0.0,2,0.4136789056875152,77
SNE_260151.jpg,1,,0,0,0,0,0,1,0,0.59999999988,0.7019056419774388,0.0,0.18838566888204542,0.4648214390881168,0.07999128102305697,0.25990099001237627,0.7512873752479363,0.44329681659025083,0.0,4,0.294097100943052,101
SNE_260152.jpg,1,,0,0,0,0,0,1,0,0.19999999996,0.2848195810124713,0.0,0.17506057027716104,0.42885536720429573,0.020675408010639405,0.467741935327957,0.5269378140653097,0.3546291016363441,0.4705773753198648,2,0.1249595629200941,155
SNE_260161.jpg,1,,0,0,0,0,0,1,0,0.19999999996,0.37361749930193,0.02788054732741207,0.18588123607409518,0.3057515799175252,0.06299000585165564,0.2363013697842466,0.7743670405562839,0.4294768152107869,0.0,2,0.34739693048448106,73
SNE_260179.jpg,1,,0,0,0,0,0,1,0,0.79999999984,0.9041613442428958,0.0,0.17108616649490802,0.2885850029108584,0.07986331135048128,0.3108695651137681,0.7506118646823822,0.41385751165466994,0.0,5,0.2783590911080829,115
SNE_260206.jpg,1,,0,1,0,0,0,0,0,0.39999999992,0.3928831438671615,0.0,0.18210284459267906,0.4664142466049492,0.07978674137476732,0.3401639343128416,0.7211476570473339,0.4269668544918605,0.0,3,0.18769247690276653,183
SNE_260217.jpg,1,,0,0,0,0,0,1,0,0.19999999996,0.37514939463703345,0.0,0.1808649218192152,0.41565391171173827,0.03565104652229688,0.2892857141892857,0.6614105318964731,0.37440023888466756,0.0,2,0.28807629636728227,70
SNE_260219.jpg,1,,0,0,0,0,0,1,0,0.39999999992,0.5272158864106858,0.0,0.20179288356612046,0.2685098741679752,0.09662839844393718,0.3084112148504673,0.6662481670676739,0.4267678351491498,0.0,3,0.2693877551020265,107
SNE_260225.jpg,1,,0,1,0,0,0,0,0,0.19999999996,0.6649949224491069,0.0,0.15776473496268587,0.07364443891207821,0.10096881426226256,0.36184210514254395,0.570706162802668,0.430145910299983,0.0,2,0.2656057999508397,190
SNE_260235.jpg,1,,0,0,0,0,0,1,0,0.39999999992,0.34717334222040924,0.0,0.1759107656114315,0.3265991952455868,0.0519462603351801,0.36968085094060277,0.6858622850286953,0.37888709866340364,0.0,3,0.2787266424283301,94
SNE_260236.jpg,1,,0,0,0,0,0,1,0,0.39999999992,0.8820877678911851,0.0,0.18158110050926102,0.3717357708098268,0.053959048027824856,0.326241134643026,0.7186675084220508,0.35993670527452026,0.0,3,0.1836201200769819,141
SNE_260239.jpg,1,,0,0,0,0,0,1,0,0.39999999992,0.4393000842471106,0.0,0.16995938747530048,0.373948858887337,0.057798361615043564,0.31818181807575757,0.6619817611297623,0.4142124998315349,0.1469650709465265,3,0.2742031197015821,99
SNE_260240.jpg,1,,0,0,0,0,0,1,0,0.39999999992,0.2894770613133421,0.0,0.19165233338573054,0.31020451574684005,0.027905654107698182,0.31481481470987654,0.6722144424144363,0.3905248682421909,0.0,3,0.20678580874295513,81
SNE_260245.jpg,1,,0,1,0,0,0,0,0,0.19999999996,0.7984436277275619,0.0,0.1461325110023105,0.10292777632701651,0.1316730115281875,0.27489626546853385,0.6175760225289078,0.3909698943380764,0.20185211823895333,2,0.2968818110487839,241
SNE_260246.jpg,1,,0,0,0,0,0,1,0,0.59999999988,0.7131613856335105,0.0,0.20006124128198943,0.5546306379565076,0.03269987278841483,0.28571428561904766,0.7045787246222972,0.3667667417992271,0.37912204186728676,4,0.1531921850731586,119
SNE_260247.jpg,1,,0,0,0,0,0,1,0,0.19999999996,0.4471004721635098,0.0,0.20449942642646596,0.3665462181511809,0.03440038989788698,0.23076923069230768,0.834128933108659,0.3961827075404786,0.0,2,0.2558257860995087,65
SNE_260258.jpg,1,,0,0,0,0,0,1,0,0.39999999992,0.6130333850296656,0.0,0.1862221045999812,0.2880845773061098,0.03778707923648204,0.48540145969221404,0.630155092202681,0.3779520217069149,0.11557862727209549,3,0.14501040804554097,137
SNE_260260.jpg,1,,0,0,0,0,0,1,0,0.59999999988,0.6132633521669444,0.0007299332262929641,0.1797955341988687,0.4380569848561111,0.09984269736160818,0.24791666658402775,0.592110607508335,0.4129054348711361,0.0,4,0.30124088648542796,120
SNE_262585.jpg,1,,0,0,1,0,0,0,0,0.19999999996,0.6730905004461194,0.012199403187479477,0.20230185059737427,0.2394087443125968,0.15869848395318065,0.32103825125910745,0.5905559098350842,0.5264830966596449,0.0,2,0.3207389854309145,183
SNE_262606.jpg,1,,0,0,1,0,0,0,0,0.39999999992,0.2855429938553831,0.0,0.21052859210218958,0.3388219301731673,0.08124156544446162,0.4435483869489247,0.6179041778591097,0.5060798853095034,0.0,3,0.26367179487178405,124
SNE_262624.jpg,1,,0,0,1,0,0,0,0,0.59999999988,0.8625935716283637,0.2975007153097648,0.15787389438226593,0.28004163708174257,0.2836968610300684,0.21306818174715908,0.6390274790293197,0.5398145272782459,0.0,4,0.805751216324101,176
SNE_262640.jpg,1,,0,0,1,0,0,0,0,0.39999999992,0.4977133854299619,0.0072061492431104955,0.2094169164528062,0.3697901349868047,0.11094660424985527,0.39598540132785887,0.5978100022088383,0.5030735976137699,0.0,3,0.312250453720494,137
SNE_262654.jpg,1,,0,0,1,0,0,0,0,1.0,0.8960312779134785,0.07958227424433663,0.19219099417687313,0.32152640511788183,0.15929672406236806,0.3076923075897436,0.5841067320580655,0.5349232356683636,0.0,7,0.43528986629495453,156
SNE_262661.jpg,1,,0,0,1,0,0,0,0,0.19999999996,0.33460176722269064,0.15709008231733732,0.21776674212273842,0.2712100638390212,0.19654207980802746,0.26785714276785716,0.6177121650434502,0.5518556741708018,0.0,2,0.5670531400965635,98
SNE_262694.jpg,1,,0,0,0,0,0,0,1,0.0,0.12688908214647593,0.22089011544702894,0.2372910414843513,0.47914654397580764,0.1981787312437013,0.18846153839871793,0.7109616831266444,0.5269920966990329,0.0,1,0.6755131964808393,65
SNE_262705.jpg,1,,0,0,0,0,0,0,1,0.19999999996,0.2709551067113925,0.6271957238292417,0.2347494737586658,0.14800170119013611,0.317914872138843,0.1273584905235849,0.5760847143975678,0.5189963709478559,0.0,2,1.3662327311369067,106
SNE_262716.jpg,1,,0,0,0,0,0,0,1,0.39999999992,0.5150078528007531,0.0,0.2243610232045737,0.10932968690007921,0.025975746545463273,0.1825842696020599,0.6776419088178587,0.43476409873675026,0.0,3,0.29454606477595924,89
SNE_262720.jpg,1,,0,0,0,0,0,0,1,0.19999999996,0.18503346345815963,0.13911044635659553,0.23654225585451144,0.37506784127876835,0.11153236195613474,0.42924528287578617,0.5228065872255485,0.5500611611230931,0.0,2,0.5364877589453229,53
SNE_262725.jpg,1,,0,0,0,0,0,0,1,0.0,0.17061256720419488,0.032729063541776696,0.19680513299719493,0.40482085947229696,0.1025231257968982,0.2774999999075,0.7261703120586835,0.4917236817277137,0.0,1,0.35563940805374944,100
SNE_262727.jpg,1,,0,0,0,0,0,0,1,0.19999999996,0.1817083094898978,0.16767428201951115,0.2220694992835116,0.35241176102445704,0.21941528899550458,0.22965116271414723,0.6667782096549736,0.541186134434746,0.0,2,0.5850462796008432,86
SNE_262738.jpg,1,,0,0,0,0,0,0,1,0.19999999996,0.5291515045025369,0.17168620756113687,0.22671846600116163,0.08755709200017656,0.14923068047160026,0.349206349089947,0.6009359866263313,0.5463447905363211,0.0,2,0.5918665530256189,63
SNE_262739.jpg,1,,0,0,0,0,0,0,1,0.19999999996,0.2188087277020222,0.21279821753111525,0.21825564112378446,0.42269738118628997,0.23115257893165134,0.2042682926148374,0.6348301737939379,0.5316860728903418,0.0,2,0.6617569700156941,82
SNE_262742.jpg,1,,0,0,0,0,0,0,1,0.0,0.13513835511857772,0.16590457321826474,0.2379090727519613,0.35621800784629465,0.1671456683268783,0.25384615376153846,0.6853813121492465,0.5453516827179351,0.0,1,0.5820377746369546,65
SNE_262747.jpg,1,,0,0,0,0,0,0,1,0.0,0.08780302203822868,0.2720250566045989,0.20110213412460928,0.38351242628298865,0.1564053487023263,0.3085937498971354,0.670480802541302,0.534124261510383,0.0,1,0.7624425964998433,64
SNE_262749.jpg,1,,0,0,0,0,0,0,1,0.19999999996,0.1709676079004811,0.20231483569739572,0.20140036998727065,0.36903466892213355,0.17060470938684946,0.25974025965367964,0.7270781698734214,0.5294403387998411,0.0,2,0.6439352208878876,77
SNE_262780.jpg,1,,0,0,0,0,0,0,1,0.0,0.08132526071524733,0.19118620302526282,0.22186971736450023,0.34794754987693643,0.19816085544244935,0.21874999992708333,0.6889225903110137,0.5217259340235993,0.0,1,0.625016545334133,72
SNE_262794.jpg,1,,0,0,0,0,0,0,1,0.19999999996,0.19570757255057558,0.09120215986492884,0.21564960759899884,0.26430375825975533,0.10961682333978073,0.3055555554537037,0.7006133239204331,0.5424403739735255,0.0,2,0.4550436718615812,72
SNE_262817.jpg,1,,0,0,0,0,0,0,1,0.19999999996,0.3354860584695187,0.243684478598583,0.23384976175025773,0.3316788897194973,0.2323475768127479,0.34999999988333325,0.5434105683745114,0.5595213058071794,0.0,2,0.7142636138612756,70
SNE_262844.jpg,1,,0,0,0,0,0,0,1,0.19999999996,0.09657345343671889,0.3225186980111272,0.22267328953887516,0.3599792493870886,0.20962199307657067,0.32758620678735634,0.6225549975200932,0.5377823400200774,0.0,2,0.848281786941435,58
SNE_262884.jpg,1,,0,0,0,0,0,0,1,0.19999999996,0.13515682324809314,0.0,0.2258700750203892,0.3033028790337089,0.08256267543874682,0.3988764043614232,0.509236355168823,0.3823856629934487,0.0,2,0.26974139921494633,89
SNE_262889.jpg,1,,0,0,0,0,0,0,1,0.0,0.07729669581021817,0.0,0.22925472540179753,0.3715051105364443,0.08844210271617702,0.4101123594138576,0.5171598694535728,0.5042043208389103,0.0,1,0.2812311769666136,89
SNE_262901.jpg,1,,0,0,0,0,0,0,1,0.0,0.11242971048470918,0.07513281286016352,0.2692942002615338,0.14842049971737675,0.02315183205728976,0.2638888888009259,0.5005334305565128,0.4368074950038767,0.0,1,0.4277257819374108,36
SNE_263548.jpg,1,,0,0,0,0,1,0,0,0.59999999988,0.8776052644344359,0.2186962503013196,0.16349053147333376,0.3220054831115161,0.1910331383767415,0.3114035086681286,0.752460101480269,0.5248302663110876,0.0,4,0.6717836257309395,114
SNE_263592.jpg,1,,0,0,0,0,1,0,0,0.59999999988,0.6415040708636073,0.009948175449609646,0.16011745240159408,0.41215727007419145,0.09460299248702246,0.3863636362348485,0.7104561058597273,0.4063716246532653,0.5722676278526362,4,0.31691189827428456,154
SNE_263610.jpg,1,,0,0,0,0,1,0,0,1.0,0.7980587857999646,0.3726110756620103,0.14887255990995113,0.3164323637399432,0.21544539815322217,0.218446601868932,0.8403371951609905,0.5018923834082896,0.0,7,0.9334388289980285,103
SNE_264692.jpg,1,,0,0,0,0,1,0,0,0.19999999996,0.41516278256493366,0.0,0.18042685133855166,0.3966258257916572,0.10028404902077927,0.38669064735311753,0.7348376054367891,0.4202946917529686,0.0,2,0.28757158981646724,139
SNE_264701.jpg,1,,0,0,0,0,1,0,0,0.79999999984,0.5522102875236691,0.0,0.19141186522435977,0.3707176255462997,0.09530733151978138,0.37109374987630206,0.7583641010078553,0.41089077483063435,0.010045822402542004,5,0.29320567438182205,128
SNE_264736.jpg,1,,0,0,0,0,1,0,0,0.79999999984,0.7509133378652861,0.11714437947403045,0.18494810652087895,0.26713704710706543,0.19249071231285889,0.20871559626070335,0.8373150759581076,0.4765351633798447,0.0,5,0.49914544522299614,109
SNE_266451.jpg,1,,0,0,0,0,0,0,1,0.19999999996,0.30199461699569247,0.0,0.20320166874140755,0.2753876760305122,0.08137068029715697,0.21028037376168224,0.7511173074641856,0.43230040764165734,0.0,2,0.27045162518439675,107
SNE_266474.jpg,1,,0,0,0,0,0,0,1,0.19999999996,0.3187098320783745,0.0,0.19598085011128152,0.1517170548960825,0.11480267130832554,0.30379746825316456,0.7875402476893574,0.4607274152199055,0.0,2,0.256875931220543,158
SNE_266498.jpg,1,,0,0,0,0,0,0,1,0.19999999996,0.20646997888017982,0.0,0.20488840670428898,0.4246217622785767,0.12353767342060705,0.282258064422043,0.7154604855432396,0.47823516604210387,0.0,2,0.17960820607742775,217
SNE_266546.jpg,1,,0,0,0,0,0,0,1,0.0,0.16183475290003824,0.0,0.2081688613024344,0.4877571033286955,0.12711444476912523,0.27567567558378375,0.745195779541269,0.4633739789171196,0.0,1,0.20084917851208414,185
SNE_266972.jpg,1,,0,0,0,0,0,0,1,0.0,0.10663443305176323,0.0,0.20604694927037792,0.41610755514402525,0.14281562676020187,0.3416230365353404,0.6641360540537986,0.5079538243226449,0.0,1,0.22914803437414047,191
SNE_266974.jpg,1,,0,0,0,0,0,0,1,0.19999999996,0.2507758007693619,0.11030421696002914,0.20032893207944036,0.3115707541402757,0.12596794561996172,0.27083333324305553,0.793998769241669,0.4686124185621771,0.0,2,0.48751716894235375,84
SNE_266981.jpg,1,,0,0,0,0,0,0,1,0.0,0.10735892461988429,0.0673521514495997,0.23626831442657556,0.4276546614776181,0.13984572576412366,0.259493670799578,0.8432534922224197,0.48276249268842003,0.4160046853769061,1,0.41449865753167164,79
SNE_266982.jpg,1,,0,0,0,0,0,0,1,0.0,0.1261107046514942,0.11229151631750732,0.21556316903493164,0.4151642234665286,0.1722896985800585,0.23913043470289858,0.7625692741654106,0.5295832021822303,0.0,1,0.49089557785205395,92
SNE_266983.jpg,1,,0,0,0,0,0,0,1,0.0,0.19665302630588133,0.02495917171057181,0.1989216190806886,0.06241421809887705,0.13760304374037696,0.33152173901992754,0.6401364444441016,0.5316600182912036,0.0,1,0.34243059193293124,138
SNE_266984.jpg,1,,0,0,0,0,0,0,1,0.0,0.15894076016647088,0.08286572930835563,0.2224710116115725,0.42874438466326426,0.20826987078974157,0.2657657656771772,0.7101735281398536,0.5564131063824936,0.0,1,0.4408717399070703,111
SNE_266987.jpg,1,,0,0,0,0,0,0,1,0.19999999996,0.255168842325027,0.008452233533984803,0.21919167490602473,0.24224543860784875,0.12869600512221097,0.32568807328593274,0.6924326448345501,0.531351771112556,0.0,2,0.3143687970162264,109
SNE_266988.jpg,1,,0,0,0,0,0,0,1,0.0,0.08124750079020314,0.0,0.2138178685045035,0.3881820722266569,0.08664667001602372,0.3759999998746667,0.7327231137471296,0.4279392697377047,0.0,1,0.21610635955626148,125
SNE_266989.jpg,1,,0,0,0,0,0,0,1,0.19999999996,0.1479219144283344,0.09933099049973891,0.22797556629773258,0.3914436302502286,0.22434973503960493,0.1736111110532407,0.8091450610641051,0.5276599369894138,0.0,2,0.46886268394888714,108
SNE_266990.jpg,1,,0,0,0,0,0,0,1,0.0,0.05172250928696219,0.0,0.24681129102749105,0.43451070026522565,0.14393972224642773,0.24409448810761156,0.5392134278983635,0.541420166862184,0.0,1,0.24714739442417086,127
SNE_267010.jpg,1,,0,0,0,0,0,0,1,0.0,0.24989137945972312,0.06594443799669769,0.22782017261282758,0.3316587105240258,0.17960796086449426,0.29292929283164987,0.6514359484337,0.5362859798631895,0.0,1,0.4121055446603305,99
SNE_267023.jpg,1,,0,0,0,0,0,0,1,0.19999999996,0.14216611161310505,0.0,0.21792025242219892,0.4667760123910822,0.06295341266458629,0.3882113819844173,0.6833163586571969,0.40310855054586037,0.0,2,0.17547493215254337,123
SNE_267026.jpg,1,,0,0,0,0,0,0,1,0.0,0.051396816230308,0.17544734496932302,0.21253807908588934,0.42261498899383065,0.20232707715533887,0.2698863635464015,0.6699081732562103,0.5546040202724946,0.0,1,0.5982604866232965,88
SNE_267030.jpg,1,,0,0,0,0,0,0,1,0.39999999992,0.24159095294722624,0.14095220073306822,0.22701249339031895,0.4284793840340636,0.18006430865021142,0.20129870123160173,0.8108009949407942,0.5343779642503445,0.0,3,0.5396187413871681,77
SNE_267033.jpg,1,,0,0,0,0,0,0,1,0.0,0.08476443171488622,0.17621956311276687,0.22567007184981708,0.425137235447025,0.2156422349953409,0.21220930225484497,0.8044169768287881,0.5531284643628857,0.0,1,0.5995732574679232,86
SNE_267036.jpg,1,,0,0,0,0,0,0,1,0.0,0.0936352963912517,0.05578713256981137,0.21862526987287045,0.3394363110929113,0.16780858642128232,0.20720720713813817,0.8329873171599361,0.5427242809253364,0.0,1,0.39483812542446645,111
SNE_267041.jpg,1,,0,0,0,0,0,0,1,0.19999999996,0.1860956752194824,0.0,0.2555303341815659,0.44470604812756753,0.0,0.025641025632478616,0.72491739853368,0.39736443259164556,0.10823476182756392,2,0.12202275437521765,39
SNE_267044.jpg,1,,0,0,0,0,0,0,1,0.0,0.08464735372738702,0.0,0.2166096660254767,0.5360065449339493,0.07678855359757951,0.3676470587009804,0.7237849484232832,0.443114199465406,0.35983248132308493,1,0.21110054965490718,119
SNE_267051.jpg,1,,0,0,0,0,0,0,1,0.19999999996,0.14235802250733273,0.17096805599599343,0.2399901165808056,0.36096755399807134,0.20152201692256858,0.13928571423928574,0.8032945435554772,0.5265604928187813,0.0,2,0.5906456953641569,70
SNE_267052.jpg,1,,0,0,0,0,0,0,1,0.0,0.07881078899888835,0.09947662180510064,0.2312521803268457,0.37088609262380623,0.20147694091795176,0.21683673462159864,0.7586401541522935,0.5408404762425517,0.0,1,0.4691102571681477,98
SNE_267060.jpg,1,,0,0,0,0,0,0,1,0.0,0.0586129435448154,0.11027394585819175,0.22625866697229124,0.5343960706615901,0.1614596039565986,0.1860465115658915,0.7905556750086502,0.5365467951418964,0.0,1,0.4874657080691999,86
SNE_267063.jpg,1,,0,0,0,0,0,0,1,0.0,0.19299001078716324,0.10826002364493476,0.23563178250170133,0.31486782751104714,0.31275977036897296,0.21006944437442127,0.6271372314724545,0.5894711118672868,0.0,1,0.4840420403046491,144
SNE_267064.jpg,1,,0,0,0,0,0,0,1,0.0,0.08878509591501821,0.08458786574277045,0.23979287435148927,0.4141722571507661,0.3155440232393791,0.19897959177040814,0.712462576372563,0.567104016139175,0.0,1,0.4437993718472976,147
SNE_267067.jpg,1,,0,0,0,0,0,0,1,0.0,0.21340125804139665,0.14279701138602574,0.24185548370479498,0.48530565512938095,0.1513667890373752,0.15384615379487177,0.7590292569712053,0.5326599925126579,0.0,1,0.5427549194990408,65
SNE_267071.jpg,1,,0,0,0,0,0,0,1,0.19999999996,0.483919928217682,0.15527530343332835,0.2356211573419511,0.18628485755374224,0.19724348348498782,0.26973684201535086,0.7644792687572975,0.5564968370645631,0.0,2,0.5639680159919335,76
SNE_267078.jpg,1,,0,0,0,0,0,0,1,0.0,0.056778187473875155,0.0,0.22356962653231574,0.5397207026763396,0.06356574734620507,0.32708333322430555,0.7873668510180206,0.3942265097647408,0.0,1,0.18489899547410735,120
SNE_267080.jpg,1,,0,0,0,0,0,0,1,0.0,0.06536078545623149,0.0,0.2392071722017058,0.3653417128826223,0.07904075304692494,0.36879432611820323,0.6995496422598813,0.4152819129426394,0.0,1,0.1469481902058145,141
SNE_267093.jpg,1,,0,0,0,0,0,0,1,0.19999999996,0.3016464395244118,0.13068257598382355,0.22098721370724045,0.32084266248821103,0.18334798031131383,0.27586206887356324,0.7928727670204023,0.5592927830899312,0.0,2,0.5221603793031826,87
SNE_267100.jpg,1,,0,0,0,0,0,0,1,0.0,0.10382836605796991,0.0,0.2617211040754346,0.4364599294666725,0.05797823945750941,0.18661971824765258,0.7043610379470872,0.42923081498011173,0.0,1,0.2292209329860153,71
SNE_267104.jpg,1,,0,0,0,0,0,0,1,0.0,0.06468035227899381,0.05010282389162985,0.23270714830317746,0.3412880027844808,0.19869769927225592,0.2889908255917431,0.7839757390059093,0.5645412256116954,0.0,1,0.38517480066587356,109
SNE_267107.jpg,1,,0,0,0,0,0,0,1,0.19999999996,0.20965247518720542,0.3091472744717584,0.22654135920148938,0.4634087326598697,0.2589796705988463,0.1725352112100939,0.7903309197492037,0.5321244151089007,0.0,2,0.8255503669111365,71
SNE_267111.jpg,1,,0,0,0,0,0,0,1,0.19999999996,0.18990843645574232,0.1498031480908703,0.2342723206229793,0.3078520772439485,0.1484751568021219,0.18951612896908604,0.7367668291772501,0.5613757938320415,0.0,2,0.5546653519042827,62
SNE_267113.jpg,1,,0,0,0,0,0,0,1,0.0,0.08510994263529187,0.14259194793788965,0.25758853052779723,0.5015429558800651,0.25138289505814515,0.16768292677337393,0.6880386352770725,0.5481068602154339,0.0,1,0.5424063116370044,82
SNE_267118.jpg,1,,0,0,0,0,0,0,1,0.19999999996,0.18190006338691908,0.17750112704747228,0.2614109206868847,0.5029860182260095,0.09967316223161522,0.09459459456306306,0.7909017488150785,0.5398315371501015,0.0,2,0.601751916158204,37
SNE_267120.jpg,1,,0,0,0,0,0,0,1,0.19999999996,0.14255727637486165,0.15933302445463537,0.22984799247118728,0.45486437236861144,0.3002745544451569,0.2201834861651376,0.6404271682683469,0.5668401612484048,0.0,2,0.5708661417322132,109
SNE_267122.jpg,1,,0,0,0,0,0,0,1,0.0,0.17510378435866047,0.0,0.2640384584026443,0.42429109553437483,0.0020170304904320218,0.18181818175757575,0.5659587063178217,0.3917270306430229,0.0,1,0.18305959348057496,33
SNE_267124.jpg,1,,0,0,0,0,0,0,1,0.19999999996,0.18544006751908587,0.04659914628631191,0.2390796853484344,0.3748162865678456,0.1484938193275362,0.24157303362734084,0.7839154672803412,0.5323792060011899,0.0,2,0.3792185487333294,89
SNE_267125.jpg,1,,0,0,0,0,0,0,1,0.0,0.08221066892346977,0.25303201731807,0.20731397086842523,0.3269000029731396,0.20047341324167647,0.1725352112100939,0.7838801514458054,0.5408929562560743,0.0,1,0.730154429693751,71
SNE_267128.jpg,1,,0,0,0,0,0,0,1,0.0,0.07332975097090366,0.1067107441049626,0.2250281960601792,0.4300855870347473,0.24959249291721555,0.2090163933729508,0.8085755627704987,0.5590200204526476,0.0,1,0.48140826508514717,122
SNE_267132.jpg,1,,0,0,0,0,0,0,1,0.0,0.10444188479522779,0.0004954618563153971,0.23101011766599638,0.4649208979259269,0.12083675985465347,0.21296296289197528,0.7059635498545429,0.49442149140144676,0.0,1,0.3008422851562316,108
SNE_267143.jpg,1,,0,0,0,0,0,0,1,0.0,0.04506239005725833,0.16025101237610517,0.2705607806056785,0.6190914254061681,0.0953611021141279,0.07575757573232324,0.8376015589772963,0.5392866804899017,0.0,1,0.5724267211996298,33
SNE_267147.jpg,1,,0,0,0,0,0,0,1,0.0,0.07111888289008464,0.13461022990002294,0.25363991963846005,0.4016304113850607,0.310533853129782,0.20518867917688674,0.715014320209606,0.5741942752567067,0.0,1,0.5288373909646492,106
SNE_267148.jpg,1,,0,0,0,0,0,0,1,0.0,0.14726295874176176,0.19301279293287396,0.23047342182963906,0.12453370913463084,0.20751410259501857,0.2368421051842105,0.8369971715502714,0.5564411654783147,0.0,1,0.6281217481788985,76
SNE_267153.jpg,1,,0,0,0,0,0,0,1,0.0,0.05929017447386012,0.08934852048563366,0.25162894410496134,0.35543474538276454,0.10904524061801639,0.1964285713630952,0.7156483110813991,0.5550425519245274,0.0,1,0.45189248491492573,56
SNE_267154.jpg,1,,0,0,0,0,0,0,1,0.0,0.1837951200886066,0.20700903776244972,0.22396521820347076,0.3167401991463167,0.23123394153658977,0.24679487171260683,0.755197197609981,0.5589117913334364,0.0,1,0.6519153644031735,78
SNE_267157.jpg,1,,0,0,0,0,0,0,1,0.19999999996,0.13110081694515058,0.7090084131515567,0.23567167785335827,0.38395496289130066,0.42685441191342005,0.2374999999208333,0.6140341133334746,0.5705257212465035,0.0,2,1.505314303066655,60
SNE_267159.jpg,1,,0,0,0,0,0,0,1,0.19999999996,0.17632093074598382,0.24743986648929892,0.2220636867013274,0.2940094934266124,0.1908922102425569,0.2656249999114583,0.7917336167755638,0.5461686278231431,0.0,2,0.720647773279248,64
SNE_267161.jpg,1,,0,0,0,0,0,0,1,0.0,0.06440106416125957,0.09723310711788147,0.2625092071842966,0.40577052918396994,0.2311956136590752,0.16764705876764704,0.7448893878592887,0.5374377585474542,0.0,1,0.4652962821976316,85
SNE_267164.jpg,1,,0,0,0,0,0,0,1,0.0,0.1184292170050263,0.11646847484386767,0.25776472121791694,0.3606028195163298,0.06372951861092872,0.29687499990104166,0.7467171361023784,0.560258894989324,0.0,1,0.4979964073510435,32
SNE_267167.jpg,1,,0,0,0,0,0,0,1,0.0,0.07504104490957339,0.0,0.23678332204075306,0.33833645333090834,0.1560551039033453,0.25796178335350317,0.7516385670786461,0.5336419529244891,0.0,1,0.2198706940094848,157
SNE_267169.jpg,1,,0,0,0,0,0,0,1,0.0,0.14198203992942054,0.10824794555869616,0.22699034768513474,0.4292049760386045,0.2410416321461758,0.23636363628484844,0.7549044284023909,0.5571557342262357,0.0,1,0.4840215075580314,110
SNE_267171.jpg,1,,0,0,0,0,0,0,1,0.0,0.10084587486834859,0.07394561593871768,0.24829870041467741,0.47237925411807324,0.23230567839612895,0.26485148506023104,0.8149516641780866,0.5658303195610344,0.0,1,0.42570754716976567,101
SNE_267173.jpg,1,,0,0,0,0,0,0,1,0.0,0.04040889196065052,0.2991959371916411,0.2636750619974348,0.3705378376870777,0.17455509270881622,0.27083333324305553,0.7166467935919913,0.5490689553439679,0.0,1,0.8086330935249858,36
SNE_267178.jpg,1,,0,0,0,0,0,0,1,0.19999999996,0.1757063065174363,0.16679769299811686,0.21389376552068118,0.31693774009512077,0.19496699620377286,0.2727272726363636,0.8616230933466581,0.563473073840957,0.0,2,0.5835560782635963,88
SNE_267179.jpg,1,,0,0,0,0,0,0,1,0.0,0.06244121380641133,0.2361799235916128,0.21766091766314227,0.3735770397668204,0.21603395928406635,0.19374999993541667,0.715429161214011,0.5658472256979548,0.0,1,0.7015058703419217,80
SNE_267180.jpg,1,,0,0,0,0,0,0,1,0.19999999996,0.1671288235753533,0.2279049073073094,0.24454932348152933,0.4335092531980593,0.21130514541911963,0.22950819664480876,0.6515334861802649,0.5547656978616429,0.0,2,0.6874383426503309,61
SNE_267182.jpg,1,,0,0,0,0,0,0,1,0.19999999996,0.09743978834826687,0.034391001068327334,0.2545051873272361,0.40194141419388346,0.024669281145316916,0.2583333332472222,0.7280340073619016,0.546362648511836,0.0,2,0.35846470185054746,30
SNE_267185.jpg,1,,0,0,0,0,0,0,1,0.19999999996,0.17499382752367149,0.6355722670618271,0.28361944713520215,0.38368904120448366,0.25269610094964534,0.07547169808805029,0.6182950996099932,0.5438369920804539,0.0,2,1.3804728546406784,53
SNE_267189.jpg,1,,0,0,0,0,0,0,1,0.19999999996,0.19027332028242744,0.33663713590271327,0.23179550367605403,0.3158392654854065,0.1953918263105216,0.19387755095578232,0.8185110909089354,0.5348514869225769,0.0,2,0.8722831313712497,49
SNE_267190.jpg,1,,0,0,0,0,0,0,1,0.0,0.06947437466303251,0.1168457938245334,0.21315559212514534,0.2587156543147276,0.18634217214920326,0.2749999999083333,0.6424662322327813,0.5713994933741016,0.0,1,0.49863784961855256,100
SNE_267193.jpg,1,,0,0,0,0,0,0,1,0.0,0.09226118108667927,0.14241138490239838,0.26151455146520586,0.40125318110788877,0.2132590808616943,0.2013888888217593,0.8072867497106088,0.5670301707541411,0.0,1,0.5420993544764886,72
SNE_267195.jpg,1,,0,0,0,0,0,0,1,0.0,0.11608733602318158,0.0,0.22485460291183573,0.052455223567315086,0.0915171363889761,0.25499999991499994,0.7280201893669607,0.44726150031177586,0.13564124855661566,1,0.26413234005257097,100
SNE_267196.jpg,1,,0,0,0,0,0,0,1,0.0,0.04207680245909502,0.22656842764509935,0.2485817777561695,0.3130376784897003,0.18855182758836284,0.22222222214814816,0.8008535089414991,0.5498168759035871,0.0,1,0.6851663272232373,54
SNE_267197.jpg,1,,0,0,0,0,0,0,1,0.0,0.07151413753701204,0.18319748589827525,0.24756361965227958,0.44622606893978967,0.2585595875666909,0.19411764699411763,0.7185021527544491,0.5595961702410039,0.0,1,0.6114357262102654,85
SNE_267203.jpg,1,,0,0,0,0,0,0,1,0.19999999996,0.11439903200744213,0.11590221239697307,0.21826708253287475,0.36538175413068574,0.1886414342093419,0.25882352932549013,0.7758616877795761,0.5479158549081933,0.0,2,0.49703376119075643,85
SNE_267856.jpg,1,,0,0,0,0,0,1,0,0.79999999984,0.6648411586034322,0.02185773906670469,0.15132383649867923,0.15616246046392762,0.02645310924760735,0.34772727261136355,0.8032111129628194,0.36711190479479106,0.5289129235819126,5,0.3371581564352557,110
SNE_267857.jpg,1,,0,0,0,0,0,1,0,0.39999999992,0.3902521405963735,0.0,0.1707127068793893,0.5486643446354211,0.02036076259492939,0.3595505616779026,0.8170094972008661,0.36156937166022984,0.7394749592347499,3,0.22258235422444533,89
SNE_267859.jpg,1,,0,0,0,0,0,1,0,0.9999999998,0.6482677911178647,0.3127969500316006,0.15337463939426055,0.3675179637871377,0.07338848343122274,0.06666666664444443,0.8851928869850277,0.42968837157260265,0.0,6,0.8317548153665179,45
SNE_267860.jpg,1,,0,0,0,0,0,1,0,0.59999999988,0.7983149494455486,0.1322730863502253,0.16571286145701566,0.3882167815173114,0.04138024397167686,0.12999999995666664,0.8636769494605403,0.3977490339228002,0.0,4,0.5248642469276561,50
SNE_267862.jpg,1,,0,0,0,0,0,1,0,0.39999999992,0.610211553719552,0.1034973746832468,0.18035166255423501,0.45004035779681284,0.08472012101612517,0.15942028980193232,0.8237506880178286,0.3784457291128994,0.053353504079332,3,0.4759455370650169,69
SNE_267863.jpg,1,,0,0,0,0,0,1,0,0.39999999992,0.5095896504608939,0.042102264609890805,0.15689132848111983,0.43542703876078814,0.039123231802861515,0.29513888879050926,0.7432163667937242,0.37180574314205694,0.0,3,0.3715738498789166,72
SNE_267865.jpg,1,,0,0,0,0,0,1,0,0.39999999992,0.45261012043547155,0.05582798166557831,0.18851966593425876,0.3413327451924477,0.04833587280941079,0.3045454544439394,0.8260062952743279,0.39828018579662516,0.0,3,0.3949075688873111,55
SNE_267868.jpg,1,,0,0,0,0,0,1,0,0.39999999992,0.5279382171791065,0.2013192970347437,0.16290696348601857,0.23753534616069782,0.0540069989625474,0.1785714285119048,0.8129875835867597,0.41621139873165336,0.0,3,0.6422428051603836,49
SNE_267869.jpg,1,,0,0,0,0,0,1,0,0.79999999984,0.8011338730420821,0.07011289360104786,0.17167126339578098,0.1921982534474177,0.07714920097846878,0.20180722884839356,0.7862224565905375,0.3724832536764249,0.0,5,0.41919191919189425,83
SNE_267870.jpg,1,,0,0,0,0,0,1,0,0.39999999992,0.4109081781026562,0.07966578237624973,0.15590141813044786,0.18750868012660643,0.04511221777227405,0.21717171709932662,0.776156758538618,0.3457318504422698,0.0,3,0.4354318301192903,99
SNE_267871.jpg,1,,0,0,0,0,0,1,0,0.59999999988,0.565748864778011,0.120876936613335,0.1491239383006748,0.39211679079358275,0.05259008307334355,0.4260563378861502,0.7605219632753497,0.39008568345160916,0.0,4,0.5054907923635464,71
SNE_267872.jpg,1,,0,0,0,0,0,1,0,0.79999999984,0.8842075641740781,0.02490663481297999,0.14685382651639653,0.05400763207055712,0.07676318480173776,0.25999999991333334,0.7853486054235904,0.3833574155475382,0.0,5,0.3423412792069726,125
SNE_267873.jpg,1,,0,0,0,0,0,1,0,0.79999999984,0.8332972027219271,0.28473892087930125,0.17071304372763774,0.5255823809521922,0.14702394075629133,0.05597014923507466,0.8360402243833152,0.44032691071954655,0.0,5,0.7840561657795511,67
SNE_267875.jpg,1,,0,0,0,0,0,1,0,0.79999999984,0.8940917185076391,0.011772151555196906,0.16878649474399202,0.2848833511820971,0.06871060839291679,0.1960784313071895,0.7759277674278586,0.3745179301580335,0.0,5,0.3200126576556069,102
SNE_267877.jpg,1,,0,0,0,0,0,1,0,0.59999999988,0.450091782625608,0.11210790117434165,0.16885304076632618,0.47293474261178226,0.06693838506803326,0.31159420279468597,0.6077123896533999,0.40951571959010424,0.24765792724794164,4,0.4905834321084887,69
SNE_267879.jpg,1,,0,0,0,0,0,1,0,0.59999999988,0.6742715333459415,0.22254017859099148,0.13089010874724927,0.17985974631432333,0.037053380801833874,0.2809734512337758,0.7582575885233507,0.39903166476214574,0.0,4,0.6783183038272257,113
SNE_267881.jpg,1,,0,0,0,0,0,1,0,0.39999999992,0.7875847112603086,0.1853551876150597,0.16868592199836877,0.053945730294642,0.09404354391063807,0.24999999991666666,0.7751544734150955,0.3990308799551707,0.0,3,0.6151038191309567,142
SNE_267883.jpg,1,,0,0,0,0,0,1,0,0.19999999996,0.34956764770884297,0.04228036684767206,0.15761763947438087,0.096231526644641,0.05178135930100019,0.39880952367658734,0.7482023308619858,0.41537774625535645,0.0,2,0.37187662368332286,84
SNE_267884.jpg,1,,0,0,0,0,0,1,0,0.59999999988,0.704022198020466,0.0,0.14553545427116774,0.27370728220480556,0.04553406818242106,0.44178082177054795,0.12383168909224407,0.5283692262218771,0.0,4,0.20141035795497583,146
SNE_267887.jpg,1,,0,0,0,0,0,1,0,0.19999999996,0.34316618731483106,0.04343563309109759,0.157559985548121,0.2824396729856347,0.061359316642379765,0.3369565216268115,0.8011875764568187,0.3896817928692428,0.11978278792530685,2,0.37384057629830153,92
SNE_267889.jpg,1,,0,0,0,0,0,1,0,0.59999999988,0.5489994255875473,0.16987595307095454,0.1699547401676194,0.3375679180721095,0.07125061366300181,0.3009259258256172,0.8219039670167592,0.41436660304360967,0.0,4,0.5887891203904987,54
SNE_267890.jpg,1,,0,0,0,0,0,1,0,0.19999999996,0.4637005919060071,0.22355639490352858,0.1799205162661732,0.28811201030269395,0.06808305165022682,0.0437499999854167,0.8799108624254931,0.4689433523663566,0.0,2,0.680045871559555,40
SNE_267894.jpg,1,,0,0,0,0,0,1,0,0.9999999998,0.7340879453671328,0.0,0.16532454609603242,0.3200195144520467,0.07360652553276785,0.33916083904778555,0.828151053620914,0.3529663350473724,0.0925640153150642,6,0.2360952700436016,143
SNE_267895.jpg,1,,0,0,0,0,0,1,0,0.39999999992,0.5441577219928531,0.07060630303255704,0.15139584015314977,0.5112469732801117,0.05706565667477526,0.23355263150109645,0.8004079017914656,0.36123962728815906,0.0,3,0.42003071522595326,76
SNE_267896.jpg,1,,0,0,0,0,0,1,0,0.79999999984,0.7288392161246295,0.030048357095711138,0.17415930837870394,0.2667971519570277,0.0890955668722969,0.259433962177673,0.8390268757688384,0.3841742045746517,0.20295362666764655,5,0.3510822070927573,106
SNE_267897.jpg,1,,0,0,0,0,0,1,0,0.39999999992,0.8861287748693363,0.03595382075949059,0.1430435690290836,0.36535302714633844,0.05121058096389694,0.242105263077193,0.8050440535852836,0.36065969114426844,0.0,3,0.3611214953270878,95
SNE_267898.jpg,1,,0,0,0,0,0,1,0,0.19999999996,0.19777762640264018,0.07821520644528591,0.15915165717034915,0.4079458661943206,0.04926338432121247,0.3472222221064814,0.7309756111652479,0.38106847172501995,0.0,2,0.43296585103520124,72
SNE_267899.jpg,1,,0,0,0,0,0,1,0,1.0,0.7011636880035985,0.038017829028496194,0.1681153773573438,0.3152772128135083,0.07363453205116434,0.19398907097358836,0.8030525193049223,0.3892685713032858,0.0,8,0.36463030938646135,183
SNE_267900.jpg,1,,0,0,0,0,0,1,0,1.0,0.6993712768013732,0.006265810567453299,0.1678794750810867,0.3219229473419584,0.05249297896783726,0.24441340773975792,0.815894069213133,0.37410903927100175,0.007723150752133953,8,0.3106518779709364,179
SNE_267901.jpg,1,,0,0,0,0,0,1,0,0.59999999988,0.4810717376244314,0.05125802219779304,0.148077912047193,0.42866858606438296,0.036869897822022844,0.371710526191886,0.7628798567526751,0.38614393457238533,0.15589367016699981,4,0.3871386377875062,76
SNE_267902.jpg,1,,0,0,0,0,0,1,0,0.39999999992,0.6497647241553294,0.0369162724148351,0.16699461807552435,0.3596475207308,0.03871341281163251,0.2961538460551282,0.8653907848367179,0.377372969607969,0.0,3,0.3627576631421359,65
SNE_267906.jpg,1,,0,0,0,0,0,1,0,0.59999999988,0.6662857377501354,0.0,0.15847376723944495,0.19949770301825026,0.05212810701926208,0.4085820894160448,0.8442024173902642,0.3549008758802541,0.5643306223835775,4,0.22381985086598072,134
SNE_267908.jpg,1,,0,0,0,0,0,1,0,0.59999999988,0.3983284550695793,0.028238530608835136,0.15314070705270352,0.4436377293282868,0.03727904754957724,0.2727272726363636,0.7846607834402587,0.3754649729354817,0.0,4,0.34800550206325825,77
SNE_267909.jpg,1,,0,0,0,0,0,1,0,0.39999999992,0.3656138666670757,0.0,0.1539780749188899,0.044682226188467844,0.044720206037283675,0.5253164555210971,0.6821327575416074,0.35768834559323853,0.07412783792522892,3,0.21102786232731888,158
SNE_267912.jpg,1,,0,0,0,0,0,1,0,0.19999999996,0.35575952466046623,0.026888571704023496,0.15800712018074964,0.3026196841343073,0.036303931400828424,0.4358974357521367,0.8000514023293257,0.3704772372761068,0.22045060364643473,2,0.3457105719237285,78
SNE_267914.jpg,1,,0,0,0,0,0,1,0,0.39999999992,0.6635841769603859,0.10946957524995818,0.1896497158472543,0.4362915689876638,0.07115541898461282,0.1874999999375,0.840063351997114,0.40858720394688314,0.0,3,0.4860982780343985,56
SNE_267915.jpg,1,,0,0,0,0,0,1,0,0.79999999984,0.8076186629415247,0.06338251120185986,0.15318284126063816,0.16579863625138103,0.059260098570402625,0.22151898726793248,0.8163683859641507,0.39770133252886514,0.0,5,0.40775026910654427,79
SNE_267916.jpg,1,,0,0,0,0,0,1,0,0.59999999988,0.7797583672942663,0.35798096060406387,0.15275845326364149,0.07002511953546173,0.130885659997448,0.07936507933862436,0.8935148173939833,0.4383910557192588,0.0,4,0.9085676333848894,63
SNE_267917.jpg,1,,0,0,0,0,0,1,0,0.59999999988,0.5633581024427734,0.047499016300987316,0.16120758092078452,0.1960692714617006,0.05600906529825278,0.3860759492383966,0.8301596856907825,0.3793036031539548,0.0,4,0.38074832775917744,79
SNE_267918.jpg,1,,0,0,0,0,0,1,0,0.39999999992,0.36972608279173513,0.15756614236321986,0.18221230127721233,0.494584628818443,0.05072973083679263,0.3611111109907408,0.8492763560570615,0.46432522356272055,0.0,3,0.5678624421750399,45
SNE_267919.jpg,1,,0,0,0,0,0,1,0,0.39999999992,0.5169494354809684,0.0,0.16807046168878764,0.519998457278825,0.04468851010076059,0.32022471899438204,0.8439122470564652,0.358312335933283,0.5339039791412626,3,0.28168370314966,89
SNE_267922.jpg,1,,0,0,0,0,0,1,0,0.39999999992,0.4659492946423393,0.006177223904583752,0.148338651377472,0.44770099910190153,0.029214089005807627,0.34999999988333325,0.7764280873785991,0.365210527152575,0.0,3,0.3105012806439696,85
SNE_267927.jpg,1,,0,0,0,0,0,1,0,0.79999999984,0.7655896671043334,0.09990834091280341,0.1379615586517101,0.0724427008429823,0.07279656519085016,0.3293269229671474,0.7636610556970337,0.37293195462188666,0.0,5,0.46984417965167413,104
SNE_267931.jpg,1,,0,0,0,0,0,1,0,0.59999999988,0.6606243701925982,0.1165784263045141,0.15330716419181548,0.26146325628384953,0.028724603448166217,0.31443298958591065,0.7649052193021488,0.40427723367045276,0.17598163967294828,4,0.4981833248342524,97
SNE_267934.jpg,1,,0,0,0,0,0,1,0,0.79999999984,0.7413211442437969,0.3538620379656862,0.16311101928905813,0.47614488211697725,0.10653650252500904,0.07352941174019612,0.8726293121884061,0.4500746605750706,0.0,5,0.9015654648955287,51
SNE_267935.jpg,1,,0,0,0,0,0,1,0,0.59999999988,0.8291167572651964,0.06494983396460387,0.1733056730981019,0.4093691607518224,0.052401818382762165,0.17578124994140626,0.8511071713057369,0.3868085832309285,0.0,4,0.4104147178047764,64
SNE_267937.jpg,1,,0,0,0,0,0,1,0,0.19999999996,0.4523669481248117,0.06331177096055539,0.1531729008882317,0.4559754234525896,0.033153096151336624,0.2851562499049479,0.7997524817993151,0.3616516449789625,0.0,2,0.40763001069625593,64
SNE_267938.jpg,1,,0,0,0,0,0,1,0,0.9999999998,0.7990324481285385,0.002411433189161884,0.14533244249514324,0.025830391444792062,0.038114857897222576,0.42164179090422876,0.8286487132624867,0.36490225679651683,0.11553050619267488,6,0.3040994364239866,134
SNE_267939.jpg,1,,0,0,0,0,0,1,0,0.59999999988,0.5642650340959583,0.25918184517445914,0.16173062257473791,0.4422925009019325,0.07560780121395184,0.07812499997395833,0.8734870718009136,0.4399519840834349,0.0,4,0.7406091370557624,48
SNE_267940.jpg,1,,0,0,0,0,0,1,0,0.59999999988,0.5087542452696807,0.0,0.1852903240412755,0.4552421730516631,0.03225121912491624,0.39999999986666673,0.7802995901061588,0.34863132092881866,0.2553503715650759,4,0.2430449157325924,80
SNE_267941.jpg,1,,0,0,0,0,0,1,0,0.39999999992,0.8515939213614443,0.6936222303256441,0.12577529775290763,0.11288567161572965,0.024235572190554926,0.3229166665590278,0.8367322684063614,0.45871535416740167,0.0,3,1.4791577922472172,48
SNE_267943.jpg,1,,0,0,0,0,0,1,0,0.19999999996,0.4041341375039714,0.3661319070929331,0.17063810170495802,0.3483462274151195,0.0785043416425091,0.0,0.8961276689287959,0.48514543023773365,0.0,2,0.9224242424241181,37
SNE_267946.jpg,1,,0,0,0,0,0,1,0,0.9999999998,0.7734631364854517,0.11828675896152134,0.16287972543152726,0.454057526789454,0.08030442343403947,0.17013888883217596,0.8486656145464591,0.39645536634369033,0.0,6,0.501087490352873,72
SNE_267947.jpg,1,,0,0,0,0,0,1,0,0.19999999996,0.42885614718722054,0.0744534881112147,0.1378934540545499,0.009730520424739387,0.04863117806682729,0.45876288644501717,0.7145362550968615,0.37258293501487255,0.23694065060149017,2,0.42657092986351847,97
SNE_267950.jpg,1,,0,0,0,0,0,1,0,0.59999999988,0.7393850387787531,0.08721197427807063,0.14985466131536504,0.27793676843927567,0.03759736590041447,0.2336065572991803,0.883630119937585,0.3723344717402218,0.0,4,0.44826035635993206,61
SNE_267951.jpg,1,,0,0,0,0,0,1,0,0.59999999988,0.5003337591965755,0.0,0.1646219046772993,0.41054054941316204,0.030376546990483314,0.3699999998766666,0.8298272626690792,0.37510466615221605,0.0,4,0.2967153131177063,75
SNE_267952.jpg,1,,0,0,0,0,0,1,0,0.39999999992,0.6466543866133634,0.04843355182419879,0.17561150959382354,0.39124317186758106,0.0643626187641032,0.2736486485574325,0.8387253900209907,0.37940443361299664,0.0,3,0.3823370381495715,74
SNE_267954.jpg,1,,0,0,0,0,0,1,0,0.59999999988,0.6627787559202081,0.0,0.1613566608435402,0.35069357578304516,0.03553775024534154,0.29166666656944445,0.8449382491404234,0.3632527323710945,0.1929920052444447,4,0.2585767633406534,96
SNE_267955.jpg,1,,0,0,0,0,0,1,0,0.19999999996,0.29159102962456424,0.0,0.15378330022533354,0.11679620841274282,0.05714304838355656,0.37195121938821135,0.43450031890208995,0.4897936357187317,0.0,2,0.214879816863787,164
SNE_267958.jpg,1,,0,0,0,0,0,1,0,0.19999999996,0.22774723225518456,0.8062404983531775,0.1498228139228429,0.4038313061916158,0.2067224565391835,0.19999999993333337,0.7554898873943825,0.39253004521094476,0.018017228552276186,2,1.6706088480066423,45
SNE_267960.jpg,1,,0,0,0,0,0,1,0,1.0,0.7903532888869791,0.0,0.15761348554904134,0.08290045493648468,0.0668734135896702,0.37603305772589535,0.8182311554191098,0.3676156020423519,0.07494839457208452,7,0.2962657158941529,121
SNE_267963.jpg,1,,0,0,0,0,0,1,0,0.59999999988,0.7316084327316805,0.0,0.15428835617421394,0.6125466198034406,0.05268471148510839,0.31756756746171166,0.8021629755064482,0.33625790312084475,0.04918757746165016,4,0.27952841072972745,111
SNE_267964.jpg,1,,0,0,0,0,0,1,0,0.59999999988,0.5457298730804897,0.08382654905080741,0.1592756794954756,0.4177761876147702,0.03954838175828876,0.2370689654382184,0.7934355381099873,0.4016959669145814,0.0,4,0.44250513347019915,58
SNE_267965.jpg,1,,0,0,0,0,0,1,0,0.39999999992,0.5665725318516105,0.08879227155903804,0.1648663638671833,0.4218023944590761,0.057371721143157695,0.2803030302095959,0.7997680868311208,0.3724068423257171,0.0,3,0.45094686173915693,66
SNE_267969.jpg,1,,0,0,0,0,0,1,0,0.39999999992,0.8596726118006244,0.34477443033878064,0.17965667460035153,0.4295915652641655,0.1491203615074305,0.022727272719696948,0.8862777147540539,0.4642349736274048,0.0,3,0.8861165319207016,55
SNE_267972.jpg,1,,0,0,0,0,0,1,0,0.79999999984,0.8410619778001389,0.011187296998103632,0.14388994378688982,0.1594902844556752,0.08207230031903096,0.2555147057971814,0.7999180770102152,0.35242594748144584,0.0,5,0.31901840490796346,136
SNE_267976.jpg,1,,0,0,0,0,0,1,0,0.39999999992,0.5991374899031687,0.06633934651825894,0.15177356639075476,0.4051747778281576,0.060892014819841675,0.3988764043614232,0.8274929492564427,0.4031232245010159,0.0,3,0.41277688914737953,89
SNE_267979.jpg,1,,0,0,0,0,0,1,0,0.79999999984,0.7446592666040099,0.05182479062625251,0.16771306194018348,0.10340587376529327,0.06261131414991138,0.20129870123160173,0.8539025684113449,0.3719585114932309,0.0,5,0.38810214411645405,77
SNE_267986.jpg,1,,0,0,0,0,0,1,0,0.59999999988,0.6030910923308632,0.16315317492790388,0.16050722383458482,0.3677920840181247,0.06040684967437693,0.23529411756862742,0.842160481444343,0.3812212187341709,0.0,4,0.5773603975405898,51
SNE_267988.jpg,1,,0,0,0,0,0,1,0,0.0,0.32682398651910055,0.028441079385319364,0.16490644577740118,0.20689611160044485,0.045075560182380695,0.39166666653611104,0.7279390395780007,0.38273253657340234,0.4085808526380442,1,0.348349834983484,90
SNE_267991.jpg,1,,0,0,0,0,0,1,0,0.79999999984,0.7748235880226184,0.07248232330340039,0.15663749405182853,0.3496918486298603,0.074011179092769,0.37784090896496203,0.8276604314006548,0.42531341103666653,0.005519705347669437,5,0.423219949688263,88
SNE_267993.jpg,1,,0,0,0,0,0,1,0,0.9999999998,0.636588234952647,0.05735742920448171,0.1373402254409681,0.21082302655515528,0.09237743391500407,0.34423076911602557,0.700764298871929,0.4127503257116678,0.0,6,0.39750762970497633,260
SNE_267995.jpg,1,,0,0,0,0,0,1,0,0.0,0.30901480071173903,0.17744000799821558,0.13931384458888296,0.21483877731383821,0.02180737786641232,0.19021739124094203,0.8868350617552666,0.42292922970046903,0.0,1,0.6016480137744065,46
SNE_267996.jpg,1,,0,0,0,0,0,1,0,0.59999999988,0.7533276077823099,0.10284511932472014,0.15660399873511527,0.35198626156485224,0.07669640663641261,0.15189873412658228,0.7401956094318576,0.38146562038536463,0.0,4,0.47483670295486935,79
SNE_267997.jpg,1,,0,0,0,0,0,1,0,0.59999999988,0.7464866045660408,0.05981982627303966,0.1608240343855265,0.22768822210021117,0.05879636341433099,0.3734939757791165,0.7331971162318398,0.36495094746638745,0.0,4,0.40169370472398724,83
SNE_267998.jpg,1,,0,0,0,0,0,1,0,0.9999999998,0.5505140799491581,0.01908608495494417,0.16449043142406755,0.35544750192134683,0.026577523896331116,0.4492753621690822,0.6842150662956336,0.34768380422220996,0.0,6,0.33244634444249116,69
SNE_268001.jpg,1,,0,0,0,0,0,1,0,0.59999999988,0.4711116024329261,0.11544242095625379,0.1810379182311504,0.5348811140533734,0.06614686954025474,0.10714285710714284,0.8705219519394158,0.38884454487713815,0.0,4,0.49625211574107386,56
SNE_268004.jpg,1,,0,0,0,0,0,1,0,0.59999999988,0.8481260772228321,0.29709868373341525,0.12282297820524549,0.05142010931961327,0.0412224985164083,0.42619047604841265,0.8328503617084164,0.4101782195913405,0.0,4,0.8050677626439046,105
SNE_268005.jpg,1,,0,0,0,0,0,1,0,0.79999999984,0.6875301398252444,0.0,0.1402012848663027,0.12064694149618248,0.03645145963833268,0.3888888887592592,0.7986653821800053,0.3545435843745956,0.033216315170619855,5,0.28545010030089374,108
SNE_268011.jpg,1,,0,0,0,0,0,1,0,0.79999999984,0.8329058450585123,0.05878925991639906,0.16343404548816637,0.2779510039990165,0.06388458766228067,0.24013157886732456,0.8200958718768003,0.3823644814564377,0.0,5,0.39994174191666765,76
SNE_268012.jpg,1,,0,0,0,0,0,1,0,0.79999999984,0.8289098165293236,0.1744590626351939,0.18010909767114727,0.4204736620479763,0.11275415894662746,0.10294117643627451,0.8357719787793936,0.4055592753077447,0.0,5,0.5965804066542887,68
SNE_268013.jpg,1,,0,0,0,0,0,1,0,0.39999999992,0.7677521257612694,0.37084169373045056,0.17764404877692067,0.2639934143095079,0.12847648741794684,0.09239130431702898,0.802271382843553,0.4599168304145317,0.0,3,0.9304308797126076,46
SNE_268017.jpg,1,,0,0,0,0,0,1,0,0.59999999988,0.6922146997128868,0.06989532342047489,0.13572759720440902,0.1570922651028803,0.049961941107910295,0.27150537625358423,0.790602989911493,0.3747125844518575,0.0,4,0.4188220498847026,93
SNE_268020.jpg,1,,0,0,0,0,0,1,0,0.39999999992,0.4756005753778373,0.5736254417329502,0.19356394243097433,0.36206504418105157,0.10143519118320311,0.2115384614679487,0.8125296612569795,0.49453494185979047,0.0,3,1.2751632515196407,26
SNE_268021.jpg,1,,0,0,0,0,0,1,0,0.59999999988,0.5161072062792736,0.35438443014352605,0.1765660679895718,0.2892350881690813,0.17432987669811426,0.04310344826149428,0.8625099253125108,0.5029293720484438,0.0,4,0.9024535315983787,58
SNE_268022.jpg,1,,0,0,0,0,0,1,0,0.79999999984,0.8879927450450986,0.1562585897926108,0.15685907021513557,0.12756936964926427,0.05881087062484573,0.2543103447428161,0.8461532477495703,0.430563028628456,0.0,5,0.565639602803697,58
SNE_268023.jpg,1,,0,0,0,0,0,1,0,0.39999999992,0.35381966128065767,0.0,0.15668192347021584,0.23644475981428062,0.028962069976376525,0.4729729728153153,0.7510392435426629,0.36150169254674064,0.35642457625324714,3,0.22444134078211667,111
SNE_268024.jpg,1,,0,0,0,0,0,1,0,0.39999999992,0.5988326495143335,0.0,0.14203102195218406,0.11375558244289079,0.03206394065640949,0.46491228054678363,0.7609337762005934,0.35123672603552547,0.29884154951947756,3,0.2621044013438282,114
SNE_268029.jpg,1,,0,0,0,0,0,1,0,0.59999999988,0.5279112413540867,0.18166505678492578,0.15875723061947833,0.05491201540120853,0.04573207146373181,0.4062499998645833,0.6059117146465167,0.4141564012594057,0.794366562629616,4,0.6088305967160389,112
SNE_268030.jpg,1,,0,0,0,0,0,1,0,0.39999999992,0.674670958128254,0.4558698794902531,0.1824451660882474,0.3484994713565115,0.16610865582210022,0.07653061221938774,0.8136007494946915,0.47784325646998277,0.0,3,1.0749787955893002,49
SNE_268031.jpg,1,,0,0,0,0,0,1,0,0.9999999998,0.6739109603628128,0.0,0.16324222831334742,0.3325768677645425,0.02092406034853122,0.36301369850913245,0.8444278202179041,0.3553728422089395,0.5653609961503591,6,0.2832637745529623,73
SNE_268032.jpg,1,,0,0,0,0,0,1,0,0.79999999984,0.8683966626563948,0.059573592116920496,0.14554898478487197,0.4087987742488141,0.05837889387469914,0.1874999999375,0.8417196498093699,0.3853749212115952,0.0,5,0.40127510665833843,88
SNE_268033.jpg,1,,0,0,0,0,0,1,0,0.59999999988,0.868167426214324,0.037999337544128195,0.16031203228875396,0.4396235077700158,0.06641573855448207,0.26595744671985816,0.7919442253263523,0.37910563235345923,0.2060445614762209,4,0.36459887386301726,94
SNE_268035.jpg,1,,0,0,0,0,0,1,0,0.19999999996,0.6033928130021547,0.01575600127279779,0.14293259681136816,0.3191770926738326,0.040760418391727594,0.3888888887592592,0.7912095463301544,0.3735722423880859,0.23062804395678127,2,0.32678520217951224,99
SNE_268036.jpg,1,,0,0,0,0,0,1,0,0.79999999984,0.7549889128880265,0.018483371994479983,0.16500975531748574,0.26691362364805626,0.04841643328756333,0.28571428561904766,0.7973660221324288,0.3596163869595985,0.0,5,0.33142173240909933,77
SNE_268037.jpg,1,,0,0,0,0,0,1,0,0.59999999988,0.6506450474502279,0.014627241262225817,0.17847524417116392,0.4598857667167362,0.06103184740210581,0.1934523808878968,0.8126437780509042,0.3849306345863369,0.0,4,0.3248663101604111,84
SNE_268039.jpg,1,,0,0,0,0,0,1,0,0.39999999992,0.6531960522791171,0.7066332272945031,0.10020099771563502,0.09675994574016157,0.35718796602404046,0.12295081963114757,0.8145444768812384,0.36752166153187915,0.0,3,1.5012764871072886,122
SNE_268042.jpg,1,,0,0,0,0,0,1,0,0.0,0.410503630607436,0.2395096567953248,0.12468487232140663,0.25574091338327365,0.06415213445039451,0.43918918904279275,0.8094278091576801,0.42536509033658026,0.9440279734198962,1,0.7071664167915618,74
SNE_268043.jpg,1,,0,0,0,0,0,1,0,0.9999999998,0.7839897634199766,0.24716323476482527,0.15690609516966705,0.1486138734543341,0.137415451948323,0.2409638553413655,0.8328820878327746,0.439833540327316,0.0,6,0.7201774993473662,83
SNE_268045.jpg,1,,0,0,0,0,0,1,0,0.39999999992,0.6235251701559338,0.2002123243525923,0.15938014381340918,0.5014324263605264,0.0747377056134211,0.16101694909887007,0.8408695521515451,0.39693571417965706,0.0,3,0.6403609515996193,59
SNE_268046.jpg,1,,0,0,0,0,0,1,0,0.59999999988,0.6899290221957489,0.012280696962546914,0.1668586211047441,0.4665622641213715,0.055955062205097994,0.23595505610112358,0.802418921835292,0.3670567275621716,0.2133648572166303,4,0.32087718484861044,89
SNE_268049.jpg,1,,0,0,0,0,0,1,0,0.59999999988,0.7815511429162313,0.03711598904436632,0.1742085872724095,0.4426222724404847,0.0447388467840234,0.3419117645919118,0.8538906696898377,0.36501812894985886,0.24820255772373473,4,0.3630971814125387,68
SNE_268051.jpg,1,,0,0,0,0,0,1,0,0.59999999988,0.7284889518172097,0.0,0.1661837792428683,0.3755378601698658,0.03719489874951983,0.15312499994895837,0.7743154816013619,0.35569587053515817,0.0,4,0.2987583735119555,80
SNE_268055.jpg,1,,0,0,0,0,0,1,0,0.79999999984,0.74268064723383,0.0,0.15476612447057775,0.17901139226401122,0.0335164058633046,0.42977528075561794,0.7911350678624193,0.35711024533232544,0.06623999126990762,5,0.2934858572111563,89
SNE_268062.jpg,1,,0,0,0,0,0,1,0,0.59999999988,0.7617519134038262,0.03947963798581608,0.15331037199698633,0.35025933814544197,0.05111336031755382,0.38109756084857715,0.6777602620239236,0.37705430880195684,0.0,4,0.36711538461536697,82
SNE_268063.jpg,1,,0,0,0,0,0,1,0,0.59999999988,0.5328820419117614,0.07910357945548147,0.14726687688761417,0.44981176852707894,0.044376215623287994,0.309374999896875,0.7944843956004385,0.3712699382348872,0.0,4,0.43447608515342206,80
SNE_268064.jpg,1,,0,0,0,0,0,1,0,0.59999999988,0.618179531077204,0.08426867653328234,0.17676386716957818,0.46019576478217006,0.053311073190309775,0.1896551723505747,0.8341308592077271,0.36829373285884437,0.15267115318983848,4,0.44325675019084865,58
SNE_268065.jpg,1,,0,0,0,0,0,1,0,0.9999999998,0.6722858892653867,0.3651609915122168,0.11850981193187675,0.2340875662055652,0.07198331310094429,0.30192307682243585,0.8171752129867902,0.39706396756000595,0.0,6,0.9207736859359297,130
SNE_268068.jpg,1,,0,0,0,0,0,1,0,0.39999999992,0.6197404333412732,0.4233083491080662,0.12156041627109601,0.03645941052108968,0.05270180119648577,0.39062499986979166,0.780898575428401,0.42275511516444386,0.0,3,1.019624193907021,144
SNE_270319.jpg,1,,0,0,0,0,0,1,0,0.19999999996,0.27849053576433536,0.0,0.14950032848512806,0.4097501659374513,0.04928430092934562,0.44557823114399087,0.7427463879113034,0.4104449184660646,0.0,2,0.23339568459045149,147
SNE_270360.jpg,1,,0,0,0,0,0,1,0,0.39999999992,0.26095979384383555,0.0,0.15942260541400363,0.4470111139303711,0.03539719545503343,0.32421874989192706,0.7960007637252554,0.4002726458520093,0.27794764209741113,3,0.21416437998170093,128
SNE_270361.jpg,1,,0,0,0,0,0,1,0,0.19999999996,0.2030095536370798,0.0,0.13640381946522429,0.4384403098334292,0.029738917204885383,0.40865384601762816,0.7866923260778147,0.39440965326245037,0.25035413699380393,2,0.28649250586888925,104
SNE_270363.jpg,1,,0,0,0,0,0,1,0,0.59999999988,0.7496868439485742,0.0,0.14281093367611128,0.35729795569875666,0.04364869107553544,0.32961783428503183,0.6935162189875932,0.38810132902662214,0.2645538120331351,4,0.2203812453392939,157
SNE_270392.jpg,1,,0,0,0,0,0,1,0,0.19999999996,0.3931311644007494,0.0,0.14454304983652286,0.41204481614550215,0.04613182864753303,0.3097484275697065,0.6357912527713909,0.3935423972700083,0.3780295469588403,2,0.2121984610300663,159
SNE_270407.jpg,1,,0,0,0,0,0,1,0,0.39999999992,0.6695792866882783,0.0,0.13575285384933833,0.36280582415859536,0.018743859201020657,0.34960937488346355,0.6510565419556837,0.37586323326750026,0.09719944212428523,3,0.20094081749411566,128
SNE_270410.jpg,1,,0,0,0,0,0,1,0,0.19999999996,0.4062579025183106,0.0,0.16661960570314657,0.4287042339853837,0.042986924904202986,0.2628865978505155,0.7515861689700318,0.45215112402705177,0.06618719320400397,2,0.284124962541194,97
SNE_270413.jpg,1,,0,0,0,0,0,1,0,0.19999999996,0.4025716685557922,0.0,0.15608132211677586,0.3270818187586638,0.030599103209111852,0.340789473570614,0.6576336688117354,0.41073598037017406,0.42561506906627683,2,0.13924493125145423,190
SNE_270436.jpg,1,,0,0,0,0,0,1,0,0.19999999996,0.3083154303563539,0.0,0.14556961886537387,0.4027526549432202,0.0,0.35227272715530294,0.7147230594539753,0.37525769961899463,0.47110890475168826,2,0.17676430708305155,88
SNE_270440.jpg,1,,0,0,0,0,0,1,0,0.59999999988,0.711077286810778,0.07056751698289854,0.14112096353735007,0.36775012666635964,0.12786415012169086,0.22972972965315316,0.8010813701812358,0.4276141339974581,1.0,4,0.41996477894149503,148
SNE_270446.jpg,1,,0,0,0,0,0,1,0,0.59999999988,0.4232621533103296,0.0,0.14564090934831714,0.5249768020872709,0.025133095076468274,0.3381294962901678,0.7549340233648845,0.37934442971560833,0.8310472273223446,4,0.18550958799268283,139
SNE_270460.jpg,1,,0,0,0,0,0,1,0,0.19999999996,0.25847288697228177,0.0,0.17053375709813834,0.3883196468716669,0.01145070270074926,0.4746093748417969,0.5607986756988269,0.38293377502832987,0.0,2,0.14570808918651273,128
SNE_270490.jpg,1,,0,0,0,0,0,1,0,0.39999999992,0.6594081711270499,0.0,0.13735142215541968,0.21350102780476427,0.01544272922771458,0.4645390069373523,0.5284613737621626,0.40635116614217404,0.2552491694857809,3,0.17834406589978943,141
SNE_270513.jpg,1,,0,0,0,0,0,1,0,0.19999999996,0.45034568824245214,0.0,0.1321508647841218,0.4607492741642085,0.04455511544310583,0.32371794861004277,0.7414266967547896,0.41711440286587903,0.9487764525532564,2,0.2336592410217506,156
SNE_270515.jpg,1,,0,0,0,0,0,1,0,0.19999999996,0.17278911255174517,0.0,0.15740418810152382,0.44669997162644026,0.0,0.4452380950896826,0.6167474058082327,0.3891073656230013,0.394173492961195,2,0.13736626372099248,105
SNE_270518.jpg,1,,0,0,0,0,0,1,0,0.39999999992,0.6582409958381814,0.0,0.14774702726568997,0.4805134448149906,0.023862033337222116,0.358766233646645,0.5230797777126641,0.3695343664737043,0.0,3,0.16691204228010256,154
SNE_270521.jpg,1,,0,0,0,0,0,1,0,0.19999999996,0.5427356396809102,0.009791032971841977,0.14366619625082022,0.4268004754148743,0.02616971877189996,0.2012195121280488,0.653969029546292,0.4118683010470949,0.02925309143973422,2,0.3166447560619224,82
SNE_271522.jpg,1,,0,0,0,0,0,1,0,0.79999999984,0.8125815706098276,0.0,0.1800646730633547,0.3833852951413661,0.08744443210137241,0.20518867917688674,0.8801899188929865,0.3655410047399107,0.0,5,0.28854072511799295,106
SNE_271524.jpg,1,,0,0,0,0,0,1,0,0.39999999992,0.8384292207667172,0.0,0.16466267250938735,0.2826718747682547,0.0934266879416963,0.24015748023490815,0.8087321769423653,0.3547699658651779,0.16058619370419233,3,0.2730967572764499,127
SNE_271527.jpg,1,,0,0,0,0,0,1,0,0.59999999988,0.6150142549236719,0.4219114216631456,0.1637132043534167,0.42072996487085096,0.3113319428461374,0.2219101122855805,0.9013193576979999,0.3932038103601738,0.0,4,1.017249417249259,89
SNE_271528.jpg,1,,0,0,0,0,0,1,0,0.59999999988,0.5207635892079088,0.0,0.16146501504180566,0.33651136134905785,0.0292620087819195,0.41468253954431217,0.8140870128795178,0.34244098029661096,0.25045649924975283,4,0.16026575119167774,126
SNE_271531.jpg,1,,0,0,0,0,0,1,0,0.19999999996,0.432809215433917,0.34248554893141087,0.17071976570059547,0.2993364227797798,0.17934286579686615,0.045081967198087464,0.8690849650077983,0.4530075159052972,0.0,2,0.882225433525884,61
SNE_271539.jpg,1,,0,0,0,0,0,1,0,0.79999999984,0.5365800882395868,0.0,0.17317406698767657,0.2826291793181331,0.08103504820731436,0.37886597925515464,0.8711941796105062,0.38836072525041626,1.0,5,0.29816201497615863,97
SNE_271545.jpg,1,,0,0,0,0,0,1,0,0.19999999996,0.3974134011737806,0.13086222135477898,0.1628220344270595,0.30758199891011495,0.1197570646015906,0.21794871787606834,0.893325928684572,0.3778706012318958,0.0,2,0.5224657764339865,78
SNE_271549.jpg,1,,0,0,0,0,0,1,0,0.79999999984,0.3976981186761105,0.03998906431215875,0.17235136424566247,0.3853924506916242,0.04157769123780742,0.32456140340058476,0.8809684997799168,0.3827517124783515,0.14352468091511475,5,0.36798140937065893,57
SNE_271552.jpg,1,,0,0,0,0,0,1,0,0.19999999996,0.2337000592525939,0.04269119967750354,0.18598890178280597,0.46432250401475433,0.06876195226456953,0.21575342458561644,0.8600058253775984,0.3710806714492913,0.5121642901695265,2,0.3725750394944472,73
SNE_271555.jpg,1,,0,0,0,0,0,1,0,0.39999999992,0.6334436061418579,0.34873949559310186,0.1691852683494397,0.3008055461636116,0.22740524776660506,0.14041095885730595,0.8783753685193785,0.47733362792913847,0.0,3,0.8928571428570127,73
SNE_271568.jpg,1,,0,0,0,0,0,1,0,0.39999999992,0.5419316249391142,0.16764457950897604,0.16453923904385262,0.3403354774006316,0.13222223863287988,0.11999999996000003,0.8182928964665863,0.40442941806588534,0.0,3,0.5849957853329039,75
SNE_271579.jpg,1,,0,0,0,0,0,1,0,0.59999999988,0.892340381494106,0.1782176145241268,0.16035487195958567,0.4141104480032333,0.19774984319164152,0.14485981303582557,0.8161103856360605,0.3952488673042932,0.0,4,0.6029699448692332,107
SNE_271583.jpg,1,,0,0,0,0,0,1,0,0.19999999996,0.4065916114656593,0.6253994551887869,0.18440627642424492,0.344777045222639,0.3113946837930802,0.09090909087878787,0.8049358812496894,0.5047986245675062,0.0,2,1.3631790744463372,55
SNE_271586.jpg,1,,0,0,0,0,0,1,0,0.59999999988,0.6558019048824888,0.0,0.14692624072066865,0.3352414065905932,0.05893318889358053,0.35685483859072586,0.8689202874458984,0.3545141090057886,0.1735694644481287,4,0.2524530753188057,124
SNE_271587.jpg,1,,0,0,0,0,0,1,0,0.59999999988,0.8299246774888194,0.1562857655408734,0.15472984990301192,0.434519986320918,0.15259688050690015,0.18556701024742267,0.8471200976324501,0.40436338398743177,0.0,4,0.5656858015757705,97
SNE_271606.jpg,1,,0,0,0,0,0,1,0,0.59999999988,0.4233483666781158,0.6779869783094623,0.1337698251280441,0.3976026109665419,0.20668290464159716,0.1696428570863095,0.8812526564001839,0.41939219506678144,0.0,4,1.452577863804073,56
SNE_271608.jpg,1,,0,0,0,0,0,1,0,0.19999999996,0.48735610482027725,0.0,0.19318093295883298,0.4426969429586741,0.09198930586228757,0.3400900899767267,0.8635693887727464,0.3797111385123431,0.5419744456897743,2,0.266660065352992,111
SNE_271617.jpg,1,,0,0,0,0,0,1,0,0.0,0.19685129369463425,0.18306673337820636,0.18791223783001865,0.4282180493148365,0.14126785993008947,0.12109374995963541,0.8726839911576206,0.4585631743618198,0.0,1,0.6112134469260175,64
SNE_271625.jpg,1,,0,0,0,0,0,1,0,0.59999999988,0.83630952296875,0.0,0.16213243770830607,0.3195046382473611,0.06093959937672339,0.29025423719138416,0.8375797464492262,0.3548587316244177,0.1937385681139056,4,0.23579109062979167,118
SNE_271629.jpg,1,,0,0,0,0,0,1,0,0.19999999996,0.17811313539602344,0.0,0.17383504356211307,0.5124479382607785,0.058797310842997455,0.34114583321961806,0.846373867574681,0.3526029045317912,0.4602681660578456,2,0.2550723359209485,96
SNE_271634.jpg,1,,0,0,0,0,0,1,0,0.59999999988,0.79141592617485,0.24433999301480683,0.15637143506890194,0.44181544233673514,0.1939195392861646,0.11494252869731801,0.8739450431779425,0.4003785747149932,0.0,4,0.7153779883695116,87
SNE_271643.jpg,1,,0,0,0,0,0,1,0,0.39999999992,0.666142825088272,0.22407823276764233,0.17087620222893496,0.39125940304459783,0.14714721667912917,0.057971014473429984,0.8784772497945079,0.4407840220683917,0.0,3,0.6809329959290702,69
SNE_271644.jpg,1,,0,0,0,0,0,1,0,0.39999999992,0.7293058400470547,0.0,0.1521517103591506,0.4016163315232433,0.06434206152814163,0.2897196260716511,0.8448818148048727,0.3646322310752421,0.0,3,0.29756563642404876,107
SNE_271647.jpg,1,,0,0,0,0,0,1,0,0.59999999988,0.6602543247758346,0.0,0.16630810010158045,0.25029961324819305,0.05455892667393807,0.2791262134991909,0.8046737570440452,0.3800867188224835,0.08413545715055451,4,0.2472416656780066,103
SNE_2863.jpg,1,,0,0,0,1,0,0,0,0.19999999996,0.8389782070160107,0.03831770131251524,0.15967539496314156,0.2532879362093308,0.1605716214573399,0.3043981480466821,0.5673971601411284,0.46111575880045086,0.0,2,0.3651400922695936,216
SNE_2918.jpg,1,,0,0,0,1,0,0,0,0.19999999996,0.683613734291064,0.0980152680716785,0.12820528429764982,0.03564634644830089,0.10527433706766935,0.37942477863458696,0.7296364672615536,0.3911683308676115,0.060067968612854204,2,0.4666259558198687,226
SNE_2972.jpg,1,,0,0,0,1,0,0,0,0.0,0.7564505451742887,0.05932674394154094,0.14747346725704458,0.09763229444631713,0.11957018439004492,0.3536585364674797,0.7358688873021969,0.4884021083832717,0.08229485760208356,1,0.4008554647599463,205
SNE_333117.jpg,1,,0,0,0,0,0,0,1,0.0,0.09543637249574344,0.10561025179429495,0.1498794196054303,0.4139285152402233,0.0639954223804373,0.3476562498841146,0.7406576977519248,0.3492295621774703,0.0,1,0.47953742815591166,64
SNE_333120.jpg,1,,0,0,0,0,0,0,1,0.19999999996,0.2751781305847619,0.18106089574622464,0.11174544029012407,0.4274879707022645,0.07197756369873962,0.21333333326222217,0.797973124274189,0.34296508763039674,0.42747226738155164,2,0.6078035229496428,75
SNE_333122.jpg,1,,0,0,0,0,0,0,1,0.0,0.13404747920652751,0.025847821455237216,0.13241759520958665,0.4703234530767111,0.06199142495401091,0.44594594579729724,0.7560218749382069,0.3419924202988919,0.6605870261944989,1,0.3439412964997511,111
SNE_333123.jpg,1,,0,0,0,0,0,0,1,0.0,0.1734226679488724,0.15435821858260615,0.13909764789520165,0.40680288708595963,0.06426786452442106,0.22950819664480876,0.7097707148758368,0.33698720612838184,0.0,1,0.5624089717447887,61
SNE_333124.jpg,1,,0,0,0,0,0,0,1,0.0,0.1744869841334603,0.030794763028158954,0.1598621325987847,0.2716241609814961,0.02436341637327156,0.45535714270535704,0.7112540779624479,0.3443310744110408,0.01065830706791654,1,0.352351097178665,56
SNE_333126.jpg,1,,0,0,0,0,0,0,1,0.0,0.16561653656951703,0.04562009161097034,0.19404835895148845,0.37970249798430045,0.020142151347066786,0.08333333330555555,0.7516772070717496,0.36415229441435437,0.0,1,0.37755415578426965,36
SNE_333129.jpg,1,,0,0,0,0,0,0,1,0.0,0.05650293444385883,0.09944320172742362,0.15713614486492508,0.4025239226074347,0.03319561968464499,0.3124999998958333,0.7413932367263143,0.3611257203698094,0.13692584997674312,1,0.46905344303606333,44
SNE_333131.jpg,1,,0,0,0,0,0,0,1,0.0,0.08011585433417376,0.12167817126220432,0.14503081049633698,0.3661113637940782,0.0590070005888568,0.3461538460384615,0.7452606337381693,0.3715697149445547,0.0,1,0.5068528912674255,65
SNE_333139.jpg,1,,0,0,0,0,0,0,1,0.0,0.06536845256177637,0.16657233278403033,0.1425117124928826,0.39367458645992165,0.056755891720798535,0.25462962954475304,0.6700216810773183,0.3652731467862603,0.0,1,0.5831729658994239,54
SNE_333140.jpg,1,,0,0,0,0,0,0,1,0.0,0.13566678391645598,0.013020629288892464,0.1638435755193437,0.46459212087364865,0.035645944810869135,0.3970588233970589,0.6650567892785543,0.3421414947461018,0.2628681332421524,1,0.3221350698041378,68
SNE_333145.jpg,1,,0,0,0,0,0,0,1,0.0,0.09366438048477055,0.015291004815870101,0.1577471611670871,0.5236397962312728,0.03407612936267539,0.4848484846868687,0.7601637677434778,0.3477465874899893,0.11372039853031345,1,0.32599470820227017,66
SNE_333149.jpg,1,,0,0,0,0,0,0,1,0.19999999996,0.1526129977076221,0.0,0.1635871336665922,0.3912616569509263,0.0495552185136142,0.5482456138523392,0.6389262172212902,0.3440288620914042,0.01780775233426149,2,0.22365283738673533,114
SNE_333154.jpg,1,,0,0,0,0,0,0,1,0.0,0.1827118076108215,0.0,0.17224858948009,0.40024658201051766,0.04758165828627089,0.40463917512285225,0.6906307792535002,0.3539832484584994,0.014991624590728229,1,0.2401460427135584,97
SNE_333156.jpg,1,,0,0,0,0,0,0,1,0.19999999996,0.1997625349932488,0.0,0.19117277457519796,0.34850233464093877,0.04572927993245514,0.3917322833339895,0.7112806386349895,0.33815024453661535,0.35792178776012,2,0.2897463064335662,127
SNE_333157.jpg,1,,0,0,0,0,0,0,1,0.0,0.18795908081875556,0.1006690229147695,0.1666799670420156,0.46538830713658913,0.04242903395376984,0.2945544553473597,0.7305893548152987,0.35255786794508065,0.1999046229902941,1,0.47113733905577715,101
SNE_333162.jpg,1,,0,0,0,0,0,0,1,0.19999999996,0.49622863786739024,0.05022690295871773,0.12730612279024614,0.043036575493223594,0.04926070634676779,0.41165413520112776,0.5911197677039217,0.33124826133330765,0.3377971813281462,2,0.38538573508004703,133
SNE_333173.jpg,1,,0,0,0,0,0,0,1,0.0,0.28402743384818485,0.026130330340258107,0.1562958515457337,0.38637595586289686,0.07461167243993441,0.46296296280864196,0.6580602862877198,0.3686917798999231,0.13151862288824331,1,0.3444215616045691,108
SNE_333177.jpg,1,,0,0,0,0,0,0,1,0.0,0.06975896020455433,0.021697157586829066,0.15819029375908572,0.5214636188556876,0.037499561857235665,0.46527777762268524,0.6980729338764204,0.3432754919097216,0.10394824331004804,1,0.33688516791930656,72
SNE_333180.jpg,1,,0,0,0,0,0,0,1,0.0,0.15305914169727308,0.06322928302008791,0.16207471296521658,0.44876808183576583,0.03437061033795151,0.25454545446060606,0.7215364773448747,0.3763839675966821,0.0,1,0.4074897811973787,55
SNE_333185.jpg,1,,0,0,0,0,0,0,1,0.0,0.12164038606718919,0.04267021766826446,0.14535908295072864,0.47782756082013456,0.03946217248552222,0.4140624998619792,0.7745386811426627,0.3251473613275071,0.07404491006551189,1,0.3725393700787198,64
SNE_333190.jpg,1,,0,0,0,0,0,0,1,0.39999999992,0.16052536622442182,0.2702822576462802,0.1498655986199832,0.5346407968696634,0.07390046527706355,0.15909090903787879,0.7136123585358856,0.337184929227139,0.0,3,0.7594798382689586,44
SNE_333194.jpg,1,,0,0,0,0,0,0,1,0.0,0.10213650972878915,0.09376357010883686,0.16450702517972482,0.5551716639328117,0.037030395401968015,0.2760416665746528,0.7967457281871291,0.36895628291014143,0.18508422997587967,1,0.45939806927878624,48
SNE_333203.jpg,1,,0,0,0,0,0,0,1,0.0,0.08447282039763539,0.12473394540260935,0.16783202685939866,0.4494716338884528,0.09793825362971492,0.27816901399178406,0.6991247422607461,0.3748944822772936,0.0,1,0.5120477073091698,71
SNE_333204.jpg,1,,0,0,0,0,0,0,1,0.0,0.16512040378033893,0.0,0.14966801605860316,0.5499872403912037,0.04116866335110549,0.476635513859813,0.7147168096166399,0.32946443048497887,0.038155834129314614,1,0.24088077550883638,107
SNE_333205.jpg,1,,0,0,0,0,0,0,1,0.19999999996,0.4533411027382362,0.1615725834482171,0.12728710033705673,0.24185913127441183,0.06773889829128647,0.3390410957773972,0.6356356717452539,0.3632021357988643,0.021890827532717205,2,0.5746733920235416,146
SNE_333208.jpg,1,,0,0,0,0,0,0,1,0.19999999996,0.29785016161072225,0.12295245035541019,0.1643206354179486,0.32817412394789014,0.0702799840570817,0.3512931033311781,0.7489369581057759,0.35445914213287266,0.039093788065205755,2,0.5090191657271498,116
SNE_333213.jpg,1,,0,0,0,0,0,0,1,0.19999999996,0.1792237824293945,0.0,0.15768638049073286,0.49235966452195346,0.043662475577557966,0.4395604394139195,0.7076736989291146,0.32314827450802447,0.4818073306890197,2,0.25803208814185297,91
SNE_333215.jpg,1,,0,0,0,0,0,0,1,0.0,0.09831838947694885,0.0,0.16363962314216546,0.501231155693148,0.02898513615264032,0.5588235292254902,0.6503399155747924,0.3222923438962868,0.28442389955640984,1,0.21454633909023918,102
SNE_333217.jpg,1,,0,0,0,0,0,0,1,0.19999999996,0.13767767882705606,0.03346417777816455,0.14840556078959233,0.4833471746530339,0.028223463117896277,0.5781249998072917,0.667739470449392,0.34436408293277443,0.42493198345247557,2,0.3568891022563439,64
SNE_333223.jpg,1,,0,0,0,0,0,0,1,0.0,0.318268597527107,0.03728842339920848,0.15460073700667384,0.3855229314800605,0.06251261243680564,0.407216494709622,0.7290524825155231,0.35720454211033825,0.1432360484307422,1,0.36339031981594283,97
SNE_333227.jpg,1,,0,0,0,0,0,0,1,0.0,0.2317748285047915,0.004291285169260325,0.167712827479866,0.48422789474466166,0.04767467253843414,0.41455696188713076,0.7309325416212915,0.3562581666950774,0.04334008755619357,1,0.3072951847920338,79
SNE_333229.jpg,1,,0,0,0,0,0,0,1,0.0,0.08844156324765157,0.0728670973218077,0.15505345328419048,0.6093793206426782,0.057730633023023156,0.29710144917632847,0.573354550359244,0.3474266229209678,0.14646568819480463,1,0.42387406551994017,69
SNE_333231.jpg,1,,0,0,0,0,0,0,1,0.0,0.1336007643432024,0.0,0.15118474564910414,0.39850598251080294,0.03381911334959591,0.4999999998333333,0.7000511584714331,0.3696212638774435,0.1614041690772779,1,0.27874485519011144,87
SNE_333236.jpg,1,,0,0,0,0,0,0,1,0.0,0.0892050943402043,0.11990461279180514,0.16182241601082042,0.40840058790537037,0.06503347569756952,0.32499999989166667,0.6666840776287835,0.3588734391994242,0.0,1,0.5038378418659734,60
SNE_333239.jpg,1,,0,0,0,0,0,0,1,0.19999999996,0.23663874754646202,0.07109113433403522,0.12933711901667258,0.4618602569049123,0.06498927647428185,0.374999999875,0.6949949009316685,0.35529997387589335,0.04998652715751324,2,0.420854928438951,94
SNE_333240.jpg,1,,0,0,0,0,0,0,1,0.0,0.09703789468992312,0.03275271129303068,0.15503495311452767,0.5689497499308604,0.039184463670654326,0.4249999998583333,0.6636876681998494,0.3671142245461231,0.42113010121505934,1,0.35567960923090486,70
SNE_333242.jpg,1,,0,0,0,0,0,0,1,0.39999999992,0.42912127660708155,0.10731325179424131,0.15267353292994815,0.2917688421051813,0.03591414606094673,0.27631578938157897,0.7555923533787949,0.34867125658743003,0.10050766081662968,3,0.48243252815752347,95
SNE_333243.jpg,1,,0,0,0,0,0,0,1,0.39999999992,0.4266790234088169,0.09522248687297041,0.15277684146698428,0.29620854288692555,0.045721806550439996,0.3159090908037879,0.753710696447459,0.35383890272016083,0.018954425768835242,3,0.4618782277792722,110
SNE_333249.jpg,1,,0,0,0,0,0,0,1,0.19999999996,0.3014940697317644,0.13585196885468773,0.15322162346268192,0.36927254239812307,0.037572655877706494,0.27298850565613025,0.6779570099151742,0.3499824666071893,0.3462406215736369,2,0.5309483471888211,87
SNE_333250.jpg,1,,0,0,0,0,0,0,1,0.19999999996,0.2981514737619571,0.1638837289811434,0.1538444394632641,0.36511698282750654,0.03757207835506343,0.234374999921875,0.6722717128992632,0.35539785844951666,0.2315466213039182,2,0.5786023394318275,80
SNE_333252.jpg,1,,0,0,0,0,0,0,1,0.0,0.15817952735500268,0.02580327321927297,0.15515863741086405,0.6459501651315742,0.02894336122581079,0.2368421051842105,0.7243152648604019,0.3253373947879761,0.15956783196711602,1,0.3438655644985673,57
SNE_333256.jpg,1,,0,0,0,0,0,0,1,0.0,0.07980883653916956,0.05097295289608244,0.1509491024952525,0.47082013920056176,0.033996305828880316,0.3135593219293785,0.7646490904539215,0.3473881288197382,0.19296248510592637,1,0.3866540199743131,59
SNE_333257.jpg,1,,0,0,0,0,0,0,1,0.0,0.08108574259228112,0.1667399395249674,0.16565679267475195,0.4692105445955534,0.05488684340430469,0.13414634141869916,0.5891953393211433,0.33767025042996607,0.24158777289572306,1,0.5834578973591845,41
SNE_333258.jpg,1,,0,0,0,0,0,0,1,0.0,0.147119211368819,0.014087259412728157,0.13035222811366282,0.40073975257173666,0.024957435318574615,0.24295774639788734,0.8051766767282413,0.3245768632832546,0.3796049393622634,1,0.3239483410157251,71
SNE_333263.jpg,1,,0,0,0,0,0,0,1,0.0,0.04175199635924564,0.0,0.17819878780136414,0.39733875583915745,0.023163225357433277,0.43681318666758234,0.7069016016220475,0.33443280264825487,0.0,1,0.17708498180091226,91
SNE_333267.jpg,1,,0,0,0,0,0,0,1,0.0,0.13713242434540504,0.0,0.15337582915961231,0.5232865978146649,0.03535144100860778,0.486434108364987,0.5957143218726768,0.33511645520342337,0.07708894775920565,1,0.190623056189089,129
SNE_333268.jpg,1,,0,0,0,0,0,0,1,0.0,0.1373608434648481,0.1787031085103541,0.13456231828454918,0.49535701340969135,0.06464695377456048,0.29435483861155914,0.6762640619103599,0.3558918013891402,0.0,1,0.603795284646305,62
SNE_333269.jpg,1,,0,0,0,0,0,0,1,0.39999999992,0.5738871318999331,0.09881711612813257,0.13990272122886907,0.29752248897655204,0.054161752043540956,0.3003731342282338,0.7007155024790336,0.35864228424966405,0.10817686106520774,3,0.46798909751664247,134
SNE_333271.jpg,1,,0,0,0,0,0,0,1,0.0,0.10197555326319405,0.0,0.1672505364574557,0.5071647359428844,0.01998204090982465,0.4753521125176056,0.7058156364595343,0.33527354267435094,0.07168784638782774,1,0.24398585363956923,71
SNE_333272.jpg,1,,0,0,0,0,0,0,1,0.0,0.26192024047054435,0.03071966311832449,0.15077746211233709,0.40313978109085563,0.06629371693164875,0.4174999998608333,0.695648460148564,0.3472203435373768,0.5395034876246213,1,0.3522234273318713,100
SNE_333273.jpg,1,,0,0,0,0,0,0,1,0.19999999996,0.20281239512073237,0.0,0.16329205891066387,0.5829091469107937,0.043727957750417934,0.403124999865625,0.7282543692464987,0.3443622251068484,0.3342853610988059,2,0.2940314902965812,80
SNE_333276.jpg,1,,0,0,0,0,0,0,1,0.0,0.21608462333789696,0.01456430510127275,0.17762910222926942,0.47174114184199584,0.06170016499422581,0.42897727258428037,0.5214875388180802,0.35510740818474484,0.2901176625515609,1,0.32475931868672797,88
SNE_333278.jpg,1,,0,0,0,0,0,0,1,0.0,0.10589689321981383,0.0,0.17544183392646717,0.5602485214760435,0.014986397513777812,0.524999999825,0.6868069440912501,0.3323351754513447,0.1931366225515237,1,0.2434156995417651,60
SNE_333282.jpg,1,,0,0,0,0,0,0,1,0.0,0.10984912162999913,0.0,0.15212801225591344,0.5253133070332897,0.030969204507138148,0.4642857141309523,0.685504008154556,0.3375915556707333,0.1698765001966695,1,0.29936463404570096,77
SNE_333843.jpg,1,,0,0,0,0,0,0,1,0.19999999996,0.16508157823530645,0.19851041179988538,0.19672205596838233,0.5393529601827689,0.0493676050446822,0.14999999995,0.8511308209669122,0.4818638017039218,0.0,2,0.6374677002583156,30
SNE_333878.jpg,1,,0,0,0,0,0,0,1,0.0,0.09765072721506422,0.039860270702006886,0.18519476107203062,0.4285685290066822,0.09434243082562281,0.23101265815084385,0.7618480884174329,0.3893950147283345,0.0,1,0.36776246023327197,79
SNE_3357.jpg,1,,0,0,0,1,0,0,0,0.19999999996,0.48750040687165586,0.0,0.2082534619879583,0.4192196880329038,0.10272406409733638,0.34960937488346355,0.5371347331440568,0.4934779826046849,0.0,2,0.15166958767641012,256
SNE_3366.jpg,1,,0,0,0,1,0,0,0,0.0,0.6846762498403147,0.0,0.19682375924568013,0.24199877714907092,0.16707179344045064,0.2755319148017731,0.6249170703361208,0.5389143189105978,0.0,1,0.26580929373311546,235
SNE_3370.jpg,1,,0,0,0,1,0,0,0,0.19999999996,0.5977465773833612,0.0,0.2061406306396087,0.21773865978909895,0.09967634565378622,0.34051724126580457,0.5272882690663903,0.537290303153628,0.0,2,0.1815641761257283,232
SNE_3387.jpg,1,,0,0,0,1,0,0,0,0.39999999992,0.586282587082338,0.0,0.192038279788725,0.2238126543698103,0.08477540075782664,0.32106164372859586,0.5169844815658764,0.5073124344843335,0.0,3,0.14353664860611656,292
SNE_3388.jpg,1,,0,0,0,1,0,0,0,0.0,0.5173406241021952,0.0,0.2083576902086864,0.3223380907329766,0.08039080277094554,0.34148936158829785,0.2464570701453196,0.47443711137599914,0.0,1,0.1583351258335092,235
SNE_3397.jpg,1,,0,0,0,1,0,0,0,0.39999999992,0.7923411263674685,0.9140645662434608,0.16323766200480938,0.3070223116156433,0.4894897186925919,0.22887323936032866,0.5394620656601723,0.5579843663650434,0.0,3,1.853909763527948,142
SNE_3398.jpg,1,,0,0,0,1,0,0,0,0.39999999992,0.698882203424151,0.09362741186895926,0.22850835467231695,0.4669317393644834,0.31219571512904865,0.2456896550905172,0.6814864876363788,0.5834047855555812,0.0,3,0.45916660027085815,174
SNE_3450.jpg,1,,0,0,0,1,0,0,0,0.19999999996,0.5541122524135508,0.0,0.20884851651383424,0.25816021588044796,0.09969287677556095,0.3071065988824027,0.5408217786704793,0.5407751972764845,0.1374429473750765,2,0.20147499559263676,197
SNE_3466.jpg,1,,0,0,0,1,0,0,0,0.0,0.6261694976846743,0.22834534559937494,0.21585125024982266,0.20958293834007008,0.270858537469616,0.2804878047845529,0.49143425646201744,0.5943519654093665,0.0,1,0.6881870877472828,123
SNE_3513.jpg,1,,0,0,0,1,0,0,0,0.59999999988,0.6850560243005561,0.3431045204043407,0.22713153403518355,0.37926373275121616,0.3281199659636416,0.27644230760016025,0.7169407779068812,0.6030195873023692,0.0,4,0.8832776850304837,104
SNE_371513.jpg,1,,0,0,1,0,0,0,0,0.19999999996,0.3389262482746478,0.005508065962786181,0.19574666175494054,0.3053936596189679,0.19743788477346702,0.24269005839863547,0.8085308232836586,0.5253610283886981,0.0,2,0.30936371214224456,171
SNE_371517.jpg,1,,0,0,1,0,0,0,0,0.0,0.20711262868249775,0.0,0.2288607122161574,0.37006570725766585,0.055082064327462245,0.3263888887800926,0.5843067978420776,0.3812681749816554,0.0,1,0.1267729740484885,144
SNE_371587.jpg,1,,0,0,1,0,0,0,0,0.39999999992,0.5690252428581621,0.17095486833326,0.2075273485008423,0.5115399993166231,0.2492815048807373,0.13461538457051278,0.7809530065160932,0.5341248732072348,0.0,3,0.5906232763374969,104
SNE_372997.jpg,1,,0,0,0,0,0,0,1,0.19999999996,0.3532346635586632,0.0,0.21928283867818152,0.348143201529205,0.09050808738082165,0.2882653060263606,0.6874608617355213,0.4401534192954851,0.0,2,0.2522617527890186,98
SNE_373055.jpg,1,,0,0,0,0,0,0,1,0.19999999996,0.23318922953103774,0.09538063574945509,0.19700227725187544,0.4500301364333961,0.20379778459891532,0.17307692301923075,0.7447501660260731,0.5194798509137435,0.0,2,0.4621470808694543,117
SNE_373111.jpg,1,,0,0,0,0,0,0,1,0.19999999996,0.17692697933810056,0.13692932074595046,0.19730711390690203,0.4360925912568361,0.1934746686069396,0.21173469380697274,0.7085219048218689,0.5337193357711173,0.0,2,0.5327798454050451,98
SNE_373119.jpg,1,,0,0,0,0,0,0,1,0.19999999996,0.361751400272487,0.047516961808398164,0.19960399950953428,0.21046141327568027,0.226208871008856,0.23566878973036096,0.7118752901348361,0.5453280890288261,0.0,2,0.38077883512179383,157
SNE_407923.jpg,1,,0,0,0,0,0,0,1,0.19999999996,0.29076651150582644,0.10304797507585164,0.15385571413338542,0.0572111373073934,0.04029512116565849,0.1273584905235849,0.8849099542187185,0.3959779430159723,0.0,2,0.4751815577319958,53
SNE_407945.jpg,1,,0,1,0,0,0,0,0,0.9999999998,0.5606293571040184,0.03365050375199964,0.14224595709988222,0.4541044796610937,0.07038278355243367,0.2877358489606918,0.848750298637079,0.36978989461076955,0.015652378223708175,6,0.3572058564120499,106
SNE_407961.jpg,1,,0,1,0,0,0,0,0,0.59999999988,0.6792814287899331,0.0,0.14831045701983203,0.4408358081477075,0.04428689807154371,0.2958333332347222,0.7428131249925998,0.34984605661320944,0.0,4,0.2241045944203964,120
SNE_408009.jpg,1,,0,1,0,0,0,0,0,1.0,0.8161492114431765,0.045283361412208394,0.13667675680760102,0.48063931325082415,0.09874297584177343,0.25406504056571816,0.7358893006536076,0.36420127394620605,0.0,7,0.3769817144460376,123
SNE_408022.jpg,1,,0,0,0,0,0,0,1,0.19999999996,0.2419267245610094,0.0,0.17346976312509163,0.46212295090383904,0.026741517898428345,0.29870129860173156,0.8129619896435138,0.3618372778674032,0.0,2,0.22919033256295862,77
SNE_408024.jpg,1,,0,0,0,0,0,0,1,0.0,0.08748588901078017,0.0,0.16573180700662574,0.5020210124844455,0.033073361676378144,0.3673469386530612,0.7455297938844311,0.351097121245246,0.188116045479548,1,0.20009305107838887,98
SNE_408048.jpg,1,,0,1,0,0,0,0,0,0.39999999992,0.7719241361332874,0.04350243348576731,0.12109031525029569,0.4392302264874083,0.058478626060407386,0.2316513760695719,0.8156896876328299,0.35259609897517985,0.010804668795093923,3,0.37395413696930685,109
SNE_408052.jpg,1,,0,1,0,0,0,0,0,0.19999999996,0.5365796441185221,0.0,0.1519462558845793,0.5047348798822496,0.07582357268254122,0.34517045443039773,0.0,0.534604547860293,0.0,2,0.19780341690702805,176
SNE_408054.jpg,1,,0,0,0,0,0,0,1,0.19999999996,0.25149533661948703,0.008803563847166285,0.1726894458791443,0.5349955114138357,0.06460040639629866,0.27083333324305553,0.7452646580402331,0.38437717491167256,0.31022485797650384,2,0.31496605854898624,84
SNE_408066.jpg,1,,0,1,0,0,0,0,0,0.79999999984,0.7428636037751909,0.0,0.14365055281977918,0.18448284099380188,0.050388902312860855,0.3253205127120727,0.7515987731863428,0.34936575272736464,0.13977933178747037,5,0.2102938593189237,156
SNE_410698.jpg,1,,0,0,0,0,0,0,1,0.0,0.058058626768309474,0.2970785305347251,0.1836953713084637,0.4800778598920299,0.09359114403742809,0.10294117643627451,0.8567930569023858,0.44856606211140176,0.0,1,0.8050335022061113,34
SNE_410722.jpg,1,,0,0,0,0,1,0,0,0.19999999996,0.6572224572381298,0.1478845392565911,0.17605670824258268,0.36757815598588195,0.11645959499385143,0.130769230725641,0.7807846577302932,0.3757025218952932,0.0,2,0.5514037168840894,65
SNE_410739.jpg,1,,0,0,0,0,0,0,1,0.19999999996,0.14710897557882324,0.0,0.19840739899533721,0.421608934551678,0.07194020553540867,0.4114583331961805,0.0,0.5623987922914588,0.0,2,0.23870808678499808,96
SNE_410788.jpg,1,,0,0,0,0,0,0,1,0.0,0.05696772581978153,0.3180002520938937,0.1841115949789188,0.3912688312453194,0.11666227753336027,0.04861111109490738,0.8403926149878476,0.43070071327913084,0.0,1,0.8406004288776195,36
SNE_410792.jpg,1,,0,0,0,0,1,0,0,0.0,0.514166044928281,0.1821375563001519,0.14015946759108844,0.4212229750477604,0.07256459897962518,0.12053571424553569,0.8526139160567601,0.37578891309845724,0.0,1,0.6096338458923958,56
SNE_410817.jpg,1,,0,0,0,0,0,0,1,0.0,0.10314339618220256,0.14535517450988625,0.1967342820387445,0.43523570362449204,0.06672213771014666,0.09285714282619044,0.7756461214241843,0.44023322391573166,0.0,1,0.5471037968121618,35
SNE_410842.jpg,1,,0,0,0,0,1,0,0,0.9999999998,0.7298991476840572,0.3768723784481063,0.1390401490070451,0.5580132882014424,0.10504241428252596,0.08499999997166663,0.904011035682576,0.41616922818746455,0.0,6,0.940683043738653,50
SNE_410853.jpg,1,,0,0,0,0,0,0,1,0.0,0.10900223926300803,0.18512542163082585,0.17637921930511896,0.40097796553142273,0.08846305287415979,0.08720930229651164,0.8363079921712644,0.39918010558405126,0.0,1,0.6147132169575293,43
SNE_410910.jpg,1,,0,0,0,0,0,0,1,0.0,0.06333693660976313,0.0,0.17196221423087207,0.4485647102674779,0.02984531538994152,0.4166666665277778,0.016008350078770883,0.446551342161318,0.0,1,0.16884314026731698,102
SNE_410920.jpg,1,,0,0,0,0,1,0,0,0.79999999984,0.781286435363632,0.16045238461281808,0.16646536688172414,0.40033699058865296,0.1061097784496251,0.03968253966931218,0.856930313105151,0.352584942541433,0.0,5,0.5727690540022431,63
SNE_410928.jpg,1,,0,0,0,0,0,0,1,0.0,0.12589430427284837,0.15985613760696876,0.19029359556179534,0.44191039999950565,0.10124236481958722,0.15217391299275362,0.8638052098924216,0.45354271591659306,0.0,1,0.571755434091703,46
SNE_410961.jpg,1,,0,0,1,0,0,0,0,0.39999999992,0.436377171060749,0.0,0.16383416086496472,0.36852374900564516,0.03182721694119481,0.2994186045513566,0.7231888940187905,0.34931737488458126,0.0,3,0.23492312285414857,86
SNE_410975.jpg,1,,0,0,1,0,0,0,0,0.19999999996,0.4062300024977462,0.15707811139768788,0.15232734450684995,0.47585597416960157,0.0918906051938093,0.19117647052450978,0.7732544477233465,0.38316069782052625,0.14654605953314023,2,0.5670327895331475,68
SNE_411020.jpg,1,,0,0,1,0,0,0,0,0.0,0.22607719494566803,1.0,0.15678140854114916,0.5233296142887878,0.5092350439005524,0.04090909089545457,0.7661513756935593,0.47906844646778973,0.0,1,2.505046583849959,55
SNE_411042.jpg,1,,0,0,1,0,0,0,0,0.0,0.20106095325821494,0.0,0.18087697863659932,0.40436151590079256,0.03999259006172179,0.23863636355681814,0.789541866988666,0.36660329049876467,0.0,1,0.21810255179584762,88
SNE_411053.jpg,1,,0,0,1,0,0,0,0,0.59999999988,0.4725773043259186,0.0,0.15901727576535915,0.5002763263007819,0.029587801514353473,0.35194174745550166,0.7168382295019837,0.32880680852446126,0.22574695607032416,4,0.18833985500651598,103
SNE_411092.jpg,1,,0,0,1,0,0,0,0,0.19999999996,0.36059487978894145,0.045056260982136394,0.13630249174513806,0.48232007249271114,0.07474518402643515,0.3529411763529411,0.6938405593916437,0.36066141247472444,0.5964251174055166,2,0.3765956437146881,102
SNE_411127.jpg,1,,0,0,1,0,0,0,0,0.39999999992,0.4365150846797508,0.0,0.15298284692759825,0.42022774391506446,0.016212512493086795,0.435039369933727,0.7247121155426597,0.3302513536847102,0.05335695283091622,3,0.13846660898940927,127
SNE_411409.jpg,1,,0,0,0,0,1,0,0,0.39999999992,0.4997482472100342,0.35787197210774757,0.16648348640368468,0.3589394471956177,0.24148606806184766,0.22368421045175438,0.8080085221809669,0.5077871974702785,0.0,3,0.9083823529410429,76
SNE_411418.jpg,1,,0,0,0,0,1,0,0,0.79999999984,0.8253128319875699,0.3350023468533996,0.1816948641945675,0.4041560843553779,0.28913192064978366,0.20180722884839356,0.7164679214165219,0.5116602268046718,0.0,5,0.8695039899857816,83
SNE_411465.jpg,1,,0,0,0,0,1,0,0,0.0,0.6926523292674731,0.44117647032862434,0.1769935306265005,0.43309554091673264,0.450942170150837,0.22379032250604838,0.49472176860380324,0.550389108549139,0.0,1,1.049999999999838,124
SNE_412678.jpg,1,,0,0,0,0,1,0,0,0.9999999998,0.8626642608815382,0.17899952249379236,0.17422614268381492,0.3508760660786151,0.2561849897424674,0.17757009339875388,0.7734276362328036,0.4821443783073001,0.0,6,0.6042991884184465,107
SNE_412681.jpg,1,,0,0,0,0,1,0,0,1.0,0.8311331940698234,0.17766361501037548,0.1745418098506013,0.43627667978608276,0.20606047400057276,0.05526315787631578,0.7843442856641132,0.4066995607886151,0.0,7,0.6020281456953019,95
SNE_412700.jpg,1,,0,0,0,0,1,0,0,0.9999999998,0.8799784705247577,0.16069184512150375,0.15707096173523952,0.3088396514763073,0.20630403236889489,0.23423423415615613,0.8119831993547634,0.49221126982306507,0.0,6,0.5731761368672482,111
SNE_412802.jpg,1,,0,0,0,0,1,0,0,1.0,0.8283132521912651,0.1886973250117056,0.1887324397440298,0.35442799963869065,0.26971108787531367,0.09793814429725088,0.7916926865733407,0.457590117231236,0.0,7,0.6207854527085969,97
SNE_605508.jpg,1,,0,1,0,0,0,0,0,0.39999999992,0.4093479523964154,0.0,0.1661155235377013,0.5476745409556636,0.04759253329973414,0.4357638887436342,0.7373311996975005,0.3451285471053332,0.0923741502273901,3,0.17984660142818887,144
SNE_605510.jpg,1,,0,1,0,0,0,0,0,0.39999999992,0.6696114460483378,0.01457511055302537,0.12713188940256734,0.27513950342745797,0.10869534384851814,0.28434065924587915,0.7978774789618581,0.3800544304908564,0.0,3,0.32477768795471823,182
SNE_605521.jpg,1,,0,1,0,0,0,0,0,0.39999999992,0.3345411406466249,0.0675208969020585,0.14787869276876187,0.4828383178110419,0.13704126173278586,0.2690972221325232,0.7672460222617307,0.4259171111540876,0.0,3,0.4147855248010203,144
SNE_605527.jpg,1,,0,1,0,0,0,0,0,0.39999999992,0.6190532575117078,0.0,0.14653529076908214,0.5370747793518039,0.06935215319676738,0.36855670090807563,0.8254266975835527,0.3310268457247343,0.3917741831862858,3,0.18503297333460325,194
SNE_605528.jpg,1,,0,1,0,0,0,0,0,0.39999999992,0.44863565315849846,0.19503270282354743,0.16316863445912283,0.5200299918794655,0.2135854766627517,0.16885964906652046,0.8102870565158495,0.4938633059194772,0.0,3,0.6315555949950633,114
SNE_605529.jpg,1,,0,1,0,0,0,0,0,0.0,0.13516500742625004,0.0,0.16896876962283733,0.5792997595692803,0.04235237100499034,0.38582677152493444,0.6899217724298601,0.35622826699992716,0.0,1,0.19240607059625442,127
SNE_605549.jpg,1,,0,1,0,0,0,0,0,0.39999999992,0.6718180068655212,0.0,0.1425611476077396,0.3415864659658556,0.12564690231656403,0.31730769220192306,0.7002093764508871,0.39836478922990515,0.0,3,0.28182913721785224,208
SNE_605567.jpg,1,,0,1,0,0,0,0,0,0.19999999996,0.5525302513364754,0.025288474178024774,0.13377785098273964,0.41843201125094115,0.09406066072574262,0.3316326529506803,0.6790493951884393,0.3532334343930842,0.14619341758988655,2,0.3429904061279306,147
SNE_605600.jpg,1,,0,1,0,0,0,0,0,0.39999999992,0.8354733692671127,0.017873746791012123,0.14420192441170726,0.1305026616055345,0.15693431424365129,0.2826633164886935,0.6381909693138971,0.4016555835705268,0.0,3,0.33038536956259434,199
SNE_605601.jpg,1,,0,1,0,0,0,0,0,0.59999999988,0.7532823381447914,0.0,0.14872694881503837,0.43447525419109007,0.09773658490800727,0.3009049772752639,0.7948615798315859,0.39221834404641304,0.05295653677096331,4,0.21033172169505884,221
SNE_605604.jpg,1,,0,1,0,0,0,0,0,0.19999999996,0.48172114459347726,0.0,0.15829506942924992,0.47036743273645665,0.06183538654473044,0.3695652172681159,0.7204252462754948,0.3574451571898331,0.0,2,0.22363361280967586,138
SNE_605620.jpg,1,,0,1,0,0,0,0,0,0.79999999984,0.7597031838815592,0.2649858520349272,0.19102933253446408,0.5294380679312001,0.2780275348369229,0.18434343428198652,0.6595713202123898,0.5277850929473902,0.0,5,0.7504759487243621,99
SNE_605624.jpg,1,,0,1,0,0,0,0,0,0.39999999992,0.3819476767860279,0.0,0.16526342350210949,0.378294113120359,0.057716935850097184,0.34154929566079806,0.7533566983441317,0.3805371934949715,0.19280258030983308,3,0.21356012284431217,142
SNE_605638.jpg,1,,0,1,0,0,0,0,0,0.19999999996,0.5696770850240617,0.026857818196631966,0.16545837483750722,0.32003342214256547,0.17471023660154114,0.2585714284852381,0.7683986082365537,0.4887139533456439,0.0,2,0.34565829096113215,175
SNE_605646.jpg,1,,0,1,0,0,0,0,0,0.19999999996,0.36919036278871487,0.0,0.1391477543730878,0.41554854041610134,0.0823211875786118,0.3247422679329897,0.78687980781287,0.36805998477243734,0.029553264210764936,2,0.2309542690985929,194
SNE_605660.jpg,1,,0,1,0,0,0,0,0,0.39999999992,0.5243382624189045,0.0,0.14766786841454352,0.13485486864011784,0.06344920221629473,0.38839285701339293,0.7588075286806248,0.3523828205815508,0.03835880149803387,3,0.21207267762431833,168
SNE_6244114.jpg,1,,1,0,0,0,0,0,0,0.19999999996,0.6103137109765591,0.0,0.17732221467455206,0.4400073958289795,0.12199871152688026,0.24870466312953365,0.8871575084687471,0.4253168633529299,0.0,2,0.2154105350020556,193
SNE_6244115.jpg,1,,1,0,0,0,0,0,0,0.39999999992,0.48254691252208315,0.21275075240308317,0.18386054777113386,0.25997661239171016,0.3058237690898029,0.18918918912612612,0.8490254168261117,0.5145644604940912,0.0,3,0.6616762792979921,111
SNE_6244116.jpg,1,,1,0,0,0,0,0,0,0.59999999988,0.8255088632702725,0.16616475932134656,0.18216813062923817,0.295917694856786,0.24947335757278513,0.13963963959309306,0.8429634099935192,0.47019195853131396,0.0,4,0.5824800910124539,111
SNE_6244119.jpg,1,,1,0,0,0,0,0,0,0.59999999988,0.8604944946771792,0.0,0.1941584337507423,0.44197512753685353,0.10933797076691057,0.24060150367919797,0.8181792485926209,0.4090062767488608,0.0,4,0.25378314591141404,133
SNE_6244120.jpg,1,,1,0,0,0,0,0,0,0.79999999984,0.7763370209781293,0.3577321206305159,0.16559790068215774,0.22963750191385052,0.402684513995733,0.21341463407520322,0.8677910100424758,0.43617487753141476,0.0,5,0.9081446054296092,123
SNE_6244122.jpg,1,,1,0,0,0,0,0,0,0.59999999988,0.5028753330028294,0.013110694890852237,0.18474075156897254,0.3763731492443234,0.16465475614038694,0.2614379084095861,0.8426578904612504,0.4015890066689153,0.0635725841496602,4,0.3222881813275595,153
SNE_6244123.jpg,1,,1,0,0,0,0,0,0,0.39999999992,0.6456569145379878,0.0,0.17644100845405486,0.4585263527434015,0.13165266105495887,0.2697674417705426,0.8104373235311831,0.39640719191199103,0.0,3,0.20242980913294892,215
SNE_6244125.jpg,1,,1,0,0,0,0,0,0,0.19999999996,0.505037429817398,0.0,0.1786546610839546,0.4551623549039408,0.09448974709888724,0.25292397652387916,0.7935405768494777,0.39537166440104377,0.312579414103641,2,0.20325628534997864,171
SNE_6244127.jpg,1,,1,0,0,0,0,0,0,0.59999999988,0.5901576450003468,0.045344163271400624,0.18436774617775506,0.39326131187796554,0.1693925352254527,0.2290076335114504,0.8300110263794815,0.4242869754179552,0.26823382566721043,4,0.3770850776067252,131
SNE_6244134.jpg,1,,1,0,0,0,0,0,0,0.39999999992,0.7032214941922583,0.22950667576107256,0.18924834187472458,0.4793068318481604,0.31769858949957114,0.12068965513218388,0.8454247596227457,0.5141222868862886,0.0,3,0.69016134902333,116
SNE_6244136.jpg,1,,1,0,0,0,0,0,0,0.39999999992,0.5332298742264947,0.0,0.1940697552665744,0.49598958909136615,0.10604492995245778,0.2723577234864499,0.7583171578996822,0.4358175590220688,0.0,3,0.271778028334709,123
SNE_6244141.jpg,1,,1,0,0,0,0,0,0,0.79999999984,0.5334300258902235,0.06279287718891123,0.19539232135882206,0.38547088278788316,0.22688633483465953,0.17279411758946076,0.8353020583512238,0.4496973606742383,0.0,5,0.40674789128394195,136
SNE_6244144.jpg,1,,1,0,0,0,0,0,0,0.79999999984,0.7172503804061852,0.03723966599693001,0.18409218557980098,0.4136242937116716,0.16433827315253224,0.21043165460611513,0.8264136065658341,0.4616636493335132,0.0,5,0.36330743223202067,139
SNE_6244146.jpg,1,,1,0,0,0,0,0,0,0.59999999988,0.6450421937302215,0.24918711188411036,0.18793002390352012,0.1782519273656929,0.22444301705140765,0.2159090908371212,0.8235414529946866,0.5055608604545204,0.0,4,0.7236180904521747,88
SNE_6244147.jpg,1,,1,0,0,0,0,0,0,0.39999999992,0.3164463790380778,0.09502956279275644,0.17717011406873082,0.42656107015381006,0.1995706508992792,0.24199999991933333,0.838234138542872,0.4536788958843676,0.0,3,0.4615502568427155,125
SNE_6244150.jpg,1,,1,0,0,0,0,0,0,0.59999999988,0.6813139742834378,0.13283601120370833,0.16609664789213385,0.32181649112229216,0.21156195441356748,0.18399999993866667,0.8655426183630885,0.4973949851634505,0.0,4,0.5258212191791402,125
SNE_6244151.jpg,1,,1,0,0,0,0,0,0,0.19999999996,0.24802562135809927,0.0,0.17266773674863087,0.44888491308746314,0.057732868980911574,0.3611111109907408,0.7690128576479214,0.40194851897615885,0.007236637630165566,2,0.15475548143424353,171
SNE_6244154.jpg,1,,1,0,0,0,0,0,0,0.59999999988,1.0,0.23408350927266253,0.1910321899601136,0.2854697276952033,0.36785591737300855,0.167999999944,0.7982815668341802,0.5255245932154479,0.0,4,0.6979419659976098,125
SNE_6244155.jpg,1,,1,0,0,0,0,0,0,0.39999999992,0.8439137676013876,0.05074025374920527,0.18967701285772123,0.45441817054926925,0.2205848571726834,0.1815286623598726,0.8072662466643299,0.48235575653551443,0.0,3,0.3862584314243892,157
SNE_6244158.jpg,1,,1,0,0,0,0,0,0,0.59999999988,0.871006164991767,0.0028480865629924752,0.21308628874218946,0.32623998021199585,0.16159087346679013,0.2033582088874378,0.8428354116468475,0.4769709708798548,0.0,4,0.3048417471599353,134
SNE_6244160.jpg,1,,1,0,0,0,0,0,0,0.39999999992,0.49812623643770143,0.011077571269549343,0.1909349452276412,0.28597570643643133,0.13554165426503922,0.19747899153081228,0.8627783753153427,0.4422294004478435,0.09757641179034655,3,0.31883187116931144,119
SNE_6244161.jpg,1,,1,0,0,0,0,0,0,0.59999999988,0.7511634266921023,0.1814292441888201,0.19959546980043086,0.43023204310653296,0.3278235624139437,0.13653846149294874,0.7880821394127835,0.5192583183659902,0.0,4,0.6084297153024234,130
SNE_6244162.jpg,1,,1,0,0,0,0,0,0,0.59999999988,0.48389218443692184,0.0,0.21469201772485164,0.2689163047295395,0.0961572797310152,0.18888888882592592,0.8088402665342681,0.43550110433440975,0.0,4,0.2957029777610067,90
SNE_6244163.jpg,1,,1,0,0,0,0,0,0,0.39999999992,0.5261757668679539,0.6030136188859258,0.17198485908861672,0.4054980186533513,0.48211044841268563,0.13888888884259262,0.8315055094260477,0.5146796035955146,0.0,3,1.3251231527090874,99
SNE_6244164.jpg,1,,1,0,0,0,0,0,0,0.39999999992,0.6791044600430731,0.32478417276288957,0.1777692325857454,0.5484480812390151,0.3906276113428095,0.13934426224863383,0.7953051633769035,0.5040335116224275,0.0,3,0.8521330940216965,122
SNE_6244167.jpg,1,,1,0,0,0,0,0,0,0.39999999992,0.5284324416474591,0.0,0.18406953642465682,0.5323177563897705,0.18253687417904496,0.23364485973520246,0.8842399673605985,0.465348945784845,0.0,3,0.24508289138513195,214
SNE_6244168.jpg,1,,1,0,0,0,0,0,0,0.39999999992,0.9055361367966702,0.0,0.19557610870843475,0.37358402539460706,0.08476775694962518,0.25555555547037034,0.8867015605699652,0.37432115203103383,0.37887357483714773,3,0.1569833212472761,180
SNE_6244169.jpg,1,,1,0,0,0,0,0,0,0.39999999992,0.807782970378359,0.16598781209644414,0.19626605397877986,0.40168939799541975,0.27507980898094364,0.13362068961063223,0.8065236441478068,0.5000882844183941,0.0,3,0.5821792807299428,116
SNE_6244171.jpg,1,,1,0,0,0,0,0,0,0.39999999992,0.4521955537196015,1.0,0.1741128996692038,0.3788566835992313,0.69979935145758,0.13782051277457266,0.7900950277635809,0.5151968757961178,0.0,3,2.2587976539581165,78
SNE_6244172.jpg,1,,1,0,0,0,0,0,0,0.39999999992,0.44889779519442186,0.3051908868211756,0.18428330962703354,0.4750000001393608,0.3413392087846975,0.1712962962391975,0.82096428642903,0.5155124565934259,0.0,3,0.8188245079011894,108
SNE_6244173.jpg,1,,1,0,0,0,0,0,0,0.59999999988,0.6984606104852269,0.6361044414023244,0.19575481983203583,0.4028253466835724,0.7193877548861659,0.17826086950579711,0.7850627716092379,0.5278926551569879,0.0,4,1.3813775510200559,115
SNE_6244175.jpg,1,,1,0,0,0,0,0,0,0.59999999988,0.437758765025967,0.0698949156148517,0.200372670368598,0.32375345854824467,0.23235304510799104,0.2577519378985788,0.8446614855412691,0.5197867225366192,0.0,4,0.4188213566151428,129
SNE_6244176.jpg,1,,1,0,0,0,0,0,0,0.59999999988,0.7232112679059535,0.07361209211776322,0.17472870203529048,0.3316405928173499,0.16473351767848016,0.1890756301890756,0.8489120069185946,0.46673003938995133,0.0,4,0.42514055667380957,119
SNE_6244177.jpg,1,,1,0,0,0,0,0,0,0.19999999996,0.3300664978205984,0.17614818194144752,0.17128086382411373,0.5343531705784843,0.23351075705930618,0.19105691050542006,0.8867896363571397,0.5244705039118216,0.0,2,0.599451909476609,123
SNE_6244178.jpg,1,,1,0,0,0,0,0,0,0.59999999988,0.6963809834979545,0.0,0.16502802678802844,0.36236672047365126,0.12980449069976263,0.28139013443535127,0.8439231301118669,0.4358592606374239,0.02410959439776162,4,0.20918954207727766,223
SNE_6244181.jpg,1,,1,0,0,0,0,0,0,0.39999999992,0.4889953907688317,0.17863919750941223,0.17883097416393995,0.33845017757810286,0.27954528673872675,0.22619047611507936,0.7805001149726212,0.45218859800490147,0.0,3,0.60368663594464,126
SNE_6244182.jpg,1,,1,0,0,0,0,0,0,0.59999999988,0.8567916603116394,0.2003750788729088,0.1877067416273109,0.16485757130308742,0.29086896513447874,0.1526548672057522,0.8304103190671247,0.5088891163589494,0.0,4,0.6406376342843201,113
SNE_6244186.jpg,1,,1,0,0,0,0,0,0,0.59999999988,0.5146882362536851,0.0,0.17486595116670617,0.4522987195184228,0.15434086846259445,0.2774390242977642,0.9153527079105076,0.48983221793153087,0.0,4,0.2994916554766785,164
SNE_6244187.jpg,1,,1,0,0,0,0,0,0,0.39999999992,0.5531551162977626,0.01280352891487062,0.18852395776364153,0.3421023672076888,0.14752416722685996,0.23632812492122396,0.8292920309122224,0.45748641685989777,0.0,3,0.32176599916808357,128
SNE_6244191.jpg,1,,1,0,0,0,0,0,0,0.79999999984,0.7410687003097576,0.0,0.16885403720136014,0.46205807162340684,0.14054695629675773,0.24999999991666666,0.9032233721453233,0.4444171323922882,0.1647995040081635,5,0.21612327227034533,222
SNE_6244194.jpg,1,,1,0,0,0,0,0,0,0.59999999988,0.6445591066313965,0.08364805061072686,0.19632137490382004,0.4015313104839414,0.23535736224774953,0.1981481480820988,0.8809722208353223,0.5261941041388892,0.0,4,0.4422016861218837,135
SNE_6244196.jpg,1,,1,0,0,0,0,0,0,0.59999999988,0.7053958331157792,0.18762014598725596,0.17215249414335385,0.372374139099115,0.3380510098322609,0.16352201252410897,0.864930383335686,0.518571084501477,0.0,4,0.6189542483659553,159
SNE_6244200.jpg,1,,1,0,0,0,0,0,0,0.59999999988,0.847581916770414,0.07737750256249488,0.1775898737992698,0.3629722058999589,0.21201045691309986,0.19256756750337836,0.812138959186669,0.4742013497305752,0.0,4,0.4315417544336188,148
SNE_6244201.jpg,1,,1,0,0,0,0,0,0,0.59999999988,0.8675442674874767,0.005077967012686998,0.18333148894692028,0.43986460598507704,0.1792315011964001,0.19797687854672444,0.8323308024165121,0.4660711610301594,0.0,4,0.30863254392664585,173
SNE_6244203.jpg,1,,1,0,0,0,0,0,0,0.59999999988,0.5753195062656613,0.0,0.1878582463507443,0.4559773276379544,0.09963671945112072,0.23770491795355192,0.8416954392822853,0.40887725939450026,0.11419145936002072,4,0.18408322003350985,183
SNE_6244205.jpg,1,,1,0,0,0,0,0,0,0.39999999992,0.451231165789192,0.1720830241749151,0.19122898706049193,0.45556480139295275,0.2623255081089549,0.14732142852232147,0.837108375592104,0.5186419181476755,0.0,3,0.5925411412694387,112
SNE_6244206.jpg,1,,1,0,0,0,0,0,0,0.79999999984,0.7657074745990938,0.008896980061939327,0.1927109517020328,0.3470373753052912,0.1402232962609654,0.2403846153044872,0.7725302284671514,0.42929628004622894,0.0,5,0.3151248661141938,130
SNE_6244207.jpg,1,,1,0,0,0,0,0,0,0.59999999988,0.9524979513667076,0.0,0.17750239925544792,0.25205107043895825,0.13439087527217172,0.2687224668707783,0.839518688844678,0.4221963754019539,0.0,4,0.19705081243542164,227
SNE_6244208.jpg,1,,1,0,0,0,0,0,0,0.39999999992,0.5428254106187764,0.0,0.1570684077472608,0.291905587507986,0.11173780995747234,0.23730964459094753,0.8987924604685353,0.44066550127327997,0.0,3,0.23633481293594685,197
SNE_6244210.jpg,1,,1,0,0,0,0,0,0,0.39999999992,0.4908621596244404,0.10720290188411331,0.18448224647457687,0.38085268167672426,0.20491945259658637,0.19690265480162242,0.8730647434047615,0.5129762753574583,0.0,3,0.4822449333101955,113
SNE_6244214.jpg,1,,1,0,0,0,0,0,0,0.79999999984,0.6125534686867101,0.16661761753135648,0.18404045602520275,0.44846878597684714,0.2686137998196501,0.18237704911953553,0.8568087932140775,0.5201149857486854,0.0,5,0.5832499499699236,122
SNE_6244217.jpg,1,,1,0,0,0,0,0,0,0.59999999988,0.8034744762766394,0.21696199612171074,0.17170920929298045,0.35287039034523754,0.2955061694119486,0.1844262294467213,0.8332226770806936,0.45313742668503526,0.0,4,0.6688353936238702,122
SNE_6244218.jpg,1,,1,0,0,0,0,0,0,0.9999999998,0.8702508290264201,0.168868778181173,0.1826626658316803,0.3983066642798818,0.32253711196382956,0.20503597115467623,0.9066450459823432,0.5068435371341541,0.0,6,0.5870769230768629,139
SNE_6244219.jpg,1,,1,0,0,0,0,0,0,0.39999999992,0.7426121796772849,0.015776825818731004,0.17908770583736203,0.2902820127890725,0.1708539777338703,0.18627450974183007,0.847454233623423,0.41660415662618977,0.0,3,0.3268206039076195,153
SNE_6244221.jpg,1,,1,0,0,0,0,0,0,0.19999999996,0.4446099888354072,0.32790454816829173,0.17786251507227452,0.5439625101742751,0.342087156730551,0.13990825683409785,0.8120751099800293,0.4991954660274757,0.0,2,0.8574377322140005,109
SNE_6244228.jpg,1,,1,0,0,0,0,0,0,0.39999999992,0.48466605147009034,0.2312789047576967,0.18142629168198557,0.5173473890578428,0.2734257359563627,0.16363636358181818,0.8571707866491785,0.45250177276699327,0.0,3,0.6931741383193633,110
SNE_6244232.jpg,1,,1,0,0,0,0,0,0,0.59999999988,0.7590579503726671,0.28120822175966287,0.16557872709519048,0.3542167296587364,0.2900219297763689,0.22954545446893942,0.8395075341406723,0.47182633364179977,0.0,4,0.7780539772726351,110
SNE_6244234.jpg,1,,1,0,0,0,0,0,0,0.79999999984,0.5757099368533604,0.0,0.18597570558503604,0.40279974278148,0.15829514009167467,0.28813559312429377,0.7952316025087685,0.45758671509493015,0.0,5,0.2666757234071337,177
SNE_6244235.jpg,1,,1,0,0,0,0,0,0,0.59999999988,0.854669259813716,0.0,0.17661831174383505,0.351758662283408,0.14924571301693149,0.19834710737190084,0.8634713879936592,0.40810772600489076,0.09563600117629473,4,0.19825017434856407,242
SNE_6244236.jpg,1,,1,0,0,0,0,0,0,0.39999999992,0.4322584778802833,0.0,0.17506064813462813,0.45380738240520413,0.09924765535649092,0.2901785713318452,0.8752367103523864,0.3860704344488258,0.2186975362185404,3,0.21069085162663745,168
SNE_6244237.jpg,1,,1,0,0,0,0,0,0,0.59999999988,0.8590003483082327,0.0,0.17152487156611476,0.20035624733414553,0.1371457489763797,0.20402298843773944,0.8945123753011743,0.42094636079213715,0.0,4,0.250082891246674,174
SNE_6244238.jpg,1,,1,0,0,0,0,0,0,0.39999999992,0.9343396215556603,0.17928190048048437,0.17158192086740753,0.2944798336388039,0.3433086107454109,0.15522875811819167,0.8870869561979209,0.4903234609283724,0.0,3,0.6047792309961053,153
SNE_6244239.jpg,1,,1,0,0,0,0,0,0,0.79999999984,0.7969307629978587,0.0,0.190889701700745,0.10605184315818504,0.16078594020251216,0.24528301878616354,0.0,0.5547509919029353,0.0,5,0.2481924945487836,212
SNE_6244240.jpg,1,,1,0,0,0,0,0,0,0.9999999998,0.7958434274857094,0.0,0.17399798828698268,0.42097090172942986,0.15411944459792853,0.22869955149327353,0.0,0.5558373624190691,0.0,6,0.21790445321307012,223
SNE_6244241.jpg,1,,1,0,0,0,0,0,0,0.59999999988,0.48968487072369415,0.09064112006456916,0.16963850905413663,0.34612289112562766,0.23825776671782387,0.17999999994000002,0.8713872645076526,0.47969734317539797,0.0,4,0.4540899042004087,150
SNE_6244244.jpg,1,,1,0,0,0,0,0,0,0.39999999992,0.44515773491379473,0.0,0.1573458156827345,0.4829350019400931,0.10986199846279301,0.30726256972998134,0.792429393908934,0.40194263917377704,0.0,3,0.2418503570319693,179
SNE_6244246.jpg,1,,1,0,0,0,0,0,0,0.39999999992,0.9419218573957233,0.0,0.1729899631107688,0.10494983037634555,0.13779441572498685,0.2559241705308057,0.8286120971802013,0.4296664138421926,0.0,3,0.21718851812475679,211
SNE_6244247.jpg,1,,1,0,0,0,0,0,0,0.39999999992,0.6487731376862911,0.21526491748752447,0.1770095822987992,0.40929679809530994,0.4365305117748075,0.19219653172784198,0.8822615807891033,0.5132171781727056,0.0,3,0.6659503599440565,173
SNE_6244248.jpg,1,,1,0,0,0,0,0,0,0.59999999988,0.5263359513945831,0.21180066216927615,0.17025112629522002,0.5166583078000437,0.2664892043389281,0.1361788617432249,0.8574165682509018,0.4425823739854129,0.17783692950301577,4,0.6600611258995701,123
SNE_6244250.jpg,1,,1,0,0,0,0,0,0,0.9999999998,0.9273125137176188,0.2926337797264538,0.19131894068830613,0.3646655285817297,0.26797070067042644,0.14705882348039215,0.8387571858027669,0.4921399343288631,0.0,6,0.7974774258276053,85
SNE_6244252.jpg,1,,1,0,0,0,0,0,0,0.79999999984,0.8157684254441214,0.01475940407407124,0.18098970758828495,0.49073222367997454,0.14596220801040896,0.18794326234869976,0.8350470833030605,0.4033807384609608,0.1566973503691215,5,0.3250909869406805,141
SNE_6244256.jpg,1,,1,0,0,0,0,0,0,0.59999999988,0.7780433311353063,0.7259088684584131,0.17201279590539337,0.35790841830324305,0.49054129972711374,0.1379310344367816,0.8517290147413464,0.5188124319018356,0.0,4,1.5340450771052112,87
SNE_6244257.jpg,1,,1,0,0,0,0,0,0,0.39999999992,0.5780193778917773,1.0,0.17882267306062874,0.21738599654260743,0.7119418094469541,0.14527027022184683,0.73095981658381,0.530062943279056,0.0,3,2.343934040046194,74
SNE_86500.jpg,1,,0,0,0,0,0,1,0,0.39999999992,0.26163015598190564,0.1205779266533113,0.16960473234414575,0.3880629044404772,0.034177430374117794,0.2604166665798611,0.7727676806013144,0.39128948240538014,0.0,3,0.5049824754312071,48
SNE_86501.jpg,1,,0,0,0,0,0,1,0,0.19999999996,0.2777659121970052,0.6804121331050293,0.16067238708246234,0.4930846895262037,0.1639168453583079,0.04761904760317458,0.8505108085494448,0.43402673911486933,0.0,2,1.4567006269589622,42
SNE_86503.jpg,1,,0,0,0,0,0,1,0,0.19999999996,0.19093598148228086,0.0,0.16642853111163491,0.4598509701686433,0.03004288948610328,0.37244897946768707,0.5637725809734048,0.3598132018276226,0.0,2,0.22850548182342026,98
SNE_86511.jpg,1,,0,0,0,0,0,1,0,0.19999999996,0.19560280328141616,0.39915391402962064,0.1820200359254621,0.43724250813006704,0.13142290114730584,0.03260869564130434,0.8058468262644358,0.44419780983326435,0.0,2,0.978561654249509,46
SNE_86512.jpg,1,,0,0,0,0,0,1,0,0.0,0.1284541009257476,0.008929384157927744,0.18613096236416762,0.4818286308875685,0.02093125290216576,0.26785714276785716,0.6561863688761365,0.377834537472769,0.0,1,0.31517995307740654,56
SNE_86513.jpg,1,,0,0,0,0,0,1,0,0.0,0.19969196997957323,0.062107952479730666,0.16076213341995826,0.42342933620442247,0.04159235720378584,0.31159420279468597,0.6864145886555728,0.40450695998087033,0.0,1,0.4055835192776501,69
SNE_86514.jpg,1,,0,0,0,0,0,1,0,0.19999999996,0.5657303491104355,0.0,0.18317883382934264,0.48388963317988254,0.029163272744925365,0.31770833322743053,0.7003401688656,0.38062511495649676,0.0,2,0.21284724470633254,96
SNE_86515.jpg,1,,0,0,0,0,0,1,0,0.39999999992,0.47802374782472745,0.056157058057937206,0.16500844698408523,0.43081277056581424,0.07583404338152448,0.27806122439710884,0.5604844373363999,0.40030941371895634,0.0,3,0.3954669987546503,98
SNE_86516.jpg,1,,0,0,0,0,0,1,0,0.19999999996,0.4214279114046938,0.0,0.1644782049326824,0.32923428041655134,0.04894451822187324,0.37873134315733836,0.7148188732572885,0.3937203888885459,0.0,2,0.21215001728309105,134
SNE_86517.jpg,1,,0,0,0,0,0,1,0,0.79999999984,0.5039967465754489,0.06109222334914968,0.1679442725895338,0.43186965695675716,0.06224008467715023,0.3164556960970464,0.6530036317257,0.3994641107877772,0.0,5,0.4038567797546467,79
SNE_86518.jpg,1,,0,0,0,0,0,1,0,0.19999999996,0.27950924585019865,0.02124321472577887,0.1657334579205824,0.4875833771175392,0.047133913454200746,0.3352941175352941,0.6933656868022657,0.3971734851706867,0.005289683708068088,2,0.3361134650550673,85
SNE_86519.jpg,1,,0,0,0,0,0,1,0,0.19999999996,0.2539828812633633,0.0,0.14681938779456552,0.5544642531397084,0.03251006338732946,0.34278350504037797,0.7315448252268459,0.403032649645827,0.0,2,0.29321903872451577,97
SNE_86524.jpg,1,,0,0,0,0,0,1,0,0.0,0.14215092261069798,0.0,0.16232565310294775,0.4539582690719538,0.030948028481427022,0.3461538460384615,0.7363408128706372,0.39123880473064976,0.0,1,0.2933751374241503,78
SNE_86525.jpg,1,,0,0,0,0,0,1,0,0.19999999996,0.19898068502369487,0.17086364474183974,0.18758377751111505,0.536171919157135,0.08481332035919195,0.1964285713630952,0.6888119749634936,0.4536213663475388,0.0,2,0.5904681962319912,56
SNE_86526.jpg,1,,0,0,0,0,0,1,0,0.19999999996,0.30979517756095654,0.0871221181109829,0.17719859858612194,0.3834661321346352,0.041206394145457875,0.17982456134356725,0.744536099595011,0.40811429810256533,0.0,2,0.44810760087579304,57
SNE_86529.jpg,1,,0,0,0,0,0,1,0,0.0,0.11223170310369748,0.1473200780146776,0.20602668274161096,0.5169395790646012,0.04087005732144837,0.02631578946491229,0.8246296773413431,0.41380714522939044,0.0,1,0.550444132772272,38
SNE_86532.jpg,1,,0,0,0,0,0,1,0,0.19999999996,0.2348170749827942,0.22047000101184616,0.1635994197595728,0.3887566839710077,0.07869201697031158,0.143518518470679,0.7554673750008891,0.4087251200961834,0.0,2,0.6747990019406085,54
SNE_86535.jpg,1,,0,0,0,0,0,1,0,0.19999999996,0.49239493986207467,0.0,0.18052708004662046,0.14869616074592737,0.02584722484688375,0.2095588234595588,0.763480126789571,0.37399169917630337,0.0,2,0.2764669765809895,68
SNE_86539.jpg,1,,0,0,0,0,0,1,1,0.19999999996,0.14716206742081664,0.006249313529359939,0.174834721582177,0.4882489051528735,0.02926272448019394,0.43461538447051273,0.7032085395121861,0.4014853236309031,0.0,2,0.3106238330061612,65
SNE_86542.jpg,1,,0,0,0,0,0,1,1,0.19999999996,0.20391887671291242,0.4765381373908832,0.17610079583306215,0.3755347356905433,0.11295463762694118,0.14999999995,0.8964405690656433,0.5183738583599725,0.0,2,1.1101148340410396,40
SNE_86543.jpg,1,,0,0,0,0,0,1,0,0.39999999992,0.4117443715150901,0.0526404157779356,0.19012486420001504,0.389852652404691,0.05187391411476139,0.19921874993359376,0.7451469052818249,0.38979985124494887,0.060742946157902815,3,0.38948870687513093,64
SNE_86545.jpg,1,,0,0,0,0,0,1,0,0.0,0.10863705976105456,0.45727194884946776,0.2011400998559683,0.5021246704560626,0.14610619379189127,0.018292682920731725,0.8567788359245587,0.4796056428585174,0.0,1,1.0773623135013672,41
SNE_86549.jpg,1,,0,0,0,0,0,1,0,0.19999999996,0.2945372496039004,0.37505595823574445,0.1785143318207669,0.4899144677267737,0.10758631736665207,0.03977272725946972,0.8542178088420844,0.4644709871306452,0.0,2,0.9375951293758215,44
SNE_86550.jpg,1,,0,0,0,0,0,1,0,0.39999999992,0.3206934894802399,0.06659234086829796,0.16878965507918833,0.4608256972715137,0.047649207247713356,0.33223684199451753,0.6548277713529369,0.39946426533477447,0.0,3,0.41320697954269886,76
SNE_86551.jpg,1,,0,0,0,0,0,1,0,0.19999999996,0.17816837438835834,0.3740486416633275,0.1845425337334948,0.3805506496951666,0.06843013224071477,0.015624999994791666,0.8062428486147668,0.47958186447223616,0.0,2,0.9358826912017055,32
SNE_86552.jpg,1,,0,0,0,0,0,1,0,0.19999999996,0.33548608731543944,0.0034563924322695435,0.1805781374082159,0.2410447972849008,0.04408653368977796,0.35624999988125,0.52296691306514,0.40777343195726906,0.0,2,0.3058758671383146,80
SNE_86553.jpg,1,,0,0,0,0,0,1,0,0.19999999996,0.2967628071234155,0.07863613021630242,0.20199222588077131,0.4640538444582651,0.09297479982870517,0.2605633801948357,0.6158544385581963,0.3960230006566344,0.0,2,0.43368142144635025,71
SNE_86557.jpg,1,,0,0,0,0,0,1,0,0.39999999992,0.36089107365498,0.0,0.15443214843678235,0.5852797036408057,0.05754871607553269,0.23140495860055094,0.7268857789375698,0.37170990338660015,0.08835063319338181,3,0.26660899653978315,121
SNE_86563.jpg,1,,0,1,0,0,0,1,0,0.19999999996,0.3301783141543739,0.33977550828178643,0.18843982651246838,0.520669845538801,0.12104508039174133,0.021739130427536255,0.832204353924602,0.453540313718525,0.0,2,0.8776183644188124,46
SNE_86565.jpg,1,,0,0,0,0,0,1,0,0.39999999992,0.3672078969233067,0.02438437537830747,0.16128064553413474,0.3648791207413723,0.040657135265717896,0.24679487171260683,0.6232293851388389,0.38591391772773287,0.0,3,0.34145343816750706,78
SNE_86569.jpg,1,,0,0,0,0,0,1,0,0.59999999988,0.274370392382105,0.4284776312875302,0.18717113314575373,0.4992556254039993,0.14319029431899422,0.07386363633901517,0.8515104374852691,0.511672929662126,0.0,4,1.028411973617279,44
SNE_86570.jpg,1,,0,0,0,0,0,1,0,0.39999999992,0.33139120438844505,0.2065270636569891,0.18092803383585004,0.39446181416823833,0.09598827160995516,0.18220338976977404,0.6937893241062629,0.45296107245906136,0.0,3,0.6510960084234085,59
SNE_86573.jpg,1,,0,0,0,0,0,1,0,0.39999999992,0.39383329428054115,0.0,0.16610150010510877,0.39456509129986617,0.02654636259685233,0.36813186800915754,0.7630788877700824,0.3840389512774663,0.49585054719918803,3,0.24172590510827435,91
SNE_86578.jpg,1,,0,0,0,0,0,1,0,0.59999999988,0.40114952599999043,0.1782266845788865,0.1859142913769067,0.11161099770053987,0.10806384963187658,0.22222222214814816,0.7914473574641331,0.4396992535627991,0.0,4,0.6029853639623337,63
SNE_86579.jpg,1,,0,0,0,0,0,1,0,0.59999999988,0.5559199256752047,0.4069934943974761,0.19800907814708624,0.4456023665678964,0.13208383613745303,0.061111111090740744,0.7744039535609948,0.4888163274054968,0.0,4,0.9918889408827029,45
SNE_86581.jpg,1,,0,0,0,0,0,1,0,0.39999999992,0.3036172762563426,0.18745687413499715,0.18688024219397886,0.46585990425664014,0.07518521375386475,0.2122641508726415,0.6895067925193988,0.4411931201167679,0.0,3,0.618676686216952,53
SNE_86586.jpg,1,,0,0,0,0,0,1,0,0.19999999996,0.30691680103765895,0.4179720302794735,0.17829466438064961,0.3804541584174178,0.10255153710282189,0.11184210522587719,0.8392186270771704,0.4569945823080729,0.0,2,1.010552451893077,38
SNE_86587.jpg,1,,0,0,0,0,0,1,0,0.59999999988,0.44572199054442396,0.5137469669083169,0.17816280672347076,0.32207147664411134,0.19958204594453882,0.04017857141517854,0.7972565117297497,0.46746605139062103,0.0,4,1.1733698442578857,56
SNE_86588.jpg,1,,0,0,0,0,0,1,0,0.19999999996,0.2615978463268145,0.4382924867823807,0.2080051826418111,0.3752989494600689,0.18689981049797671,0.12499999995833333,0.6134624600537062,0.4486700817506513,0.0,2,1.0450972279683397,44
SNE_86591.jpg,1,,0,0,0,0,0,1,0,0.19999999996,0.299055258920565,0.0,0.17086770993895087,0.40098833481572144,0.026903783039112387,0.44940476175496025,0.5660373138950279,0.36935147416395897,0.0,2,0.2678012449177754,84
SNE_86592.jpg,1,,0,0,0,0,0,0,1,0.19999999996,0.23509368850943604,0.7016621213893786,0.21252467955912543,0.535325917593404,0.23056814212561602,0.05769230767307694,0.6915432921118781,0.5173696727548779,0.0,2,1.4928256070636057,39
SNE_86593.jpg,1,,0,0,0,0,0,1,0,0.59999999988,0.40548774943489285,0.17716188509177946,0.1711491751087746,0.4620713110229937,0.08675520630040258,0.14843749995052083,0.7190720092081567,0.41204103859015867,0.0,4,0.601175204833187,64
SNE_86594.jpg,1,,0,0,0,0,0,1,0,0.0,0.23749751186201523,0.0,0.16534161542688677,0.33689293467675885,0.03710609083148415,0.4514563105291262,0.6677387826355645,0.4102721973733804,0.0,1,0.2654858467141114,103
SNE_86599.jpg,1,,0,0,0,0,0,1,0,0.39999999992,0.4005206010777484,0.0746173032807751,0.1740389884525726,0.4262435959755247,0.05042236012079838,0.2578124999140625,0.7161380140424426,0.42219255091841457,0.04020885544706901,3,0.42684941565193496,64
SNE_86600.jpg,1,,0,1,0,0,0,1,0,0.19999999996,0.3139343278393738,0.02364335563342574,0.171034675134017,0.5853492477853226,0.09206278406911951,0.29816513751529056,0.7237054261078595,0.43599963197196934,0.0,2,0.3401937046004671,109
SNE_86604.jpg,1,,0,0,0,0,0,1,0,0.19999999996,0.21153473372587428,0.0,0.16418993692932285,0.420720159628273,0.04184573974320255,0.4132653059846939,0.5525501846245011,0.4049669285668404,0.0,2,0.27611092794078923,98
SNE_86605.jpg,1,,0,0,0,0,0,1,0,0.59999999988,0.5567502805564252,0.0,0.17973604594865872,0.09534625966458456,0.036464661186910295,0.3664772726051137,0.660671860277386,0.3831981990776042,0.0,4,0.25184672206831904,88
SNE_86606.jpg,1,,0,0,0,0,0,1,0,0.39999999992,0.6220360408466306,0.1029431421742646,0.16397422611352766,0.3490930054500875,0.11269954057653286,0.2101063829086879,0.5087355248562742,0.39413489790881423,0.0,3,0.47500334179919296,94
SNE_86607.jpg,1,,0,0,0,0,0,1,0,0.39999999992,0.2940277464745245,0.06536057427352002,0.16220534565251732,0.4046594503096054,0.05191886884529074,0.3556338026983567,0.6266855634169135,0.37629393106287623,0.004211665025070792,3,0.4111129763303446,71
SNE_86609.jpg,1,,0,0,0,0,0,1,0,0.19999999996,0.22351229020444752,0.05591253253434992,0.17601073749366472,0.36546452399892493,0.04478366977872835,0.27192982447076025,0.5332946499988225,0.4030231346946591,0.0,2,0.3950513053643074,57
SNE_86612.jpg,1,,0,0,0,0,0,1,0,0.59999999988,0.3479761935156567,0.4319518315080681,0.16389553883981944,0.4194979357539911,0.12406351596716658,0.027777777768518492,0.8563665316014255,0.4289492637837758,0.0,4,1.0343181139956676,45
SNE_86613.jpg,1,,0,0,0,0,0,1,0,0.19999999996,0.37756064548680024,0.34936908496792113,0.17805495928841653,0.4815301633176331,0.10993967566338023,0.04255319147517729,0.8407046695927589,0.4655456163754888,0.0,2,0.8939274447948351,47
SNE_86615.jpg,1,,0,0,0,0,0,1,0,0.39999999992,0.31743889655007296,0.4387511099419696,0.2008526169562297,0.5159847128658299,0.18169407252968292,0.03260869564130434,0.7913174754946708,0.4611185709765557,0.0,3,1.0458768873400994,46
SNE_86617.jpg,1,,0,0,0,0,0,1,0,0.39999999992,0.5336008398198204,0.7214743146699116,0.19205116544483383,0.40943812008351604,0.2331877015246222,0.1785714285119048,0.7992651928392701,0.5284403763060771,0.0,3,1.5265063356603241,42
SNE_86618.jpg,1,,0,0,0,0,0,1,0,0.39999999992,0.5087080896413738,0.0,0.1671182450339425,0.42998385416566204,0.02983045508330877,0.3130630629587087,0.6710169854038281,0.350189849690195,0.0,3,0.20754876774976125,111
SNE_86620.jpg,1,,0,0,0,0,0,1,0,0.19999999996,0.39027990553068515,0.15807242503979388,0.17598121345597628,0.20169755109221688,0.0779462715542584,0.10833333329722221,0.73674441975185,0.41742312361339695,0.0,2,0.568723122725722,60
SNE_86621.jpg,1,,0,0,0,0,0,1,0,0.19999999996,0.5130282433260903,0.11782875706232157,0.1969190011294369,0.4290644197572605,0.06813631907491503,0.08173076920352565,0.7816867233909345,0.43819669812861256,0.0,2,0.5003088871237754,52
SNE_86622.jpg,1,,0,0,0,0,0,1,0,0.19999999996,0.3859073374917543,0.16209044813664583,0.18233309458470293,0.4136897145122576,0.09604519772425245,0.1746031745449735,0.713208864325888,0.4256596321084018,0.0,2,0.5755537619943883,63
SNE_86623.jpg,1,,0,0,0,0,0,1,0,0.19999999996,0.32753858923568485,0.7536647587705886,0.1855297201589641,0.34137354167153033,0.276235184786854,0.1372549019150327,0.7107018800202942,0.5078196070136921,0.0,2,1.5812300906636654,51
SNE_86624.jpg,1,,0,0,0,0,0,1,0,0.79999999984,0.4205366908455132,0.4764185092525557,0.21222837915289072,0.30915448308655613,0.20308220339668825,0.022222222214814808,0.7495925435861813,0.46133853651167184,0.0,5,1.1099114662057632,45
SNE_86628.jpg,1,,0,0,0,0,0,1,0,0.39999999992,0.7730950006731334,0.6708940153254652,0.1407353507564113,0.42280022723268784,0.276206176826349,0.08666666663777778,0.7999593929337088,0.4734051138547715,0.0,3,1.440519826724185,75
SNE_86632.jpg,1,,0,0,0,0,0,1,0,0.39999999992,0.20698853371352233,0.19982404914861926,0.18938089709016578,0.3060016642562879,0.0755781363509159,0.25581395340310076,0.7144540283333234,0.40503346561663256,0.0,3,0.6397008837524768,43
SNE_86633.jpg,1,,0,0,0,0,0,1,0,0.39999999992,0.24558209781048218,0.00450535703303934,0.1479155591645264,0.5412534879314888,0.0702428990875698,0.31302520997969185,0.6828570876189407,0.37596749429324433,0.044767061057866195,3,0.3076591069606722,119
SNE_86634.jpg,1,,0,0,0,0,0,1,0,0.39999999992,0.30569643291983795,0.0,0.18384408682570966,0.42978956681396335,0.03245836341687144,0.2736486485574325,0.7320444509121176,0.389160439633968,0.032374959514730545,3,0.26946604911298305,74
SNE_86635.jpg,1,,0,0,0,0,0,1,0,0.0,0.20774359242148024,0.19572396025870645,0.1733883647326221,0.31666563025193295,0.0650508287717071,0.17021276590070925,0.7099599618341025,0.41853409555483617,0.0,1,0.6327307326355249,47
SNE_86637.jpg,1,,0,0,0,0,0,1,1,0.19999999996,0.21946395731380536,0.0,0.17193796021483634,0.29288296712245687,0.027512221925422957,0.4571428569904762,0.6936970936123203,0.3979140241240811,0.0,2,0.28623015009787744,70
SNE_86639.jpg,1,,0,0,0,0,0,1,0,0.0,0.1395823440915999,0.5354864834350118,0.17716457805972063,0.35508754327294567,0.105897273273669,0.0499999999833333,0.8524766965495427,0.47038567269391046,0.0,1,1.2103270223750067,35
SNE_86641.jpg,1,,0,0,0,0,0,1,0,0.19999999996,0.280243344810114,0.07403440039715145,0.17106787340775237,0.41867769701639435,0.060326414362061216,0.17803030297095962,0.660009397530515,0.4084868036871998,0.41893860003326716,2,0.42585848074919186,66
SNE_86642.jpg,1,,0,0,0,0,0,1,0,0.19999999996,0.25060017261505163,0.09234051037368479,0.13811465695488045,0.34739139216577775,0.08742636658519819,0.3529411763529411,0.6957712553897571,0.39569868457287616,0.21857552539245406,2,0.45697886772760465,102
SNE_86645.jpg,1,,0,0,0,0,0,1,0,0.19999999996,0.3133110449990426,0.9752237845922663,0.17118938385097987,0.46080437158047416,0.21910755140780602,0.18421052625438594,0.809199704070038,0.49003227960011664,0.0,2,1.9578804347820766,38
SNE_86647.jpg,1,,0,0,0,0,0,1,0,0.0,0.09837652060640195,1.0,0.1769985761790411,0.4617560614951988,0.22139914775496108,0.08870967738978494,0.8034362772706697,0.5055880948253012,0.0,1,2.1578770574396513,31
SNE_86649.jpg,1,,0,0,0,0,0,1,0,0.0,0.15438741354933455,0.36361990928828525,0.18699624318404312,0.3725758205279026,0.13360323883422937,0.005434782606884045,0.8004472444072405,0.47504696090367354,0.0,1,0.9181538461537049,46
SNE_86650.jpg,1,,0,0,0,0,0,1,1,0.0,0.060014562083335325,0.5921243407493909,0.1933996736803474,0.4405320732534666,0.2322894311774187,0.2819148935230496,0.6064625403282042,0.5357038797417143,0.0,1,1.306611379866089,47
SNE_86651.jpg,1,,0,0,0,0,0,1,0,0.19999999996,0.43692530554316644,0.0,0.16211334222526103,0.44928434528127725,0.07311843002833289,0.4154135336961153,0.5612726114153268,0.39816344548627897,0.0,2,0.27427873387704255,133
SNE_86652.jpg,1,,0,0,0,0,0,1,0,0.79999999984,0.6330988677380314,0.9044333270508961,0.1928785637041751,0.410719459099689,0.3718166382358626,0.09090909087878787,0.7430321292521405,0.5337636338310014,0.0,5,1.8375366568909568,55
SNE_86653.jpg,1,,0,0,0,0,0,1,0,0.39999999992,0.4306656655363773,0.4135258891543207,0.20167728556270612,0.4441521680585303,0.1744684006153926,0.0612244897755102,0.8047085850403158,0.5255014305376449,0.0,3,1.0029940119758711,49
SNE_86655.jpg,1,,0,0,0,0,0,1,0,0.59999999988,0.6605178241088425,0.017628536864641702,0.17336779467947613,0.5560253118104064,0.0680047962024488,0.2373737372946128,0.6232788191376764,0.3759156401713353,0.0,4,0.3299685126875194,99
SNE_86656.jpg,1,,0,0,0,0,0,1,0,0.19999999996,0.25382509645166945,0.5526960781061021,0.19357262046800744,0.43627712616769676,0.1655477980158569,0.05128205126495723,0.7662932659194605,0.44849153604374586,0.0,2,1.2395833333330697,39
SNE_86658.jpg,1,,0,0,0,0,0,1,0,0.19999999996,0.3056594124607944,0.4109915837743876,0.20848970494220062,0.44688322837525324,0.16971361933833526,0.044444444429629616,0.7735119248248399,0.521206150504668,0.0,2,0.9986856928274505,45
SNE_86659.jpg,1,,0,0,0,0,0,1,0,0.19999999996,0.40265814718335,0.23288055058926607,0.1828908507677961,0.36408720371423975,0.10690985337273409,0.20982142850148813,0.5955035981713876,0.414105759972522,0.0,2,0.6958969362346329,56
SNE_86660.jpg,1,,0,0,0,0,0,1,0,0.19999999996,0.26543020797373196,0.0,0.15424888362941788,0.48583374147356395,0.04213548616443571,0.5050675673992117,0.5316672653279031,0.39572568697218413,0.131558711565262,2,0.205338459292418,148
SNE_86663.jpg,1,,0,0,0,0,0,1,0,0.19999999996,0.18798036173063143,0.0,0.20767799449896718,0.5230609131956281,0.031884457183742276,0.4351851850401234,0.6293476518583925,0.3717598654459789,0.2552872572123104,2,0.21593116847071028,81
SNE_86666.jpg,1,,0,0,0,0,0,1,1,0.19999999996,0.23704583374257177,1.0,0.19624069962101554,0.500888133441925,0.2899169822099006,0.2794117646127451,0.704780052395791,0.5296779774320357,0.0,2,2.175344563552,34
SNE_86669.jpg,1,,0,0,0,0,0,1,0,0.19999999996,0.30899127060090176,0.014187900484244098,0.14224191911500986,0.3816109437503423,0.05069999467460713,0.3118811880148515,0.5174399066596411,0.3746561771430239,0.040116112779268236,2,0.32411943083740286,101
SNE_86672.jpg,1,,0,0,0,0,0,1,1,0.19999999996,0.417527914204611,0.5078389561792388,0.19349303578525845,0.35267967280498147,0.16058803720763382,0.03947368419736843,0.8127569779337551,0.5131235652997974,0.0,2,1.163326226012545,38
SNE_86675.jpg,1,,0,1,0,0,0,1,0,0.0,0.09823447958951753,0.15717497180710543,0.167025926861991,0.4218554022992246,0.041652698616941916,0.37222222209814815,0.7113746541431725,0.3944004320953309,0.0,1,0.5671974522292542,45
SNE_86676.jpg,1,,0,0,0,0,0,1,0,0.19999999996,0.2740131194928501,0.0,0.1551438506733366,0.49064455002691687,0.03833658219241482,0.40848214272098204,0.711880878422984,0.37547455880475433,0.11769547168175017,2,0.2476234567901158,112
SNE_86679.jpg,1,,0,0,0,0,0,1,0,0.19999999996,0.28643858526957017,0.006386079748717019,0.19094942250054509,0.37220118762752363,0.028872441912472523,0.20614035080847953,0.7259713806211704,0.3843554814857394,0.0340360786594164,2,0.310856335579205,57
SNE_86680.jpg,1,,0,0,0,0,0,1,0,0.59999999988,0.5336577462240022,0.19255706443713677,0.15987027566336715,0.3661088823810581,0.08919552007902165,0.08064516126344086,0.8343469916049686,0.4093918230434092,0.0,4,0.6273470097356896,62
SNE_86683.jpg,1,,0,0,0,0,0,1,0,0.59999999988,0.2879694598493573,0.04455144887192029,0.20855363153309125,0.4056906535637633,0.08903896909138555,0.2294520547180365,0.5484617379935562,0.4308180008031883,0.17423795244573773,4,0.37573746312681594,73
SNE_86685.jpg,1,,0,0,0,0,0,1,0,0.59999999988,0.3435192355484415,0.4777291476258041,0.18639462822369257,0.41729820391053274,0.11131513365472193,0.0499999999833333,0.7755535978505214,0.46825703250028916,0.0,4,1.1121395514415962,35
SNE_86687.jpg,1,,0,0,0,0,0,1,0,0.19999999996,0.2817374612502339,0.3080183080065713,0.1825213978179206,0.4187480300457649,0.11800394354882793,0.03888888887592593,0.8232139548501358,0.44340482384243185,0.0,2,0.8236311239191896,45
SNE_86688.jpg,1,,0,0,0,0,0,1,0,0.39999999992,0.30184321089214694,1.0,0.19116855414519757,0.4402881213274182,0.30520899810026875,0.18243243237162163,0.7956799283149835,0.531710817374622,0.0,3,2.1345093715537913,37
SNE_86689.jpg,1,,0,0,0,0,0,1,0,0.19999999996,0.2894219577440909,0.3125219219486628,0.22317409292387663,0.41791710890036626,0.1688973397636049,0.27083333324305553,0.5970310920154424,0.5278525610569629,0.0,2,0.8312872676252487,48
SNE_86691.jpg,1,,0,0,0,0,0,1,0,0.19999999996,0.30652231435832245,0.0542440706735581,0.20817532039871006,0.2933402571881716,0.03098904189087759,0.3636363635151515,0.7111606985943246,0.37304171616926735,0.0,2,0.3922149201992928,44
SNE_86693.jpg,1,,0,0,0,0,0,1,0,0.0,0.17298362492125596,0.4540585462283289,0.17125018932028532,0.38066283692522607,0.22002809215994942,0.21212121205050508,0.8337313488919571,0.5276328002219389,0.0,1,1.0718995290422177,66
SNE_86696.jpg,1,,0,0,0,0,0,1,0,0.19999999996,0.33175937337203354,0.6140075744995506,0.21084834197559768,0.46208393427748284,0.18564015666504002,0.25694444435879626,0.7268582917691175,0.5391834887440694,0.0,2,1.3438128772632436,36
SNE_86699.jpg,1,,0,0,0,0,0,1,0,0.59999999988,0.43740477264897004,1.0,0.2173962732060939,0.3131565701302068,0.2723884638812051,0.12083333329305557,0.588717792349465,0.5387143232610365,0.0,4,2.058871963770675,60
SNE_86704.jpg,1,,0,0,0,0,0,1,0,0.39999999992,0.7252795076584293,0.0,0.15353209661777226,0.20793521774773516,0.041720759639096626,0.29887218035150376,0.501415092679623,0.3700176603713649,0.0,3,0.20186008896077096,133
SNE_9912104.jpg,1,,1,0,0,0,0,0,0,0.39999999992,0.5076876477321468,0.0,0.18711372128384166,0.418908549559015,0.08136169850555637,0.2728658535675813,0.83836546312223,0.3724337304488458,0.0,3,0.16992145052624516,164
SNE_9912106.jpg,1,,1,0,0,0,0,0,0,0.59999999988,0.6842066291268603,0.0,0.17868033809143363,0.3761857301680014,0.10874509698819203,0.3029411763696079,0.8541427159668145,0.3926805181411684,0.0,4,0.21766106341533015,170
SNE_9912108.jpg,1,,1,0,0,0,0,0,0,0.79999999984,0.8112593728433777,0.0,0.17122383572664432,0.3975436921750232,0.09170264662770396,0.22129186595494418,0.8375899536942502,0.36719869454981796,0.0,5,0.17157403033642546,209
SNE_9912110.jpg,1,,1,0,0,0,0,0,0,0.79999999984,0.9307858677045782,0.0,0.18850992661680138,0.3335620243568147,0.136597009176304,0.20634920628042328,0.7860994605756397,0.39164598447022375,0.0,5,0.22667782681478363,189
SNE_9912112.jpg,1,,1,0,0,0,0,0,0,0.59999999988,0.32845049834914236,0.15054543656819658,0.19311523883242504,0.2864525182835515,0.20871067483541617,0.17631578941491227,0.8226715332967665,0.509617328009724,0.0,4,0.5559272423164796,95
SNE_9912113.jpg,1,,1,0,0,0,0,0,0,0.59999999988,0.43473149415740947,0.0,0.1911358813189996,0.2843858172553223,0.14667979355828395,0.24496644287136465,0.7997091028088599,0.46041751939286407,0.0,4,0.2882122706246994,149
SNE_9912116.jpg,1,,1,0,0,0,0,0,0,0.79999999984,0.6084248039738143,0.0,0.1760783332450871,0.40318748278066935,0.13176579248339454,0.279867256543879,0.8241697478605974,0.4091619439413578,0.0,5,0.20134561126096173,226
SNE_9912117.jpg,1,,1,0,0,0,0,0,0,0.59999999988,0.7649444901862941,0.0,0.19627233674995612,0.38642810776337655,0.05177178652141647,0.26286764697120096,0.7984112915036709,0.36064840883414745,0.06013224346116578,4,0.1637689614935775,136
SNE_9912132.jpg,1,,1,0,0,0,0,0,0,0.59999999988,0.9458213096851169,0.12253225660194018,0.17365647296879255,0.25040521921872283,0.2001988360971846,0.1567796609646893,0.8374121812909479,0.4371007307238097,0.0,4,0.5083048363458306,118
SNE_9912134.jpg,1,,1,0,0,0,0,0,0,0.9999999998,0.8637419481984479,0.0,0.16495397954773436,0.2850245547979069,0.07589671163579785,0.280882352847549,0.6354969544079956,0.410145743494035,0.0,6,0.19648346596948327,170
SNE_9912137.jpg,1,,1,0,0,0,0,0,0,0.39999999992,0.8940619441716808,0.21257252608960453,0.18150822370648578,0.22074620322585986,0.2946356048457581,0.1292372880925141,0.7863771897794518,0.5094673323195706,0.0,3,0.6613732945649002,118
SNE_9912138.jpg,1,,1,0,0,0,0,0,0,0.59999999988,0.8956134730542453,0.0,0.17852144868475933,0.3609597554502829,0.12099837221005698,0.264322916578559,0.8450617789255476,0.4024777958470518,0.0,4,0.22034364261167627,192
SNE_9912140.jpg,1,,1,0,0,0,0,0,0,0.79999999984,0.901212229863624,0.0,0.1822869738232301,0.29098415217134255,0.1206724195038955,0.16158536579979677,0.785401251636241,0.38161676942711326,0.0,5,0.24370557764123826,164
SNE_9912143.jpg,1,,1,0,0,0,0,0,0,0.59999999988,0.74991476195844,0.0,0.18248449301919253,0.27253011460165677,0.10054907713155871,0.20246478866490608,0.8268598009370128,0.37054490488698727,0.0,4,0.2302930928468854,142
SNE_9912144.jpg,1,,1,0,0,0,0,0,0,0.19999999996,0.3342471676097915,0.013420537234763608,0.17170684765781571,0.38556290307443897,0.1411736521652015,0.1874999999375,0.8648915645236988,0.3973234642501016,0.0,2,0.32281491331251866,144
SNE_9912145.jpg,1,,1,0,0,0,0,0,0,0.39999999992,0.6496634098227538,0.0,0.1829048799229553,0.30429915430989607,0.17417216631385612,0.18641618490895956,0.8032991398907174,0.43784078636299273,0.0,3,0.2969162556668013,173
SNE_9912148.jpg,1,,1,0,0,0,0,0,0,0.39999999992,0.4887192346208553,0.0,0.1900814939936829,0.3133909115048951,0.10193987169838117,0.25510204073129256,0.7677268617552867,0.4042683290931583,0.0,3,0.1718361353351862,196
SNE_9912149.jpg,1,,1,0,0,0,0,0,0,0.19999999996,0.4527825801010342,0.0,0.19731041075745734,0.3112798324663639,0.06229225306738655,0.2692307691410256,0.7807978364550971,0.36597978773474343,0.03993550067687541,2,0.18167159365761282,130
SNE_9912151.jpg,1,,1,0,0,0,0,0,0,0.59999999988,0.5953854012892154,0.0,0.17819309149812526,0.38663849255929894,0.11073317233910049,0.3195364237345475,0.8086677057310195,0.4083640398004334,0.0,4,0.2478210820588617,151
SNE_9912153.jpg,1,,1,0,0,0,0,0,0,0.39999999992,0.5995569046558702,0.0,0.18287266248986078,0.38382941712829266,0.11214500338343876,0.2617647057950981,0.7554049843925817,0.391924447370241,0.0,3,0.2190423572743934,170
SNE_9912154.jpg,1,,1,0,0,0,0,0,0,0.19999999996,0.3774877826375035,0.0,0.20740278435687245,0.4756596761656356,0.0799925038504518,0.372282608571558,0.7690272967454069,0.3848999450888065,0.0,2,0.13900301287318165,184
SNE_9912155.jpg,1,,1,0,0,0,0,0,0,0.59999999988,0.7559632423215099,0.0,0.18428960195103417,0.36366404735429,0.07873735685047838,0.2585034012743764,0.8297288731416236,0.3774957816588156,0.018910811262325272,4,0.20718579142186955,147
SNE_9912159.jpg,1,,1,0,0,0,0,0,0,0.59999999988,0.5652604229470802,0.19557118107820387,0.17058396737949344,0.23567492910117296,0.2009014507557415,0.21990740733410497,0.822528779623044,0.4199840066208372,0.014808206760626753,4,0.6324710080285177,216
SNE_9912163.jpg,1,,1,0,0,0,0,0,0,0.39999999992,0.8647504161290581,0.0,0.19629178493068933,0.12413729100892759,0.06821259642424365,0.2758152172993659,0.7541866722558659,0.3807884550040127,0.0,3,0.14173051486185975,184
SNE_9912164.jpg,1,,1,0,0,0,0,0,0,0.59999999988,0.6932485318065069,0.0,0.1736980145101321,0.19495436570787106,0.09063833450573021,0.31773399004187186,0.692721488825797,0.38254899713417223,0.0,4,0.1782122455547462,203
SNE_9912167.jpg,1,,1,0,0,0,0,0,0,0.39999999992,0.9377643681516702,0.0,0.20085425683235617,0.27739354517407455,0.14435240560594245,0.14516129027419356,0.7758592865526588,0.39508853132163696,0.0,3,0.25223354421209,155
SNE_9912170.jpg,1,,1,0,0,0,0,0,0,0.39999999992,0.7971727073652268,0.0,0.1887246204682567,0.40973440047738685,0.0743057445964611,0.29518072279317265,0.8215256018462154,0.38571273589170524,0.0,3,0.17757308072295644,166
SNE_9912172.jpg,1,,1,0,0,0,0,0,0,0.59999999988,0.7018301550117226,0.06297717719143839,0.17304823595039565,0.29313540918665204,0.20831574291334512,0.21656050948195332,0.7721266813318375,0.4913384262666081,0.0,4,0.40706120128842244,157
SNE_9912173.jpg,1,,1,0,0,0,0,0,0,0.39999999992,0.7136541705972607,0.0,0.16787030902604813,0.1229090132828914,0.13346498298063614,0.2215025905997409,0.7803466999234545,0.3867707957711763,0.0,3,0.26216473691923414,193
SNE_9912175.jpg,1,,1,0,0,0,0,0,0,0.59999999988,0.6154865992257256,0.0,0.17015721501622005,0.3253902188876202,0.07026713785415416,0.18377483437582784,0.7756896470431143,0.3703263655080665,0.0,4,0.19104320663099028,151
SNE_9912177.jpg,1,,1,0,0,0,0,0,0,0.59999999988,0.7523742652495141,0.0,0.16246246510550105,0.13698211946431804,0.058708914193416166,0.20312499993229166,0.7732177038224843,0.35147356655213524,0.11197296750951928,4,0.19585720581753502,144
SNE_9912180.jpg,1,,1,0,0,0,0,0,0,0.59999999988,0.5248927626065729,0.0,0.1915452869921254,0.4118758224136402,0.15118535637554512,0.24521531092304627,0.7136229889852662,0.4538263080452374,0.0,4,0.21934408004446102,209
SNE_9912183.jpg,1,,1,0,0,0,0,0,0,0.59999999988,0.5963032582083361,0.06282175572551203,0.1860956597688789,0.4542700949715195,0.1978508939826789,0.17953020128243843,0.7703831771445494,0.4133631264858237,0.0,4,0.4067969847961922,149
SNE_9912184.jpg,1,,1,0,0,0,0,0,0,0.9999999998,0.8000112251143634,0.0,0.17823939057853944,0.41653590584592526,0.1331187656359307,0.22546728964447038,0.7903602125159497,0.3836906047240934,0.0,6,0.2118873276601289,214
SNE_9912185.jpg,1,,1,0,0,0,0,0,0,0.59999999988,1.0,0.0,0.1871822076680385,0.22262489079816317,0.12459667539732244,0.2732843136343954,0.7548601148354437,0.4172760830107117,0.0,4,0.20164405268891084,204
SNE_9912186.jpg,1,,1,0,0,0,0,0,0,0.59999999988,0.9353521514795955,0.0,0.1804866895671207,0.3815743349433132,0.1829360167149832,0.20165094332900943,0.7820311062828178,0.46466814282147034,0.0,4,0.2914748976058653,212
SNE_9912187.jpg,1,,1,0,0,0,0,0,0,0.39999999992,0.48997980801546315,0.0,0.18277694983205967,0.26289275502655385,0.0961560471470797,0.28846153836538463,0.825045834961807,0.4122766359203458,0.0,3,0.18676607642124304,182
SNE_9912188.jpg,1,,1,0,0,0,0,0,0,0.59999999988,0.5610309181824801,0.01968759843636741,0.21448938201943582,0.2995374440257341,0.1757204685297528,0.2246093749251302,0.8220271463138327,0.5300339594662098,0.0,4,0.3334689173615122,128
SNE_9912190.jpg,1,,1,0,0,0,0,0,0,0.59999999988,0.8282419292586981,0.0,0.17557271160529148,0.3030523202225337,0.1098115659431972,0.19040697668071704,0.8561658465036885,0.37618125529828383,0.0,4,0.23693654895204433,172
SNE_9912194.jpg,1,,1,0,0,0,0,0,0,0.59999999988,0.9989114646453192,0.0,0.1901367960950502,0.27617414967584286,0.05597560762615243,0.1898148147515432,0.7986100210340535,0.3672622277733188,0.016554148506761707,4,0.15644664102106448,162
SNE_9912196.jpg,1,,1,0,0,0,0,0,0,0.79999999984,0.7237026105254644,0.010479424538317884,0.1913923030456178,0.3703581550809932,0.17333681813091772,0.19578313246485943,0.8548627534296899,0.43055048463193635,0.0,5,0.3178150217256198,166
SNE_9912198.jpg,1,,1,0,0,0,0,0,0,0.39999999992,0.5526009894923329,0.0,0.19260619973137721,0.3980464259676586,0.07045237749321372,0.19791666660069443,0.8315238097651307,0.36864655786291267,0.028361962185754833,3,0.16537208719618685,168
SNE_9912200.jpg,1,,1,0,0,0,0,0,0,1.0,0.8892619084563689,0.0,0.17375149736142495,0.433655349021113,0.10833120612372076,0.2941919190938552,0.7986898089143556,0.39988135782403406,0.0,7,0.2170152296808805,198
SNE_9912203.jpg,1,,1,0,0,0,0,0,0,0.59999999988,0.6484288058767707,0.0,0.18513152936493268,0.3402620175895633,0.09201548221409951,0.15948275856752872,0.7921710270594865,0.3732079042181436,0.0,4,0.2841167551174998,116
SNE_9912204.jpg,1,,1,0,0,0,0,0,0,0.59999999988,0.6047578683100371,0.0,0.20989556089769318,0.3551509391126967,0.11036760604715999,0.279605263064693,0.8169449956436311,0.4393877149995356,0.0,4,0.2163406682966497,152
SNE_9912208.jpg,1,,1,0,0,0,0,0,0,0.39999999992,0.8838258284138378,0.009220382480025453,0.1837471187046787,0.3473204896386979,0.18450382535239393,0.22105263150526316,0.8052088992011128,0.4475970155832428,0.0,3,0.31567465022526364,190
SNE_9912209.jpg,1,,1,0,0,0,0,0,0,0.39999999992,0.7574115461086501,0.04322523416533077,0.1913669891720298,0.3120125910751999,0.14416419863818913,0.2090163933729508,0.7672114046662493,0.4089197561351685,0.0,3,0.37348289812428753,122
SNE_9912210.jpg,1,,1,0,0,0,0,0,0,0.79999999984,0.8469337281138725,0.0,0.18401721985242914,0.2506188154644411,0.11416680194011795,0.3021390373324421,0.8598921318280188,0.40071212361466657,0.0,5,0.20997864623935836,187
SNE_9912212.jpg,1,,1,0,0,0,0,0,0,0.59999999988,0.6376078938957851,0.0,0.21063969318899037,0.3322501796603333,0.19097530199540635,0.3333333332222222,0.0,0.5957749188949784,0.0,4,0.20990584698155668,234
SNE_9912213.jpg,1,,1,0,0,0,0,0,0,0.59999999988,0.6272965333280851,0.0,0.1841384277271694,0.3220381300444731,0.22553052439625415,0.28438661700557616,0.0,0.5997797524845891,0.0,4,0.24472474360484714,269
SNE_9912216.jpg,1,,1,0,0,0,0,0,0,0.79999999984,0.7374030719994362,0.0,0.1823210245271765,0.19570617779375737,0.09815547030938856,0.263071895337146,0.7120772824386057,0.3793534895984363,0.0,5,0.2585199610515969,153
SNE_9912218.jpg,1,,1,0,0,0,0,0,0,0.59999999988,0.6579405417200035,0.0,0.1810738913469587,0.3224784789000382,0.10836602071596069,0.24696969688737375,0.8366700631953607,0.39268761375774786,0.0,4,0.23437152391545293,165
SNE_9912219.jpg,1,,1,0,0,0,0,0,0,0.9999999998,0.6078876503546997,0.0,0.18643395636256818,0.4773517661007728,0.10222669071041691,0.30653266321440537,0.7973037006717587,0.3953782078051093,0.0,6,0.1811514918532046,199
SNE_9912223.jpg,1,,1,0,0,0,0,0,0,0.19999999996,0.5521513309552117,0.017780394853723295,0.19780298038520977,0.46408906691830676,0.1926312155759008,0.2299382715282922,0.6730166891586402,0.49000454397269794,0.0,2,0.33022667126911,162
SNE_9912224.jpg,1,,1,0,0,0,0,0,0,0.59999999988,1.0,0.0,0.19482806594321128,0.2775116966532939,0.16205638034711803,0.25274725266300363,0.8246817202241432,0.4365468675464097,0.0,4,0.2600744094311596,182
SNE_9912225.jpg,1,,1,0,0,0,0,0,0,0.59999999988,0.9063157192786375,0.0,0.20203641520325147,0.2707948777169294,0.14374526820892652,0.25822368412445174,0.7172044018915151,0.43578135780687965,0.0,4,0.252098777554114,152
SNE_9912227.jpg,1,,1,0,0,0,0,0,0,0.59999999988,0.7416163720058225,0.06853158267666502,0.17345594320411192,0.30246506212217655,0.22462139195253147,0.1886227544281437,0.8261188408899598,0.4365936065809218,0.0,4,0.4165036906188621,167
SNE_9912228.jpg,1,,1,0,0,0,0,0,0,0.59999999988,0.891118004911982,0.0,0.17130935711856685,0.29453229835174227,0.08469861706938524,0.2563694266661359,0.8384628366071878,0.386445774634538,0.0,4,0.21715140435432218,157
SNE_9912229.jpg,1,,1,0,0,0,0,0,0,0.59999999988,0.7716675370830953,0.0,0.1777176948402399,0.3267053938432405,0.06828505872891062,0.18672839499948557,0.8444282488531749,0.3645876651592772,0.0,4,0.1779788410811987,162
SNE_9912230.jpg,1,,1,0,0,0,0,0,0,0.39999999992,0.46894410926742197,0.0,0.19507391176598848,0.3941967376968304,0.0812910137868017,0.1716417909875622,0.8201241439915847,0.4017407789658566,0.0,3,0.21438608484295263,134
SNE_9912231.jpg,1,,1,0,0,0,0,0,0,0.59999999988,0.8434726084543549,0.0,0.1886279298141154,0.23685798699114896,0.1294846111705499,0.24683544295569618,0.8013446370511547,0.41430369267943334,0.0,4,0.25066795146948223,158
SNE_9912232.jpg,1,,1,0,0,0,0,0,0,0.39999999992,0.8108781467212551,0.0,0.19365846580731763,0.2627002146590726,0.11331828720428543,0.23837209294379844,0.725524019152423,0.4139493308772041,0.0,3,0.16914999706692765,215
SNE_9912233.jpg,1,,1,0,0,0,0,0,0,0.79999999984,0.6409948377506449,0.0,0.17307571904138788,0.37830651878541055,0.09235635151983768,0.30960264890342165,0.7994590788993119,0.385063736692342,0.0,5,0.24931586820884266,151
SNE_9912236.jpg,1,,1,0,0,0,0,0,0,0.79999999984,0.8200381457274486,0.0,0.18196298148532097,0.38228865099177306,0.08960214102626302,0.3150224214196562,0.7923607286963008,0.4013974259379587,0.0,5,0.16071644974429433,223
SNE_9912238.jpg,1,,1,0,0,0,0,0,0,0.59999999988,0.8893345207141266,0.0,0.201846195631834,0.3390152889651514,0.18816000474987532,0.21134020611512025,0.7630458705819688,0.4860812378369577,0.0,4,0.27327610602772034,194
SNE_9912244.jpg,1,,1,0,0,0,0,0,0,0.79999999984,0.8794063778093049,0.0,0.16776641764515343,0.34665553170256636,0.1179656605377703,0.23770491795355192,0.7970921996261197,0.37263666622785413,0.0,5,0.24241028729320052,183
SNE_9912246.jpg,1,,1,0,0,0,0,0,0,0.39999999992,0.7036530181588182,0.0,0.17982402279961388,0.2399874929173303,0.09244718587444709,0.2769953050719875,0.733888717265542,0.3807276993082668,0.0,3,0.17336163163888155,213
SNE_9912247.jpg,1,,1,0,0,0,0,0,0,0.79999999984,0.6997175073347496,0.0,0.20003796185539613,0.36870742289230973,0.09349237672102019,0.2694174756383495,0.772718966444038,0.3582862222828605,0.0,5,0.14768592145340448,206
SNE_9912248.jpg,1,,1,0,0,0,0,0,0,0.59999999988,0.610139835089465,0.1453055220146217,0.18674126604394678,0.49482284083983663,0.2763753921487662,0.20289855065700485,0.7304089355913845,0.5140719611634388,0.0,4,0.5470193875701624,138
SNE_9912250.jpg,1,,1,0,0,0,0,0,0,0.59999999988,0.908372197818792,0.0,0.18183885323359983,0.24292309453691538,0.05441613484274767,0.27095808374201596,0.8417456177475862,0.3572895306493378,0.0,4,0.1441759633653202,167
SNE_9912252.jpg,1,,1,0,0,0,0,0,0,0.59999999988,0.6902408429400335,0.16100412682568854,0.18389261111162877,0.4272192632838363,0.34039487023181947,0.19598765425565845,0.7703583085987201,0.5279889753145066,0.0,4,0.5737070157646746,162
SNE_9912253.jpg,1,,1,0,0,0,0,0,0,0.39999999992,0.7677230938406276,0.0,0.19506152369035645,0.2175226755952545,0.10450166600653787,0.24839743581463675,0.8664305840023633,0.3795736588393677,0.0,3,0.19937992804102428,156
SNE_9912255.jpg,1,,1,0,0,0,0,0,0,0.19999999996,0.5123573006459681,0.0,0.17372674281755152,0.25960730013077327,0.15464318632103405,0.2583798881820298,0.8087441713522439,0.4323234744591348,0.0,2,0.2762474698582999,179
SNE_9912256.jpg,1,,1,0,0,0,0,0,0,0.39999999992,0.5167327521851173,0.0,0.18196250689538615,0.2936908526895401,0.09463988251462802,0.34928229653429027,0.7827594514798104,0.396627331880042,0.0,3,0.15918706153269002,209
SNE_9912257.jpg,1,,1,0,0,0,0,0,0,0.59999999988,0.6965540808642646,0.04716424059269614,0.18786062800094572,0.2664388124356053,0.1477109535776115,0.2566371680560472,0.8093989278562478,0.41179680696525417,0.0,4,0.38017920905474767,113
SNE_9912259.jpg,1,,1,0,0,0,0,0,0,0.39999999992,0.5724213820260544,0.0,0.19168135966385033,0.4635521416177264,0.05151322398210502,0.1615384614846154,0.7537595674682686,0.35881175829621026,0.0,3,0.1723340132119647,130
SNE_9912260.jpg,1,,1,0,0,0,0,0,0,0.39999999992,0.7507831049504714,0.0858350950869073,0.19857873693530748,0.29113523182043377,0.26115500163566924,0.2092198580862884,0.8079935506182353,0.49992400116174635,0.0,3,0.4459196617335775,141
SNE_9912262.jpg,1,,1,0,0,0,0,0,0,0.59999999988,0.9034924419236342,0.3096434055216364,0.18795141822250439,0.37806636938063753,0.34108383160354433,0.1438679244803459,0.7435906749556866,0.488419744895023,0.0,4,0.8263937896964253,106
SNE_9912263.jpg,1,,1,0,0,0,0,0,0,0.79999999984,0.8404377871673387,0.0,0.1735576713407472,0.3308664120249343,0.0921121557095254,0.19940476183829367,0.7902049391101589,0.36494427336959545,0.0,5,0.206783656364582,168
SNE_9912264.jpg,1,,1,0,0,0,0,0,0,0.59999999988,0.2961897074320763,0.0,0.16730991245726343,0.5042519290864229,0.13699194273334211,0.22546012262423312,0.8164531879256506,0.4108936934426346,0.0,4,0.2994120507492905,163
SNE_9912265.jpg,1,,1,0,0,0,0,0,0,0.59999999988,0.7992423977096277,0.0048226887567473726,0.20143410998096817,0.3131768698250646,0.16345018241454246,0.2022900762684478,0.7880004027337555,0.41640221260421384,0.0,4,0.3081985708912932,131
SNE_9912266.jpg,1,,1,0,0,0,0,0,0,0.59999999988,0.7050448707329718,0.0,0.18226328664589342,0.2853662090474578,0.13192581053460709,0.1826241134143026,0.7486152972393372,0.38650473707017174,0.02816878019309264,4,0.28346182541654896,141
SNE_9912269.jpg,1,,1,0,0,0,0,0,0,0.39999999992,0.4959110317808405,0.0,0.19082643495765436,0.3047191777319188,0.10501825071033372,0.2906976743217054,0.8455750724240827,0.3883539257957432,0.0,3,0.15391902811445976,215
SNE_9912273.jpg,1,,1,0,0,0,0,0,0,0.39999999992,0.3825934015454997,0.0,0.19284284438909044,0.4023217634170364,0.08923251524250012,0.24456521730978262,0.785978763165073,0.4023523833687108,0.0,3,0.21219578889799554,138
SNE_9912275.jpg,1,,1,0,0,0,0,0,0,0.79999999984,0.781608410000512,0.0,0.19271931726009697,0.2747939961801754,0.04116793798204591,0.28869047609424603,0.7610360683532892,0.3475212471347348,0.006601178138137101,5,0.12704474571955685,168
SNE_9912281.jpg,1,,1,0,0,0,0,0,0,0.59999999988,0.4181382898188233,0.0,0.19570176338392015,0.45314171056809605,0.0880945679620332,0.21398305077612992,0.7633904894302481,0.3678966670801388,0.0,4,0.2564578990301706,118
SNE_9912284.jpg,1,,1,0,0,0,0,0,0,0.59999999988,0.931580157742548,0.0,0.19707130451905908,0.27119826467152913,0.07894736841527904,0.2612359549691011,0.7398152591125358,0.3616730365210473,0.0,4,0.15980337078651238,178
SNE_9912285.jpg,1,,1,0,0,0,0,0,0,0.79999999984,0.6044427848456845,0.0,0.203590330438915,0.34580802320163384,0.10725414359780908,0.2572992699872263,0.7054710234730666,0.4001578534737855,0.0,5,0.23916803405914944,137
SNE_9912287.jpg,1,,1,0,0,0,0,0,0,0.39999999992,0.5695997443746666,0.0,0.20094383089903595,0.3000056857469367,0.05152295106487004,0.289548022502354,0.7871920740275965,0.3609459638075217,0.0,3,0.12403568793184133,177
SNE_9912288.jpg,1,,1,0,0,0,0,0,0,0.59999999988,0.8776200331773245,0.010811128981582848,0.19891741738687846,0.3354170057141169,0.13901665436345978,0.27099236632188295,0.6711501003997913,0.4469313516748377,0.0,4,0.31837891927950196,131
SNE_9912290.jpg,1,,1,0,0,0,0,0,0,0.39999999992,0.5513800876549618,0.0,0.19320222625814135,0.4131005225933233,0.11117831516170792,0.20879120872161172,0.7559769736790354,0.37802663554915467,0.0,3,0.21909843354537864,182
SNE_9912292.jpg,1,,1,0,0,0,0,0,0,0.39999999992,0.743385764744634,0.0,0.1999025432582853,0.4975668367470791,0.11035604165462869,0.3073529410740196,0.674043396404675,0.40097306666643995,0.0,3,0.20937773243951438,170
SNE_9912295.jpg,1,,1,0,0,0,0,0,0,0.39999999992,0.570123723473958,0.0,0.20542688473237872,0.3588361504763449,0.09924514748918083,0.2596685082007366,0.8035224694004564,0.40352804998756014,0.013260208568385237,3,0.17661501179771136,181
SNE_9912296.jpg,1,,1,0,0,0,0,0,0,0.79999999984,0.791425551062635,0.0,0.21120962240513866,0.39631775203641484,0.07574610328163114,0.3264331209102972,0.6877845411579515,0.3794292833948077,0.0,5,0.16014666128079544,157
SNE_9912298.jpg,1,,1,0,0,0,0,0,0,0.39999999992,0.6597361279574712,0.0,0.18382814808396974,0.32541914124141463,0.14900191419492348,0.2272727271969697,0.8705062651517521,0.40364904016188724,0.0,3,0.29772625503754924,154
SNE_9912300.jpg,1,,1,0,0,0,0,0,0,0.59999999988,0.8381695033176183,0.0,0.1851129484781064,0.07385251167124866,0.08078692659639965,0.15340909085795454,0.8105871328967871,0.37301667042360676,0.0,4,0.22987402058687087,132
SNE_9912301.jpg,1,,1,0,0,0,0,0,0,0.59999999988,0.8407459016294367,0.0,0.19215557570286795,0.3322585394132025,0.15233299540396958,0.21959459452139637,0.8375054159313077,0.4123629004157016,0.0,4,0.2973897484475162,148
SNE_9912303.jpg,1,,1,0,0,0,0,0,0,0.59999999988,0.814406778875,0.0,0.20334321370315092,0.2506054306100709,0.10180116558530614,0.2245145630319579,0.8175184060806129,0.37476469754106795,0.0,4,0.14887616443038634,206
SNE_9912306.jpg,1,,1,0,0,0,0,0,0,0.39999999992,0.9038461042270598,0.0,0.20636559259436327,0.2384976027513545,0.0810182057384356,0.28846153836538463,0.6528754587074723,0.3900214020398087,0.0,3,0.1571324924656726,182
SNE_9912308.jpg,1,,1,0,0,0,0,0,0,0.79999999984,0.7272245147953318,0.059827513656511726,0.2123014095178946,0.37604756138034445,0.20633828745549018,0.1503906249498698,0.7376172365638739,0.4251794081846008,0.0,5,0.40170677327589743,128
SNE_9912309.jpg,1,,1,0,0,0,0,0,0,0.39999999992,0.7765632047861712,0.13205258300192424,0.20943497140122688,0.30072998214346636,0.25524698118738376,0.2351694914470339,0.7201198536511264,0.5327129063843873,0.0,3,0.5244893912353238,118
SNE_9912310.jpg,1,,1,0,0,0,0,0,0,0.59999999988,0.9484515530175481,0.0,0.1991120661113106,0.2475128248709307,0.1380982147565782,0.229032257988172,0.6030161133952814,0.4342372419731007,0.0,4,0.26334985504534447,155
SNE_9912311.jpg,1,,1,0,0,0,0,0,0,0.79999999984,0.7410692049023122,0.0,0.20620348412036463,0.30193269481447227,0.07693587370256197,0.2654320986769547,0.746122608699812,0.3899527482898329,0.0,5,0.16168738412910186,162
SNE_9912314.jpg,1,,1,0,0,0,0,0,0,0.59999999988,0.5921577607852526,0.0,0.18362756826555612,0.3400980034441898,0.14204383223862244,0.21388888881759258,0.8168392180310835,0.3950837035150952,0.0,4,0.26006904487916077,180
SNE_9912315.jpg,1,,1,0,0,0,0,0,0,0.59999999988,0.4938915132502399,0.0,0.20018389119214283,0.2902851795173633,0.13024654956282863,0.18707482986961452,0.7563356619481426,0.40137413654041726,0.0,4,0.27674561527914354,147
SNE_9912316.jpg,1,,1,0,0,0,0,0,0,0.39999999992,0.6788354999544791,0.0,0.19105986106419426,0.08898101509074585,0.09243165542676529,0.2518939393099747,0.7686655998084543,0.3843238143959495,0.0,3,0.263050196274941,132
SNE_9912317.jpg,1,,1,0,0,0,0,0,0,0.39999999992,0.8819331328594093,0.022960599320555268,0.20308951870111508,0.2786695637214543,0.1785625620472105,0.18959731537304247,0.7536049261585823,0.4489741465428424,0.0,3,0.33903301886790455,149
SNE_9912319.jpg,1,,1,0,0,0,0,0,0,0.79999999984,0.9082187847755583,0.0,0.2059806903582097,0.32092006599915446,0.12486714326518732,0.2409638553413655,0.6633843358045574,0.406451013798248,0.0,5,0.2388769249522474,166
SNE_9912322.jpg,1,,1,0,0,0,0,0,0,0.59999999988,0.733095852915139,0.0,0.20205604687144638,0.32372181530929645,0.08329260427250428,0.24202127651507088,0.7538553968716808,0.3655279630054304,0.0,4,0.1570965437661367,188
SNE_9912323.jpg,1,,1,0,0,0,0,0,0,0.59999999988,0.6727238858942157,0.0,0.20217189020651413,0.1965445096226,0.11370354135452636,0.23817567559628375,0.6977569136772673,0.40752637438107475,0.0,4,0.2333546871663364,148
SNE_9912325.jpg,1,,1,0,0,0,0,0,0,0.59999999988,0.6843911033486708,0.0,0.19503886436466628,0.5226572637004293,0.09788349247198093,0.24080882344914215,0.7837208074987525,0.3782966805340545,0.0,4,0.2444696778534677,136
SNE_9912327.jpg,1,,1,0,0,0,0,0,0,0.79999999984,0.9302108809004719,0.0,0.19347775297627628,0.22722112336959377,0.07891727553946701,0.1944444443796296,0.8689961182214966,0.3630217550407098,0.024815673643484526,5,0.1839121769529786,153
SNE_9912328.jpg,1,,1,0,0,0,0,0,0,0.39999999992,0.42628334897367326,0.0,0.19278191752139143,0.21523514966897705,0.08338019104029581,0.3064024389222561,0.7696588252779709,0.37513239968963386,0.0,3,0.17944596766568405,164
SNE_9912330.jpg,1,,1,0,0,0,0,0,0,0.39999999992,0.7439990941588862,0.0,0.1900113128198751,0.2370068656252163,0.07548413351454435,0.30080213893716573,0.7625750630376222,0.3821976321956702,0.0,3,0.1546692353752791,187
SNE_9912331.jpg,1,,1,0,0,0,0,0,0,0.39999999992,0.7445072519484588,0.0,0.16810127737741112,0.3246197275076133,0.09573134792843595,0.2397260273173516,0.8568230371935208,0.37608148544636955,0.0,3,0.17340713090487392,219
SNE_9912333.jpg,1,,1,0,0,0,0,0,0,0.79999999984,0.9037350161139501,0.003265142478557928,0.20917712398548782,0.18840063753628286,0.1662486661814887,0.1614583332795139,0.7457712576047358,0.4105233857173184,0.0,5,0.3055507422168136,144
SNE_9912335.jpg,1,,1,0,0,0,0,0,0,0.39999999992,0.716994381479986,0.0,0.18823546917175765,0.2594044493250731,0.09522948035665829,0.2838235293171569,0.780010767630664,0.3733903583632991,0.0,3,0.19387890005287567,170
SNE_9912337.jpg,1,,1,0,0,0,0,0,0,0.9999999998,0.9176192020911578,0.06765963047227043,0.19314674713252805,0.31392312054259996,0.22232815906648426,0.17694805188906929,0.7919725995479867,0.43637141346261327,0.0,6,0.41502137187051935,154
SNE_9912340.jpg,1,,1,0,0,0,0,0,0,0.39999999992,0.691240824116651,0.0,0.19814624157383912,0.3024764002120966,0.1454112119411976,0.23994252865565135,0.7120558011920151,0.4445791235820293,0.0,3,0.24972968297217898,174
SNE_9912342.jpg,1,,1,0,0,0,0,0,0,0.59999999988,0.9481386885957912,0.0,0.18501635845278244,0.30169152475728905,0.14993763598179521,0.27106741563998127,0.7415527030937383,0.4615610619734164,0.0,4,0.28243383497663543,178
SNE_9912347.jpg,1,,1,0,0,0,0,0,0,0.39999999992,0.6141955225242041,0.0,0.20962631542269658,0.3205924516075954,0.10563724784043398,0.2651515150631313,0.7404200294495215,0.3885798355584364,0.0,3,0.1932203389830438,165
SNE_9912349.jpg,1,,1,0,0,0,0,0,0,0.39999999992,0.5485989277872471,0.1706015451184936,0.2060056414981555,0.33280975552258146,0.34433108949727426,0.1839285713672619,0.6669143895359436,0.5286470933748042,0.0,3,0.5900226268720407,140
SNE_9912350.jpg,1,,1,0,0,0,0,0,0,0.59999999988,0.8449003479604029,0.0,0.18198689482290484,0.28006828996442995,0.12602341195623967,0.21700507606979694,0.8202691874831287,0.38580742922982586,0.0,4,0.21741677579432706,197
SNE_9912351.jpg,1,,1,0,0,0,0,0,0,0.59999999988,0.9237638061048312,0.0,0.18204400926387404,0.1360711409652991,0.14814875108128317,0.18130630624587085,0.8716843107236512,0.37761465429658186,0.08775933255270538,4,0.22497164656149346,222
SNE_9912352.jpg,1,,1,0,0,0,0,0,0,0.39999999992,0.5404931056981304,0.0,0.20723452922968932,0.1816534995531055,0.12238427392901305,0.21256038640257646,0.8187856909794239,0.4047595161968793,0.0,3,0.17950200803212274,207
SNE_9912357.jpg,1,,1,0,0,0,0,0,0,0.39999999992,0.6255389299110377,0.0,0.1837355299682725,0.23637430612099614,0.15576352096225374,0.2384020617762027,0.7862626953581535,0.43644295852531234,0.0,3,0.25483712956158644,194
SNE_9912358.jpg,1,,1,0,0,0,0,0,0,0.59999999988,0.8159752584878326,0.0,0.18841675748207137,0.23784047313369136,0.09674849374315336,0.25462962954475304,0.7767680692410407,0.3728758855961633,0.0,4,0.2141630750902199,162
SNE_9912359.jpg,1,,1,0,0,0,0,0,0,0.79999999984,0.9195398871927386,0.013653700236587636,0.20189030157127716,0.34615494024117116,0.1574198379701368,0.2083333332638889,0.7218954640192434,0.4075508270131381,0.0,5,0.32321129041585267,138
SNE_9912360.jpg,1,,1,0,0,0,0,0,0,0.39999999992,0.6763182599518422,0.1004802260867608,0.21705832169166348,0.3549349326380394,0.2411214394552338,0.2584745761850282,0.6636799835160878,0.5535561049628942,0.0,3,0.4708163844479736,118
SNE_9912361.jpg,1,,1,0,0,0,0,0,0,0.39999999992,0.5836172853511994,0.02544837347656977,0.19945700887106593,0.2564376293215389,0.20592788479844343,0.2373417720727848,0.6928129958710166,0.48392960605995305,0.0,3,0.34326223493561697,158
SNE_9912362.jpg,1,,1,0,0,0,0,0,0,0.59999999988,0.9747721521017487,0.1777248211672105,0.20003189277644473,0.25565740280485544,0.3064751430352351,0.23242187492252603,0.7801304052756509,0.5330613201287832,0.0,4,0.6021321961619827,128
SNE_9912364.jpg,1,,1,0,0,0,0,0,0,0.59999999988,0.8908507997680524,0.0,0.19637818279396893,0.32275516704575885,0.12262998565011622,0.2181818181090909,0.8352771496823915,0.3981673423384614,0.0,4,0.23802219979817404,165
SNE_9912365.jpg,1,,1,0,0,0,0,0,0,0.59999999988,0.7919874518593029,0.0,0.19623323081652955,0.34325973848761293,0.07120897207915457,0.29365079355291,0.7723206969580594,0.3782851042353914,0.0,4,0.14526169015486917,189
SNE_9912368.jpg,1,,1,0,0,0,0,0,0,0.79999999984,0.6424010016467221,0.0,0.21443109919647876,0.3793846562545786,0.13401141137760325,0.2651869157994548,0.7522397447507633,0.41277999134466625,0.0,5,0.16796473668511025,214
SNE_9912369.jpg,1,,1,0,0,0,0,0,0,0.19999999996,0.4804746334654618,0.0,0.20502604132042312,0.28097927218282936,0.10195068089143552,0.30519480509307356,0.7339808333152815,0.3996405051030381,0.0,2,0.13815638906547648,231
SNE_9912371.jpg,1,,1,0,0,0,0,0,0,0.59999999988,0.8666121641959873,0.04367711134171536,0.20514219899226563,0.2924005620558725,0.20536635704617384,0.2152777777060185,0.8635479931849833,0.43532379792884535,0.0,4,0.3742510893245932,144
SNE_9912374.jpg,1,,1,0,0,0,0,0,0,0.59999999988,0.39274391260169306,0.02365155593644293,0.16332863065100942,0.3920888585150953,0.13241101809463576,0.24328859052293061,0.7671625627118992,0.4350208950435471,0.0,4,0.34020764511560453,149
SNE_9912376.jpg,1,,1,0,0,0,0,0,0,0.39999999992,0.7809116010823097,0.02258947602483111,0.20282161041213068,0.29259231849590306,0.14906525617096214,0.14999999995,0.7971350393305973,0.4034102787360901,0.0,3,0.33840210926480235,125
SNE_9912377.jpg,1,,1,0,0,0,0,0,0,0.79999999984,0.7971028766715116,0.014400888186146646,0.18935079402140137,0.20196950204880554,0.1437333595007688,0.18933823523100493,0.7998703697623089,0.4084784332239096,0.0,5,0.3244815099308502,136
SNE_9912378.jpg,1,,1,0,0,0,0,0,0,0.59999999988,0.7297451979220698,0.0,0.1983614142209363,0.2873404322479153,0.08465918215479386,0.2845911948736897,0.7657329630650961,0.39175810251607524,0.0,4,0.18020146339862256,159
SNE_9912379.jpg,1,,1,0,0,0,0,0,0,0.9999999998,0.8883000930043985,0.0,0.17794287049987692,0.32761013132032646,0.08093105006482909,0.2633136093796844,0.7905178908863335,0.36885354854398394,0.0,6,0.198270166376353,169
SNE_9912380.jpg,1,,1,0,0,0,0,0,0,0.39999999992,0.8469549459290808,0.0,0.18070188218467267,0.22327399840875004,0.09213466879539646,0.24088541658637153,0.7597637472958161,0.3810816052768946,0.0,3,0.1828548507248816,192
SNE_9912383.jpg,1,,1,0,0,0,0,0,0,0.59999999988,0.5054585156019479,0.0,0.191189254199166,0.3692110074056067,0.10326764778171832,0.19999999993333337,0.7675896195308085,0.39389915151185206,0.0,4,0.29105707809600806,115
SNE_9912384.jpg,1,,1,0,0,0,0,0,0,0.9999999998,0.8960949128212119,0.0,0.18193323773426648,0.2965503506213988,0.09796047473665545,0.19977168943112636,0.7844959692196628,0.36256314256974786,0.0,6,0.16775542200156343,219
SNE_9912386.jpg,1,,1,0,0,0,0,0,0,0.39999999992,0.6539255650848603,0.0,0.20343370077195316,0.32386067024791765,0.10151632359268402,0.2285276072857873,0.7753809323928036,0.391622008560765,0.0,3,0.1775972975886665,163
SNE_9912387.jpg,1,,1,0,0,0,0,0,0,0.39999999992,0.6653575494484347,0.0007477567293613117,0.1881487202767002,0.3476275568092055,0.12020517393951095,0.17741935477956988,0.7720163650614872,0.38473289523047194,0.0,3,0.301271186440662,124
SNE_9912388.jpg,1,,1,0,0,0,0,0,0,0.79999999984,0.6643832350154383,0.0,0.18318569512986962,0.277068475485716,0.07906060691854991,0.22929936298089174,0.8534953293480876,0.36170310138761075,0.0,5,0.18098364836004904,157
SNE_9912389.jpg,1,,1,0,0,0,0,0,0,0.59999999988,0.7893963366041148,0.0,0.18238381654188332,0.4482543735908401,0.09038901601226154,0.22877358482940252,0.7180862210944488,0.379719816626571,0.0,4,0.1742719442165665,212
SNE_9912390.jpg,1,,1,0,0,0,0,0,0,0.59999999988,0.7540774092966468,0.0,0.19693427896190013,0.32946227806770606,0.08500412124446868,0.2073863635672348,0.7724771018902803,0.3711347353716953,0.0,4,0.18376868443730696,176
SNE_9912393.jpg,1,,1,0,0,0,0,0,0,0.39999999992,0.6330103615962701,0.0,0.1870505378720775,0.2879349962697608,0.042125742962319114,0.2983870966747312,0.7767928733591059,0.34913086296569823,0.0,3,0.16673926300199884,124
SNE_9912394.jpg,1,,1,0,0,0,0,0,0,0.39999999992,0.6418098850361991,0.0,0.20663357718675082,0.28827815594813566,0.0869377102193276,0.234374999921875,0.8315958019138986,0.37841161164486486,0.012003889170803842,3,0.16109785202863428,160
SNE_9912399.jpg,1,,1,0,0,0,0,0,0,0.59999999988,0.7954640279971208,0.0,0.1868933391725734,0.23371141791927735,0.10981156594259929,0.2788461537532051,0.8169850866293931,0.37585312774903173,0.0,4,0.21608895220005475,156
SNE_9912400.jpg,1,,1,0,0,0,0,0,0,0.59999999988,0.7709313617158431,0.0,0.17190675821696325,0.3769785737031341,0.08277861721775834,0.1805555554953704,0.8320799571477973,0.3507528425078877,0.0,4,0.25928043451626337,126
SNE_9912402.jpg,1,,1,0,0,0,0,0,0,0.39999999992,0.8188684054555616,0.0,0.20078528202412863,0.25559664841138274,0.0619357558715149,0.2671428570538095,0.777397877287636,0.33804478835933066,0.0,3,0.13354230415204785,175
SNE_9912404.jpg,1,,1,0,0,0,0,0,0,0.59999999988,0.589935066999032,0.0,0.21103615052710026,0.25925527709047147,0.05814151467261308,0.24768518510262347,0.706262983434454,0.37154268944738456,0.0,4,0.19573605643683223,108
SNE_9912410.jpg,1,,1,0,0,0,0,0,0,0.19999999996,0.46761319821592806,0.0,0.19639451690796303,0.28416284477516224,0.08822395856942693,0.3420245397632925,0.7681265473115865,0.3730638227631203,0.0,2,0.18421830361540129,163
SNE_9912411.jpg,1,,1,0,0,0,0,0,0,0.59999999988,0.9774487221215727,0.0,0.18742082748172367,0.318126425591342,0.10040826320248641,0.21923076915769232,0.8293831801235496,0.3684679147306603,0.009680593948045806,4,0.176135516387815,195
SNE_9912414.jpg,1,,1,0,0,0,0,0,0,0.39999999992,0.7368109428207561,0.019573175793450272,0.1973799426562747,0.3802913896319611,0.18775900144494787,0.22741935476290326,0.7424673763267695,0.4464465048854009,0.0,3,0.3332743988684386,155
SNE_9912415.jpg,1,,1,0,0,0,0,0,0,0.79999999984,0.7257184164229192,0.06251871109750794,0.19535614924619468,0.35107307296789825,0.17505338157883313,0.18277310918277312,0.7515595360325666,0.4103774358361193,0.0,5,0.4062818089282822,119
SNE_9912418.jpg,1,,1,0,0,0,0,0,0,0.39999999992,0.8378700701501598,0.044016133809125495,0.2088206376126849,0.28954367101227935,0.16737310369982805,0.1743119265474006,0.7914897253642863,0.42307783112642866,0.0,3,0.37482742751952947,109
SNE_9912419.jpg,1,,1,0,0,0,0,0,0,0.59999999988,0.7289761007188101,0.05230978257790964,0.19479275248098504,0.3907752086813957,0.17977688785133397,0.14038461533782054,0.7329725839571049,0.3761502164510378,0.0,4,0.38892663043475617,130
SNE_9912420.jpg,1,,1,0,0,0,0,0,0,0.59999999988,0.826790903882999,0.0,0.19433446135868973,0.24346597447340734,0.08729387731844478,0.2611464967282378,0.8177437946364351,0.37142396693379137,0.0,4,0.18610085684288324,157
SNE_9912421.jpg,1,,1,0,0,0,0,0,0,0.79999999984,0.7977809363305879,0.023535254180522318,0.18491768565607455,0.4218011005513551,0.2014799454991656,0.1885714285085714,0.8104056029433069,0.40676561442784787,0.0,5,0.3400099321304232,175
SNE_9912422.jpg,1,,1,0,0,0,0,0,0,0.19999999996,0.7016445334112793,0.0,0.18950014543592544,0.08116046103129414,0.07598616910049528,0.22558139527364338,0.7781689358404107,0.3676100322605195,0.0,2,0.1422823368947456,215
SNE_9912423.jpg,1,,1,0,0,0,0,0,0,0.39999999992,0.9641775972250253,0.0,0.21567781638546846,0.28360882755582884,0.13858419341755618,0.19852941169852945,0.8675290772068351,0.3965338289531279,0.17781956792597883,3,0.2130278680116168,170
SNE_9912425.jpg,1,,1,0,0,0,0,0,0,0.59999999988,0.7086611320701175,0.0,0.2101359843310516,0.30989752048087404,0.07759321924466561,0.3097826085923913,0.8246200015125468,0.3737438609866098,0.0,4,0.17947430702477213,138
SNE_9912426.jpg,1,,1,0,0,0,0,0,0,0.39999999992,0.4925443303004189,0.0,0.2018731699413878,0.33303671422367415,0.12358167483132944,0.253623188321256,0.7784871595643997,0.3906778222509739,0.0,3,0.25328739870928946,138
SNE_9912429.jpg,1,,1,0,0,0,0,0,0,0.79999999984,0.7926961969382122,0.0,0.1735386092722074,0.2718817853491068,0.16200699170060942,0.31794871784273504,0.8118411488615185,0.42122202097411526,0.0,5,0.25020913501755687,195
SNE_9912430.jpg,1,,1,0,0,0,0,0,0,0.59999999988,0.5019701754796027,0.06679930008236729,0.19453481234095013,0.38549826930188175,0.19173216142345753,0.21138211375067747,0.8611134081737374,0.4368120557671616,0.0,4,0.41355881020682367,123
SNE_9912431.jpg,1,,1,0,0,0,0,0,0,0.59999999988,0.8489277058035714,0.4418881238991396,0.17200899073578715,0.4100609857054213,0.4794410619510855,0.10040983603210384,0.7880670194425502,0.4489896322461216,0.0,4,1.0512098110704255,122
SNE_9912432.jpg,1,,1,0,0,0,0,0,0,0.59999999988,0.6842237175092851,0.011945481258650624,0.17669023411837306,0.10619647107157293,0.15973329297776317,0.22089041088527397,0.8608290504923293,0.36765382118803064,0.0,4,0.32030731815165153,146
SNE_9912433.jpg,1,,1,0,0,0,0,0,0,1.0,0.849064224251885,0.036370248403694516,0.19396735743206212,0.1023308897746513,0.20627534399118766,0.23479729721903153,0.8209800928179994,0.45787701372808226,0.0,8,0.3618294223226509,148
SNE_9912434.jpg,1,,1,0,0,0,0,0,0,0.59999999988,0.9242373994699105,0.0,0.19996235948742408,0.2565431374736727,0.12022173320967068,0.16521739124927537,0.7433855315409102,0.38863048932437855,0.0,4,0.28449851496457135,115
SNE_9912435.jpg,1,,1,0,0,0,0,0,0,0.79999999984,0.790460707352098,0.0,0.19547837908967955,0.27985832141231937,0.07285992945514572,0.2660818712563353,0.7945852097026673,0.35235613229186447,0.0,5,0.14685295183914368,171
SNE_9912436.jpg,1,,1,0,0,0,0,0,0,0.79999999984,0.8037431834181552,0.029377600506317526,0.1859087326301104,0.3927770710487034,0.22891535248960992,0.1885714285085714,0.8278028285668275,0.41528725986008885,0.0,5,0.3499419208901174,175
SNE_9912437.jpg,1,,1,0,0,0,0,0,0,0.59999999988,0.6534863689692955,0.0,0.19878548783592537,0.4133251926680792,0.15882153131221147,0.19547872333909577,0.8414367823254953,0.41589793133772934,0.0,4,0.2395178869085678,188
SNE_9912438.jpg,1,,1,0,0,0,0,0,0,0.59999999988,0.8200196398431115,0.0,0.2063517903169419,0.23116697108683387,0.08665536631613793,0.2351694914470339,0.7815181678048272,0.38675800348180506,0.0,4,0.21768188750335438,118
UI_121733.jpg,1,,0,0,0,1,0,0,0,0.19999999996,0.7984869984150187,0.008788748136029334,0.17609931729659684,0.26754942820087124,0.1236921485985187,0.37848605565073035,0.4109046381443541,0.4931974649168962,0.0,2,0.3149408718400386,251
UI_121805.jpg,1,,0,0,0,1,0,0,0,0.0,0.12020119844250708,1.0,0.16170121427226786,0.36356310994027696,0.6662600205981226,0.09469696966540407,0.433940447961889,0.5208943434313926,0.0,1,7.2061258278115865,66
UI_121812.jpg,1,,0,0,0,1,0,0,0,0.19999999996,0.7250061253870068,0.0836383812826273,0.14756589794839362,0.2054452613209917,0.12388727615448447,0.33789062488736976,0.4887452356020874,0.48906466429194995,0.1205904171877035,2,0.44218524826410477,256
UI_181585.jpg,1,,0,0,0,1,0,0,0,0.39999999992,0.7048611105989583,0.0,0.1773184636628757,0.30894289907486183,0.05892448512127608,0.4358974357521367,0.5466038260884645,0.41431312591977804,0.7003623095023949,3,0.27388586956521,156
